dataset,QM,qT,combined_q16,combined_median,combined_q84,pdf_q16,pdf_q50,pdf_q84
E288_200,8.5,0.1,0.0118815202458068,0.0121470220315492,0.0123643379007643,0.009926452779542334,0.011626270499499172,0.013627196725651429
E288_200,8.5,0.1161616161616161,0.0137292747983499,0.0140360955393102,0.0142868452231029,0.011470230273623079,0.01343401777315391,0.015746041009141766
E288_200,8.5,0.1323232323232323,0.0155449725989264,0.0158921661498765,0.0161747209063722,0.012987056636645455,0.015210028530576304,0.017827677504332465
E288_200,8.5,0.1484848484848485,0.0173250113513818,0.0177106693489306,0.0180247116691833,0.014473202924375818,0.016949909994043416,0.019866956918170676
E288_200,8.5,0.1646464646464646,0.0190658580301347,0.0194885700835174,0.0198319182882649,0.0159262993254781,0.01865074687560779,0.021860456664920164
E288_200,8.5,0.1808080808080808,0.0207637722687843,0.0212228487638584,0.0215942125282236,0.017343823307631352,0.02030962700935411,0.02380476575706627
E288_200,8.5,0.1969696969696969,0.0224158476196588,0.0229067137503893,0.0233056014672737,0.01872021545331321,0.02192003547546778,0.025692247177488768
E288_200,8.5,0.2131313131313131,0.0240181182243808,0.0245392084104738,0.0249647559256597,0.020054696932486106,0.023481040031094993,0.02752180783945218
E288_200,8.5,0.2292929292929293,0.0255651535570996,0.0261188822375844,0.026567337394625,0.021346093095066788,0.024991240342639692,0.029291806581139914
E288_200,8.5,0.2454545454545454,0.0270566055350164,0.0276424931155766,0.0281118907951091,0.022591751955502958,0.02644751779725011,0.030998581274833348
E288_200,8.5,0.2616161616161616,0.0284887976132218,0.0291066532912778,0.0295912035437874,0.023788914363566664,0.02784662068599967,0.032638327580045055
E288_200,8.5,0.2777777777777778,0.0298600584836753,0.0305043744518143,0.0310036783663238,0.02493186401757381,0.02918184767378336,0.03420318230660854
E288_200,8.5,0.2939393939393939,0.0311615882453174,0.0318346559454354,0.0323509012560707,0.026019788337247343,0.030452233581432724,0.03569201827831727
E288_200,8.5,0.3101010101010101,0.0323994245482995,0.0330943847695807,0.033625837467213,0.027050148684908945,0.03165360721802395,0.03710133185995935
E288_200,8.5,0.3262626262626262,0.033568324876482,0.0342822324233563,0.034832646609406,0.02802186934056868,0.03278443305109628,0.03842963411692625
E288_200,8.5,0.3424242424242424,0.0346678161292019,0.0354072250832116,0.0359656648667234,0.028942313211564697,0.03385443025828141,0.039687020181796574
E288_200,8.5,0.3585858585858585,0.0357025458941032,0.0364610414589649,0.0370274116340017,0.029804686735738235,0.03485563993710173,0.04086416078457422
E288_200,8.5,0.3747474747474747,0.0366707973842111,0.0374365545466231,0.038011572995602,0.03059957443915714,0.03578124297322523,0.04195306793229341
E288_200,8.5,0.3909090909090909,0.0375611520799499,0.0383381379679453,0.0389204799068801,0.03133224321294341,0.03663540825810798,0.042958632744328346
E288_200,8.5,0.407070707070707,0.0383743482867176,0.0391696893874169,0.0397591174753266,0.032007226583136816,0.037421863610529314,0.04388522843758825
E288_200,8.5,0.4232323232323232,0.0391257064509374,0.0399307825986072,0.0405195555938661,0.032624185486243226,0.0381402011459505,0.04473237272126555
E288_200,8.5,0.4393939393939394,0.0398003773505538,0.0406152143755851,0.041201126819143,0.033178051448100425,0.03878449234568503,0.04549312268181734
E288_200,8.5,0.4555555555555556,0.0404027826463004,0.0412282715354444,0.0418057210840621,0.03367313554353033,0.039359788936215175,0.04617338371556308
E288_200,8.5,0.4717171717171717,0.0409339369341286,0.0417685251431173,0.042343813385817,0.03410828781946536,0.03986474476201205,0.04677158792119264
E288_200,8.5,0.4878787878787879,0.0414048709283382,0.0422422165548037,0.0428072778425902,0.03448860401332179,0.04030531763452222,0.047294724841019355
E288_200,8.5,0.5040404040404041,0.0418041707314539,0.0426419699249914,0.0431978255432205,0.03480806968633717,0.04067448060811412,0.047734525728847066
E288_200,8.5,0.5202020202020202,0.0421319551173848,0.0429639221377893,0.0435223393567908,0.03506354097191301,0.040968568533064575,0.04808668896616414
E288_200,8.5,0.5363636363636364,0.042401618958658,0.0432355790726678,0.0437827170337919,0.035277471308647466,0.04121653238618446,0.04838201140009791
E288_200,8.5,0.5525252525252525,0.0426135845718554,0.0434352002773186,0.0439767617934299,0.03543213330061787,0.04142355553250188,0.04859617244464566
E288_200,8.5,0.5686868686868687,0.0427575935739588,0.0435726550896172,0.0441101148548427,0.03553559790449587,0.0415722873971221,0.048740236634716036
E288_200,8.5,0.5848484848484848,0.0428315093616456,0.0436426739149765,0.0441812862123225,0.035583575162829756,0.041657662192309125,0.04880831303773106
E288_200,8.5,0.601010101010101,0.0428550131413201,0.0436535630907529,0.0441900711503733,0.035582844755876086,0.0416875698813595,0.04880971634712957
E288_200,8.5,0.6171717171717171,0.0428279173958626,0.0436053261371349,0.0441334632391343,0.03553345493226396,0.04166198822539529,0.04874447005081111
E288_200,8.5,0.6333333333333333,0.0427501913573176,0.043508873483959,0.0440189750129281,0.035444279368413475,0.041591302166607814,0.04862478576049753
E288_200,8.5,0.6494949494949495,0.0426189297163393,0.043352375961304,0.0438526055695029,0.03530571107139022,0.041464163789723764,0.04843745557614088
E288_200,8.5,0.6656565656565656,0.0424409270462743,0.0431454233942111,0.0436387285867145,0.03512558444551671,0.04128971034596809,0.04819323034733096
E288_200,8.5,0.6818181818181818,0.0422370647788112,0.0429158705920119,0.0434067834171231,0.03492659226995693,0.04109455948394471,0.047923242503941296
E288_200,8.5,0.6979797979797979,0.0419806830313535,0.0426351628063893,0.0431157996537512,0.03468549404481623,0.04085135644351389,0.0475955960017385
E288_200,8.5,0.7141414141414141,0.0416971509629225,0.0423143509381969,0.0427889875627644,0.03441130789134666,0.04057064003414012,0.04722266711955447
E288_200,8.5,0.7303030303030302,0.0413791173932964,0.0419636374202166,0.0424366703247215,0.034112347701633565,0.04026215263538131,0.04681585931050418
E288_200,8.5,0.7464646464646464,0.041032726358477,0.0415862984659107,0.0420589184045716,0.033791282739328875,0.03992900984992793,0.04637882628341834
E288_200,8.5,0.7626262626262627,0.0406216187572189,0.0411588232011679,0.041623443249311,0.03342903894888122,0.039548611586329746,0.045885396409761685
E288_200,8.5,0.7787878787878788,0.0401900089527979,0.0407032014078648,0.0411635380897354,0.03304350432249879,0.039142006106523936,0.045365565583078284
E288_200,8.5,0.794949494949495,0.0397258355588249,0.0402239190373342,0.0406865227384492,0.03263833285940512,0.03871346816033724,0.04484986063674241
E288_200,8.5,0.8111111111111111,0.0392326277445192,0.0397122649353054,0.0401678055554856,0.032206480082648925,0.038254572726540495,0.04429853086801632
E288_200,8.5,0.8272727272727273,0.0386970804027684,0.0391674109960114,0.0396179007603028,0.0317473118696364,0.03776445458739953,0.04371063522058682
E288_200,8.5,0.8434343434343434,0.0381477576248502,0.038615868938417,0.039074616851561,0.031282333218562206,0.03726861914381199,0.04311571207426085
E288_200,8.5,0.8595959595959596,0.0376570952966802,0.0381239523855875,0.0385793464486518,0.03086524524420834,0.0368311296876555,0.04258784758554117
E288_200,8.5,0.8757575757575757,0.0370930646316594,0.0375609313198546,0.0380170223541504,0.03039017490663456,0.03632573272111061,0.04198102814501495
E288_200,8.5,0.8919191919191919,0.0365460514519898,0.0370133916053279,0.0374675355121265,0.02992724415945702,0.035779193751686846,0.04139197105887698
E288_200,8.5,0.908080808080808,0.0359896302445835,0.0364667042226919,0.0369202225341584,0.02946459084978375,0.03522986987094401,0.04080431858486656
E288_200,8.5,0.9242424242424242,0.0353736218278596,0.0358771612716271,0.0363174247330303,0.028966946127897086,0.034638774369580266,0.040169161499925506
E288_200,8.5,0.9404040404040404,0.0347902856490928,0.0352790256503424,0.0357284170235568,0.02844543534599585,0.03403904924972012,0.03952477151821963
E288_200,8.5,0.9565656565656564,0.0341673265390405,0.0346785147185038,0.0351351203321935,0.027911927594776557,0.033436711512855925,0.038878096603845155
E288_200,8.5,0.9727272727272728,0.0335591792628928,0.0340841191449374,0.0345591762807457,0.027382675025894695,0.03283996012990815,0.038238636612446336
E288_200,8.5,0.9888888888888888,0.0329534001760664,0.033499529164644,0.0339860034327368,0.02686064367417875,0.03229419450778197,0.03761054495890251
E288_200,8.5,1.0050505050505052,0.0323792099619052,0.0329479515080688,0.0334334015359849,0.026364398851169063,0.031783380383412746,0.037019880964227196
E288_200,8.5,1.0212121212121212,0.031816704650366,0.0324028291865336,0.0329136759371733,0.02587262255647078,0.031279044555674075,0.03643684917631499
E288_200,8.5,1.0373737373737375,0.0312683142365392,0.031860017834632,0.0323764112351994,0.02538203515086869,0.030777175684704377,0.0358567766132979
E288_200,8.5,1.0535353535353535,0.0307177928039474,0.0313163571677888,0.0318511864720857,0.024890185335463968,0.03027469685572257,0.035276074284370344
E288_200,8.5,1.0696969696969698,0.0301695896312388,0.0307873848336699,0.0313366452812293,0.02440947485848575,0.029776601400872463,0.0347122060972743
E288_200,8.5,1.085858585858586,0.0296514241565627,0.0302795627333136,0.0308470386911982,0.023945031529882525,0.029263513987061465,0.034172462983778885
E288_200,8.5,1.102020202020202,0.0291441460602658,0.0297846550021118,0.0303691637352413,0.023490343897878803,0.028762792549429896,0.033650838618301024
E288_200,8.5,1.1181818181818182,0.0286223152580513,0.0292916077130144,0.029877501922646,0.02303675213676987,0.028306318453416256,0.03315426976874854
E288_200,8.5,1.1343434343434344,0.0281399984003971,0.0288158912437087,0.029420526946364,0.02259653248894748,0.027860738857331133,0.03267753245483172
E288_200,8.5,1.1505050505050507,0.0276564752339128,0.0283450349595059,0.0289660779407866,0.02215997507561111,0.027354305160810614,0.03220639182986304
E288_200,8.5,1.1666666666666667,0.0271829899552153,0.0278874734304719,0.0285148472914981,0.021733811692628963,0.02686079590982407,0.03175031334648686
E288_200,8.5,1.182828282828283,0.026724828154838,0.0274385506534173,0.0280859173378014,0.02131454377346578,0.026382764054391314,0.03130387865326624
E288_200,8.5,1.198989898989899,0.0262719937644552,0.0270027437744283,0.0276559260680743,0.020907118207822095,0.02596863157765424,0.030872041857203287
E288_200,8.5,1.215151515151515,0.0258529481063716,0.0265901248880183,0.0272563226591654,0.020571444450228443,0.025578710955988203,0.030466178288231737
E288_200,8.5,1.2313131313131314,0.0254250390748793,0.0261729755156882,0.0268612228199798,0.020243981269928185,0.02518430098944534,0.030054380019761767
E288_200,8.5,1.2474747474747476,0.0250146651007084,0.0257653701053338,0.0264611042290374,0.01992383258910688,0.024798906004682188,0.029652511506167645
E288_200,8.5,1.2636363636363637,0.0246198182208695,0.0253775075361186,0.0260764171846318,0.019618887559226403,0.02443231093046367,0.029272075089136512
E288_200,8.5,1.27979797979798,0.0242506577096719,0.0250217439283992,0.0257256931493755,0.019338706281949298,0.02409640199465495,0.028927197161383478
E288_200,8.5,1.295959595959596,0.0238976465192009,0.0246775002024102,0.0253871480027636,0.019067385035233933,0.023771329112429948,0.028593907461085706
E288_200,8.5,1.3121212121212122,0.0235615514875789,0.0243505239732638,0.0250578843756712,0.01880938459766028,0.023462614165367542,0.02819641790741651
E288_200,8.5,1.3282828282828285,0.0232336193049207,0.0240223781483517,0.0247368404891461,0.018550470899486003,0.023152446464938248,0.027790599904497188
E288_200,8.5,1.3444444444444446,0.0229238368606115,0.0237092778103665,0.024415093866046,0.018303196181981472,0.022856423052656852,0.027403337124319506
E288_200,8.5,1.3606060606060606,0.0226174454238775,0.0234047023788127,0.0241150107974749,0.018062543076648792,0.02256822829074148,0.027044529641700853
E288_200,8.5,1.3767676767676769,0.0223179112725946,0.0231033505448917,0.0238203743832909,0.017824445968414173,0.0222827170563697,0.026747178241011783
E288_200,8.5,1.392929292929293,0.0220202382018457,0.0228130271949267,0.023527935260843,0.017594956859024347,0.022031499938285678,0.026459328541651807
E288_200,8.5,1.4090909090909092,0.0217318897230103,0.0225285106239714,0.0232399279320428,0.017370071349730107,0.021785581431976078,0.02617468175645224
E288_200,8.5,1.4252525252525254,0.021444968132128,0.022253711093374,0.0229591031623459,0.017155646593050997,0.0215464019433483,0.025897553268091855
E288_200,8.5,1.4414141414141417,0.0211803423750247,0.0219863953405053,0.0226796921079169,0.016950432805755297,0.021311699524442222,0.025625186943836947
E288_200,8.5,1.4575757575757575,0.0209098193046682,0.0217215501845329,0.02239768665334,0.01674666137839568,0.02107652337247416,0.02535158360230973
E288_200,8.5,1.4737373737373738,0.020648304510488,0.0214580156654012,0.0221178621498283,0.016543458730973865,0.02083969194883791,0.025075292117626626
E288_200,8.5,1.48989898989899,0.0203876477605553,0.0211957775482453,0.0218462999811577,0.016340820406788976,0.02060116478384295,0.024796225097669312
E288_200,8.5,1.506060606060606,0.0201392490286919,0.0209360986355425,0.0215719556369467,0.01613974049734907,0.020362190399194253,0.024515875886849312
E288_200,8.5,1.5222222222222224,0.0198908236048207,0.0206856745319095,0.0213031749653755,0.015945406137778638,0.020129348771499172,0.024242156896034504
E288_200,8.5,1.5383838383838384,0.0196523440127112,0.0204322698644434,0.0210364422727363,0.01574841918973968,0.019890838303039372,0.023971110400353088
E288_200,8.5,1.554545454545455,0.0193995273047988,0.0201797382098282,0.0207639010173036,0.015551781953901129,0.019650540865755486,0.023700118311202292
E288_200,8.5,1.5707070707070707,0.0191467379708107,0.0199269712779291,0.0204919882915022,0.01535467811150217,0.019407541534790736,0.023419372941726396
E288_200,8.5,1.586868686868687,0.0189054148813317,0.0196747486662732,0.0202100941186623,0.01515775062604937,0.019162791976402395,0.02313051905216544
E288_200,8.5,1.603030303030303,0.0186539154349951,0.0194062143605798,0.0199313314552378,0.01494805684862431,0.018900094254512292,0.02281451880085132
E288_200,8.5,1.6191919191919193,0.0183963158748304,0.0191485519237888,0.0196544605272213,0.014746581622314394,0.01864615696596334,0.022504212555853154
E288_200,8.5,1.6353535353535351,0.0181395552191459,0.0188845272403101,0.0193701621402425,0.014540093736072046,0.018384438319568566,0.022180243532000144
E288_200,8.5,1.6515151515151516,0.0178748412908313,0.0186140064936043,0.0190785288643062,0.014328527155819193,0.018115054647114163,0.021845002768337677
E288_200,8.5,1.667676767676768,0.0176136786078469,0.018343747469045,0.0187859518740634,0.014117134318826725,0.017844839557618824,0.021520639104172203
E288_200,8.5,1.683838383838384,0.0173553062360509,0.0180678104945471,0.0184885665477297,0.013901374074001233,0.017568248686181794,0.02118820916971626
E288_200,8.5,1.7,0.0170814541332041,0.0177871207025433,0.0181827049522061,0.013681991966522051,0.017286416093508474,0.02084913003788457
E288_400,12.5,0.1,0.0013991037058642,0.0014155465169594,0.0014317785670584,0.0006619219398876272,0.0014639741691234683,0.002265431085961466
E288_400,12.5,0.1222222222222222,0.0017059729692053,0.0017260534485829,0.0017458691037663,0.000807141080584959,0.0017850734450976832,0.002761979695797606
E288_400,12.5,0.1444444444444444,0.002010545097335,0.0020340830167629,0.0020574841187455,0.0009512160769922414,0.002103565027214011,0.003254334764823591
E288_400,12.5,0.1666666666666666,0.0023124193837174,0.002339280680532,0.002366240869992,0.0010939830607779029,0.00241909258657638,0.003741887952745994
E288_400,12.5,0.1888888888888888,0.0026108879489938,0.0026411335970194,0.0026717374972771,0.0012352047950429884,0.0027311209312090865,0.00422377990439813
E288_400,12.5,0.2111111111111111,0.0029058453675925,0.0029392994363074,0.0029734939098411,0.001374723827856196,0.0030392909117120176,0.004699424151104514
E288_400,12.5,0.2333333333333333,0.0031966599774639,0.0032333823828043,0.0032710210643284,0.0015123568751877691,0.0033431883057347686,0.0051681480262803356
E288_400,12.5,0.2555555555555555,0.0034832992116728,0.0035230162858597,0.0035640578496484,0.0016479350217595903,0.003642429481144946,0.005629330791291634
E288_400,12.5,0.2777777777777778,0.003764827099503,0.0038075301897967,0.0038520624123063,0.0017811463932542676,0.003936316278523256,0.006081861784282749
E288_400,12.5,0.3,0.0040405717550834,0.0040871420519607,0.0041351597023337,0.001912095562248775,0.004225068823651427,0.006526056012628188
E288_400,12.5,0.3222222222222222,0.0043106610998963,0.0043606016783417,0.0044120034250247,0.002040198953024944,0.004507390624438608,0.006959879408536917
E288_400,12.5,0.3444444444444444,0.0045748980578816,0.0046280709569016,0.0046830019609038,0.0021655341586474136,0.004783445011876139,0.007383559803751069
E288_400,12.5,0.3666666666666666,0.0048334727621142,0.0048891863575206,0.0049477320882851,0.0022879333376878506,0.0050528513953243094,0.00779648573263317
E288_400,12.5,0.3888888888888888,0.0050847568062447,0.0051441738928557,0.0052050949951561,0.0024075034835272157,0.005315840078842227,0.00819898522863218
E288_400,12.5,0.4111111111111111,0.0053293691331418,0.0053917202607063,0.0054555874633123,0.0025236317312923736,0.005571049508782467,0.008588936173884976
E288_400,12.5,0.4333333333333333,0.0055664239929454,0.005631874932273,0.0056983508786435,0.0026363430347653163,0.005818527922345485,0.008966391437338546
E288_400,12.5,0.4555555555555555,0.0057960497385573,0.0058644509402303,0.0059337515662395,0.0027455497685370048,0.006058078343479727,0.009331025835878779
E288_400,12.5,0.4777777777777777,0.0060172368693013,0.0060886720243609,0.0061612911630263,0.0028508909025893128,0.006288894603226317,0.009681580655396744
E288_400,12.5,0.5,0.0062309820306732,0.0063050351296935,0.0063799977423058,0.002952599430783766,0.006511489863373029,0.010018824743950884
E288_400,12.5,0.5222222222222221,0.006436062063313,0.0065128038272115,0.0065909548843256,0.00305033194343164,0.0067250970907112295,0.010341565690134936
E288_400,12.5,0.5444444444444444,0.006632331656488,0.0067120970208926,0.0067931588636793,0.003144144296564187,0.006929840817428036,0.01064997669005454
E288_400,12.5,0.5666666666666667,0.0068198132971489,0.0069022771054528,0.006986319051915,0.0032337380057682655,0.00712505617733708,0.010943025164070927
E288_400,12.5,0.5888888888888888,0.0069986574993352,0.0070832845932903,0.0071691034942768,0.003319086941724186,0.00731068496047541,0.011220606437599045
E288_400,12.5,0.611111111111111,0.0071680607156442,0.0072550216112091,0.0073442010384461,0.0034001441501714425,0.0074866199781217155,0.011482552042646811
E288_400,12.5,0.6333333333333332,0.0073270208943285,0.007417487367173,0.0075083523639823,0.003476910144170435,0.0076528613189943955,0.011728851246528109
E288_400,12.5,0.6555555555555554,0.0074768439162927,0.0075711047381634,0.0076638892100295,0.0035495817744834804,0.007809843098501363,0.011960161968317019
E288_400,12.5,0.6777777777777777,0.0076168866586256,0.0077134731727224,0.0078095296692462,0.003617034823596172,0.007955088412673745,0.012172686718669152
E288_400,12.5,0.7,0.0077465790664644,0.0078459550190753,0.0079446016059467,0.003679906856806617,0.00809000330239611,0.012368578963416439
E288_400,12.5,0.7222222222222221,0.0078684847054647,0.0079684725360332,0.008070450088996,0.0037381599325761157,0.008214506255704215,0.012547714279094528
E288_400,12.5,0.7444444444444444,0.0079786443268806,0.0080817381256646,0.0081852820777214,0.00379212822649449,0.008329333650577217,0.012711216798942642
E288_400,12.5,0.7666666666666666,0.0080796173976937,0.0081850968819309,0.0082891023059646,0.0038415034248334757,0.008433808359203333,0.012858056936695178
E288_400,12.5,0.7888888888888888,0.0081694308382701,0.0082770333056311,0.0083832133511565,0.0038855737143271545,0.008526371898299748,0.012985866854410942
E288_400,12.5,0.811111111111111,0.008250323137252,0.0083585068396011,0.0084684079260558,0.003924786056403398,0.0086080143608003,0.013096165557836822
E288_400,12.5,0.8333333333333333,0.0083196776296935,0.0084307159996075,0.0085429218741764,0.003959703771032426,0.008679970863759752,0.013190846086839597
E288_400,12.5,0.8555555555555554,0.0083790995895437,0.0084917829331847,0.0086082158491209,0.003989440160782068,0.008740308859837091,0.013266981820177912
E288_400,12.5,0.8777777777777777,0.0084277601713032,0.0085426694385466,0.008660912468595,0.00401444796963502,0.008790025491160773,0.013326103357422889
E288_400,12.5,0.8999999999999999,0.008467427176766,0.0085817112194135,0.0087044790933178,0.004033940218226715,0.008827407826954532,0.013365641027170173
E288_400,12.5,0.922222222222222,0.0084957439742377,0.0086117605381452,0.0087389247263381,0.004049255290906967,0.00885539425490289,0.013390066306457235
E288_400,12.5,0.9444444444444444,0.0085162712824088,0.0086332820465543,0.0087628708581418,0.004060610874938667,0.00887446881621257,0.0134001288641755
E288_400,12.5,0.9666666666666666,0.0085237635411195,0.008644232396842,0.0087754274343446,0.004067042106942284,0.008876804419196402,0.013393055971237676
E288_400,12.5,0.9888888888888888,0.0085242429240137,0.0086435335725005,0.0087788590550895,0.004068038029978728,0.008861320222731738,0.013393478760299582
E288_400,12.5,1.011111111111111,0.0085154326777722,0.0086343601685519,0.0087730022323411,0.004065090526203587,0.008836523939893587,0.01338085385137522
E288_400,12.5,1.0333333333333332,0.0084974368980703,0.0086161156056127,0.0087583043829366,0.004057913721829852,0.008801819812369575,0.013354245366010962
E288_400,12.5,1.0555555555555556,0.0084700890106436,0.0085882946676332,0.0087316058076567,0.004046266856274916,0.008756720298490695,0.013312875250894148
E288_400,12.5,1.0777777777777775,0.0084328096966614,0.0085505483290326,0.00870048319756,0.004029982383383549,0.0087009015786608,0.013256199021898049
E288_400,12.5,1.1,0.0083866076689437,0.0085051792810014,0.0086545361910477,0.004010140566728739,0.00863673703050523,0.013187785261829139
E288_400,12.5,1.1222222222222222,0.0083304339307908,0.0084501208835496,0.0086033352994729,0.003985762026180845,0.008562157647426924,0.013104427355430314
E288_400,12.5,1.1444444444444444,0.0082685042097753,0.0083860266033796,0.0085439941359533,0.003957151726230958,0.008477867661955343,0.01300713869393881
E288_400,12.5,1.1666666666666663,0.008195806162849,0.0083142149232456,0.008477476938622,0.003924925912307335,0.008385235796863226,0.01289795556808083
E288_400,12.5,1.1888888888888889,0.0081151653402454,0.0082346290266112,0.0083999590133266,0.003889054324746951,0.008291817442634717,0.012776795204759266
E288_400,12.5,1.211111111111111,0.0080265331751735,0.0081481888282945,0.0083160118392217,0.003849965045396109,0.008193914823459766,0.012645075795457449
E288_400,12.5,1.2333333333333334,0.0079326283638889,0.0080517881710268,0.0082258418245959,0.0038061864861146464,0.008085761259657997,0.01249797751568222
E288_400,12.5,1.2555555555555555,0.0078323030824372,0.0079508343111687,0.0081280253015898,0.003760268119180367,0.007972812510669856,0.012343888406017717
E288_400,12.5,1.2777777777777777,0.0077241603501669,0.0078433371641619,0.0080248526079707,0.003716995745337756,0.007853090626574404,0.012179714122764924
E288_400,12.5,1.3,0.0076095895794148,0.0077291264632076,0.0079141686549178,0.0036720211642205123,0.007738999502553595,0.012005192641375211
E288_400,12.5,1.3222222222222222,0.0074899104565317,0.0076090771801273,0.0077970649533284,0.003624383911905942,0.007624126464800487,0.011821672975951698
E288_400,12.5,1.3444444444444443,0.0073639557339288,0.0074828018245541,0.0076723708979881,0.0035738774114581276,0.0074990215082170126,0.011621168769948653
E288_400,12.5,1.3666666666666667,0.0072331597253929,0.0073511049397899,0.0075419419438007,0.003520861132256183,0.007355950698786219,0.011408315834743407
E288_400,12.5,1.3888888888888888,0.0070969829095079,0.0072129939599673,0.0074064708105225,0.0034648347881699915,0.007206355872254603,0.011185468262063947
E288_400,12.5,1.411111111111111,0.0069550867299768,0.0070714118888771,0.0072668863151238,0.0034071856881749594,0.007053204985771,0.010957214028415492
E288_400,12.5,1.4333333333333331,0.006809436102005,0.0069245452309857,0.0071212499354976,0.0033470153433486885,0.006894713166069158,0.010720764383303397
E288_400,12.5,1.4555555555555555,0.0066606356648441,0.0067729239920562,0.0069737898152241,0.0032845512079499343,0.006731440729025318,0.010476966086422934
E288_400,12.5,1.4777777777777776,0.0065068786697562,0.006619752065424,0.0068217907679718,0.003221320253087308,0.0065665986725543905,0.010230794430285623
E288_400,12.5,1.5,0.0063515930830327,0.0064623040843374,0.0066643354664252,0.003155973810561884,0.006397507735235863,0.009978060735007989
E288_400,12.5,1.522222222222222,0.0061898855646078,0.0063011230990346,0.0065023523762576,0.003091719095733149,0.0062247424352891365,0.009719631865432619
E288_400,12.5,1.5444444444444445,0.0060248538318792,0.006136246694297,0.0063326891067597,0.0030271307055363596,0.006048376580144754,0.00945559182235064
E288_400,12.5,1.5666666666666669,0.0058590761290149,0.005969539862904,0.0061640806887469,0.002961492543915229,0.005870285245816663,0.009188845947679833
E288_400,12.5,1.5888888888888888,0.0056949179007725,0.0058025361194114,0.0059955641584753,0.00289552800002525,0.005706060981393321,0.008921777385952982
E288_400,12.5,1.611111111111111,0.0055269186061708,0.005633418600544,0.0058224745223023,0.0028282950769944913,0.005559463572177693,0.008651615719459464
E288_400,12.5,1.6333333333333333,0.0053578346418374,0.0054621790801872,0.0056479917236902,0.002763258457012114,0.005410526468530508,0.008363099219920818
E288_400,12.5,1.6555555555555554,0.0051880644429239,0.0052895147671723,0.0054739847734841,0.002722437795063029,0.005281522801835088,0.008038978207227552
E288_400,12.5,1.6777777777777776,0.0050187685956476,0.0051171529625865,0.0052980502373566,0.0026835274773242715,0.005157247415593813,0.00771638767316196
E288_400,12.5,1.7,0.0048468305479833,0.0049433834239968,0.0051200878229519,0.002643917135228406,0.00503062673015018,0.0073929065774360125
E288_400,12.5,1.722222222222222,0.0046748912060394,0.0047679961625176,0.0049407531304138,0.0026022168865801297,0.004901272754823073,0.007063214134682221
E288_400,12.5,1.7444444444444442,0.0045068821071449,0.0045970201550878,0.0047638071613448,0.0025615772887709162,0.00477525055509893,0.0067353737568596125
E288_400,12.5,1.7666666666666666,0.0043399786434685,0.0044264840207843,0.0045879299393482,0.00251972179769083,0.004645221573311831,0.0064102030541689885
E288_400,12.5,1.7888888888888888,0.0041742138420888,0.0042561727285397,0.0044115442371907,0.0024240684696229505,0.004490531053810652,0.006116568614210727
E288_400,12.5,1.811111111111111,0.0040103483193834,0.004087948652448,0.0042348473400467,0.002319565222204628,0.004327637097192993,0.005846592287019259
E288_400,12.5,1.8333333333333333,0.0038485637953845,0.0039219185513811,0.004060906621788,0.0022211694287011807,0.0041466663242271185,0.005580778684969321
E288_400,12.5,1.855555555555556,0.0036882507582526,0.0037572582906147,0.0038868382582971,0.0021765642962984833,0.003967365222175619,0.0053180342735170355
E288_400,12.5,1.877777777777777,0.0035306481717063,0.0035964292320048,0.0037151457876045,0.002132109894108235,0.003792348246795715,0.005048511948506102
E288_400,12.5,1.9,0.003374956802015,0.0034371622843274,0.00354602022143,0.0020863499844829196,0.003619233582065304,0.004759582881261273
E288_400,12.5,1.922222222222222,0.0032223193312916,0.0032807613218162,0.003379256334406,0.0020105676874806987,0.0034368369083503697,0.004477823200149428
E288_400,12.5,1.9444444444444444,0.0030729950944146,0.0031280826207922,0.0032166216904968,0.001918453479373442,0.0032394497329489083,0.004204569723673726
E288_400,12.5,1.9666666666666663,0.0029283674633926,0.0029802226020857,0.0030605222543334,0.0018518619191864815,0.003071510650949343,0.003964131100817268
E288_400,12.5,1.9888888888888887,0.0027875415732011,0.0028357550896485,0.0029063249297934,0.0017858870786114887,0.002889855737099644,0.003783525314771545
E288_400,12.5,2.011111111111111,0.0026520284881981,0.0026965936430794,0.002757565618673,0.0016964711060469756,0.0027156913447475496,0.003609306082285188
E288_400,12.5,2.033333333333333,0.00251892468148,0.0025601866539504,0.0026108333820254,0.0015631657179712814,0.0025660193871301683,0.003438038205430548
E288_400,12.5,2.055555555555556,0.0023902602127563,0.0024278366101568,0.0024731164628626,0.0014395636824287145,0.0024266963133579194,0.003271433241224064
E288_400,12.5,2.077777777777777,0.0022639751813969,0.002299657075131,0.0023412675395681,0.0013577691971000314,0.0023049386009341335,0.003100992918750138
E288_400,12.5,2.1,0.002140657395724,0.0021762259549546,0.0022157614019297,0.0012899612807636919,0.0021900221870689504,0.0029023816238092346
E288_400,12.5,2.1222222222222222,0.0020230173230654,0.0020586977078249,0.0020977200535842,0.001228346697312942,0.002068841414869146,0.002749640418957891
E288_400,12.5,2.1444444444444444,0.0019098301272036,0.001945225283778,0.0019853091103988,0.001168988592287423,0.0019401562067099009,0.0025904878476946426
E288_400,12.5,2.1666666666666665,0.0018028282424048,0.0018387419582558,0.0018793216742865,0.0011178137795236373,0.0018109377922413885,0.0024519157307347082
E288_400,12.5,2.1888888888888887,0.0016988985461635,0.0017388537396982,0.0017823517592007,0.001070582397415462,0.0017062031740303768,0.0023505748162601188
E288_400,12.5,2.211111111111111,0.0015996542442345,0.001645030426546,0.0016920468088772,0.0010023650027576614,0.001609339083731435,0.0022539895692767395
E288_400,12.5,2.233333333333333,0.0015035566356063,0.0015557637394092,0.0016089722471701,0.000925963796117857,0.0015182528662511354,0.002160172079034912
E288_400,12.5,2.2555555555555555,0.001412481709391,0.0014747418185859,0.0015350170523114,0.0008751200972196222,0.0014349099522377908,0.0020743542586330573
E288_400,12.5,2.2777777777777777,0.0013259595186938,0.0014002553011024,0.0014659461917514,0.0008479342504087628,0.0013585130963917006,0.0019927949107642904
E288_400,12.5,2.3,0.0012439127372131,0.0013312312160213,0.0014044750562882,0.0008216457874763314,0.0012955928261701294,0.0018943130450366405
E605,15.75,0.1,0.0165857663366158,0.0168333514660248,0.0172185043858098,0.011588679664102545,0.01712492219230004,0.02478400566564499
E605,15.75,0.1282828282828282,0.0211724962264308,0.0214864825759843,0.0219755765496783,0.014791131916886847,0.021858289038954308,0.0316306719828824
E605,15.75,0.1565656565656565,0.0256831694479382,0.0260599754563409,0.0266495584578116,0.01793808097470614,0.026510368145577525,0.038357009716779335
E605,15.75,0.1848484848484848,0.0301021612897733,0.0305377241751778,0.031223174600369,0.021018306633599403,0.031064728957518176,0.04493871536330382
E605,15.75,0.2131313131313131,0.0344151515549968,0.0349057657375575,0.0356801893874901,0.024022062755528668,0.03550711869126541,0.05135465940312344
E605,15.75,0.2414141414141414,0.0386094660507543,0.0391498851504915,0.0400033139129959,0.02693945423541466,0.03982302592116724,0.05758189095776644
E605,15.75,0.2696969696969696,0.042666701194574,0.0432547325093059,0.0441848652320183,0.02975979068241464,0.0439967879096237,0.06359298271264051
E605,15.75,0.297979797979798,0.0465819002939394,0.0472090537365976,0.0482086857628486,0.03247524180793441,0.04801693283912183,0.06937462843402951
E605,15.75,0.3262626262626262,0.0503387823438966,0.0510044406723007,0.0520691141232561,0.03507991970691044,0.05187485745224645,0.07492431231007886
E605,15.75,0.3545454545454545,0.0539386831173379,0.0546344972658375,0.0557630024983124,0.03756934996863028,0.05556404227942374,0.08025950189620017
E605,15.75,0.3828282828282828,0.0573633140985146,0.0580873266244306,0.0592664800163758,0.03993528031865308,0.059072342103093166,0.08530787744729376
E605,15.75,0.4111111111111111,0.0606148283039499,0.0613576219148321,0.0625763691009989,0.04217400400440728,0.06239436513212442,0.09008339839556936
E605,15.75,0.4393939393939393,0.0636718693252442,0.0644398462713377,0.0656946999969831,0.044281664488125726,0.06552444288160858,0.09457784218359169
E605,15.75,0.4676767676767677,0.0665205284152985,0.0673078689484684,0.0685871911554716,0.04624027302925052,0.0684388159298816,0.09875280607435594
E605,15.75,0.4959595959595959,0.0691713666631617,0.0699762926687442,0.0712678551787654,0.04805985799813883,0.07115437753494709,0.10262970365689295
E605,15.75,0.5242424242424242,0.0716176584332668,0.0724427002824103,0.0737157725791267,0.04973874120761827,0.07366484189944503,0.10620505678300843
E605,15.75,0.5525252525252525,0.0738690230203059,0.0746973080956747,0.0759656876607188,0.05127022162207099,0.07596025511645346,0.1094645620800376
E605,15.75,0.5808080808080808,0.0759146354148401,0.0767497224555296,0.0780104064755886,0.052660893915973096,0.07805036955623318,0.1124224137326946
E605,15.75,0.609090909090909,0.0777602275003585,0.0786078828576136,0.0798420584146268,0.053916250994479185,0.0799432581908491,0.11509038429563664
E605,15.75,0.6373737373737374,0.079400858891631,0.0802479790729997,0.0814659166724939,0.055019996128452556,0.08161470480117025,0.11743379655573137
E605,15.75,0.6656565656565656,0.0808169121440872,0.0816713562120341,0.0828825684184229,0.055973116659858727,0.08306605227963217,0.11945483277910293
E605,15.75,0.6939393939393939,0.0820650170870603,0.0829190884217518,0.0841294964964786,0.056803817044088524,0.08433905386626599,0.121213816983494
E605,15.75,0.7222222222222222,0.0831202473435975,0.0839813755302997,0.0851559012884219,0.05750546118078388,0.0854237425006687,0.12269667533025903
E605,15.75,0.7505050505050505,0.0839866814532398,0.084853960381,0.0860171193402235,0.058075191149083466,0.08631574782191599,0.12389747153853141
E605,15.75,0.7787878787878787,0.0846697327859836,0.0855296656023324,0.08665931072827,0.05850820811297587,0.08700778399549894,0.12480603156911851
E605,15.75,0.807070707070707,0.0851684251783735,0.086037691912487,0.0871461742679645,0.05883850278906406,0.08752949926269393,0.12546532092367382
E605,15.75,0.8353535353535353,0.0855081393086794,0.0863774713850557,0.0874648436568902,0.05905446441873181,0.08788032142302346,0.12587488134420954
E605,15.75,0.8636363636363635,0.0856988517628298,0.0865574429726549,0.0876003604512803,0.05916014799060288,0.08806880268473331,0.1260473412076828
E605,15.75,0.8919191919191919,0.0857219290520374,0.0865429677885792,0.0875579901566995,0.05913196075089382,0.08800463493751243,0.12593022060855508
E605,15.75,0.92020202020202,0.0855967743156479,0.0863718392609019,0.0873574743424425,0.05899578303657132,0.08775558814686762,0.1255523607211956
E605,15.75,0.9484848484848484,0.0853255847112064,0.0860864024992786,0.0870731647046567,0.05878059971731567,0.08738751885601756,0.12499210727378873
E605,15.75,0.9767676767676768,0.0849484651157022,0.0856713614023177,0.0866527378837694,0.05847600059547192,0.08688514879688967,0.1242367424277268
E605,15.75,1.005050505050505,0.0844421225247362,0.0851187426780928,0.0860572203791664,0.05807662275299454,0.08624070013048424,0.12327739088237231
E605,15.75,1.0333333333333332,0.0837901914464886,0.0844394329443321,0.0853148292639001,0.05758995462136454,0.08546554214657658,0.12213047144099876
E605,15.75,1.0616161616161617,0.0830511823906389,0.0836344259044933,0.0844593965646247,0.057016720703482786,0.08456098363439203,0.12079803664295327
E605,15.75,1.08989898989899,0.0822115478160263,0.082712432732059,0.0834872704549436,0.056362979249187296,0.08353623528275339,0.11929341575662833
E605,15.75,1.1181818181818182,0.0812305562331408,0.0816950551452457,0.0823798422985231,0.055643509089727455,0.08241344314228125,0.11764843982116484
E605,15.75,1.1464646464646464,0.0801736740859149,0.0805975001519364,0.081196081387793,0.054868721651632923,0.08120824005833847,0.11588555210086644
E605,15.75,1.1747474747474749,0.0790046896512669,0.0794206489787548,0.0799277642160971,0.054039285353261156,0.07992179700383406,0.1140066108783081
E605,15.75,1.2030303030303031,0.0777353104416205,0.0781486626536072,0.0785876456864205,0.05314451858141426,0.07853854171189481,0.11198954003551179
E605,15.75,1.2313131313131314,0.0763536588197065,0.0767632863796683,0.0771612783487628,0.05217208607445401,0.07704051255990968,0.10980896092074185
E605,15.75,1.2595959595959596,0.0749536295936571,0.0753569244243458,0.0757434757184741,0.0511849034970371,0.07552088018701013,0.10759781149077663
E605,15.75,1.2878787878787878,0.0734498773473898,0.0738668257328608,0.0742147767397739,0.05014038924566207,0.07391695597957852,0.1052669539202257
E605,15.75,1.316161616161616,0.0718990606381052,0.0723252180063281,0.0726510554051875,0.049060535812845474,0.07229427809537665,0.1028630546531593
E605,15.75,1.3444444444444446,0.0702575742212051,0.0707175446595486,0.0710295449861463,0.04793555254430585,0.07062719041937872,0.10036612014761032
E605,15.75,1.3727272727272728,0.0685898499414933,0.0690889606498471,0.0694079692034324,0.046796140170092426,0.06893946868219336,0.09784087828364695
E605,15.75,1.401010101010101,0.0669151475315468,0.0674150527249372,0.0677807301768201,0.045625850802829104,0.06720693230361859,0.09525331149639923
E605,15.75,1.4292929292929293,0.0652073493285452,0.0657135146995598,0.0661090329651454,0.04443673069863874,0.06544736452091408,0.0926290554398239
E605,15.75,1.4575757575757575,0.0634320651136174,0.0639536880457374,0.064364588742413,0.04320817090954109,0.06363045963039275,0.08992561696019384
E605,15.75,1.4858585858585858,0.061601184250525,0.0621562441984714,0.0625633368362574,0.04195428391734156,0.06177703184777837,0.08717297680197478
E605,15.75,1.5141414141414142,0.0597834916725525,0.060367853119078,0.0607765915121001,0.04070667379088036,0.059933644072672605,0.0844372073504286
E605,15.75,1.5424242424242425,0.0579768213933129,0.0585731824683224,0.0589908407609804,0.039455060350088944,0.05808519210170881,0.08169727550723474
E605,15.75,1.5707070707070707,0.05612800768097,0.0567583738676004,0.057186681008359,0.03819020742743314,0.0562181122564483,0.07893444218696477
E605,15.75,1.598989898989899,0.0542879411940052,0.0549282549971314,0.0553695839488026,0.03691549805583582,0.054337386798622406,0.07615619200196745
E605,15.75,1.6272727272727272,0.0524203996631308,0.053101232923597,0.0535541625967104,0.03564341720253616,0.05246142591317084,0.07338868341522162
E605,15.75,1.6555555555555554,0.0505633870015607,0.0512733025083931,0.0517558504361515,0.0343713950303268,0.0505864528881886,0.07062699865197662
E605,15.75,1.683838383838384,0.0487409493512844,0.0494607440840405,0.0499846401005428,0.03311044432763246,0.04870477829343721,0.0678941116571741
E605,15.75,1.7121212121212122,0.0469347032290495,0.0476721570159703,0.0482235296035955,0.03186641205169303,0.046781292747072614,0.06520223413407966
E605,15.75,1.7404040404040404,0.0451378178858001,0.0459124535543849,0.0464822918850139,0.030642646509630157,0.04489167797446944,0.0625584267184407
E605,15.75,1.7686868686868686,0.0433339728420089,0.0441327978095409,0.0447375310490223,0.029427648742106217,0.04311246651936631,0.05989667024393228
E605,15.75,1.7969696969696969,0.0415685411491214,0.0423728411929727,0.0429979461275356,0.028352238494683994,0.041356214003565046,0.05727168477701457
E605,15.75,1.825252525252525,0.0398375775492149,0.0406415034701675,0.0412832935910077,0.02703080823634299,0.03968685933112372,0.05469593753719468
E605,15.75,1.8535353535353536,0.0381394170329058,0.0389614254921229,0.0396224033423523,0.025749841628714604,0.03822359130975064,0.05220012757506461
E605,15.75,1.8818181818181816,0.03650603413148,0.0373094705665526,0.0379789111869681,0.024494118364371768,0.036779408245939664,0.04975330611398466
E605,15.75,1.91010101010101,0.0348901041719005,0.0356838218220148,0.0363685362114137,0.023272947084358116,0.035305752908273355,0.04735342741961959
E605,15.75,1.9383838383838383,0.0333129962004726,0.0341096066369607,0.0347923859045799,0.022126440987913897,0.03382696860428639,0.04503769210600856
E605,15.75,1.9666666666666663,0.0317749380334738,0.0325742320509397,0.0332562189788403,0.021010566378462568,0.032186321591988844,0.0430849732509595
E605,15.75,1.994949494949495,0.030278405749989,0.0310793838785173,0.031764382119815,0.019926487752236204,0.030580156234258478,0.04118219148736185
E605,15.75,2.023232323232324,0.028803487125101,0.0296215246748204,0.0303075379455396,0.018872016786317374,0.02901741626670305,0.03919670847466317
E605,15.75,2.051515151515152,0.0273820024634941,0.0282138214115235,0.0288895413285223,0.017921342453043512,0.02751100604802952,0.03715937697311265
E605,15.75,2.07979797979798,0.0260152270654565,0.0268448945546973,0.0275189995487355,0.01718621782081587,0.026135301812901253,0.03518407217373824
E605,15.75,2.108080808080808,0.024711232154596,0.0255227905932643,0.026189495526622,0.01647206288033369,0.024880341940482612,0.033281228116526965
E605,15.75,2.136363636363636,0.0234666946554076,0.0242626111010596,0.0249292570496656,0.01582437585672487,0.023683834016925687,0.03147018652263486
E605,15.75,2.1646464646464647,0.0222401532184781,0.0230467743975213,0.0237211498192054,0.01521741111166424,0.022548040265101925,0.029727641799505232
E605,15.75,2.1929292929292927,0.0210737735903582,0.0218852776986406,0.0225460492358878,0.014633853410357653,0.02158325897971483,0.028066099782246196
E605,15.75,2.221212121212121,0.0199663774619885,0.020769554546129,0.0214291392955249,0.014011533301747637,0.020652864399830856,0.02647402882726224
E605,15.75,2.2494949494949497,0.0189068413352574,0.0197101026878401,0.0203477660005572,0.013321437744070455,0.01966182435467718,0.02515288972527864
E605,15.75,2.2777777777777777,0.0179021301896098,0.0187153247837537,0.0193507654274094,0.012480407311279987,0.018599182862226456,0.024045379721997627
E605,15.75,2.306060606060606,0.0169546688982235,0.0177596384026953,0.0183894233927874,0.011747902467527422,0.01770914935399152,0.0229621198316195
E605,15.75,2.334343434343434,0.0160684205394569,0.0168658736038021,0.0174757773591341,0.011235124268182925,0.016798044335331795,0.021950985141552314
E605,15.75,2.362626262626262,0.0152249360026681,0.0160237417616048,0.0166243755498377,0.01075142980360586,0.015826980746448907,0.0209996111807089
E605,15.75,2.3909090909090907,0.0144393720104991,0.0152336988564688,0.0158191609817255,0.010162837642372712,0.015019203583857466,0.020109582441358787
E605,15.75,2.419191919191919,0.0137032505068588,0.0144879333606857,0.015067745536501,0.009445413016138724,0.014393051235151054,0.01927164383178203
E605,15.75,2.447474747474748,0.0130058524706391,0.0137802763047082,0.0143433522907294,0.008770384565954761,0.013799810590831883,0.01843770954957686
E605,15.75,2.475757575757576,0.0123455892801922,0.0131120635338084,0.0136688836200636,0.008152005016235192,0.013241615644039828,0.01749550868366502
E605,15.75,2.504040404040404,0.0117536100094263,0.0124816381137668,0.0130352790225323,0.007562649762312486,0.012633596868840528,0.01660541557607191
E605,15.75,2.532323232323232,0.011204259022012,0.0119002708138927,0.0124567853481438,0.007120062542881445,0.012035233338955061,0.015781931861025233
E605,15.75,2.560606060606061,0.0106845745537084,0.0113514042670328,0.0118994956176757,0.006757253423184905,0.011470032734529236,0.01500249898957712
E605,15.75,2.588888888888889,0.0101999064334774,0.0108488144162118,0.0113892609353191,0.006445005939240756,0.01111477055595205,0.014389755865854352
E605,15.75,2.617171717171717,0.0097557834477999,0.0103799957906547,0.0109197363050867,0.0059760825761127415,0.010645704988688415,0.01392363889393756
E605,15.75,2.645454545454545,0.0093452770418306,0.0099277321876348,0.0104719861437013,0.005620659604917782,0.009958719845802842,0.013379987629896076
E605,15.75,2.673737373737373,0.0089416462284909,0.0095240208917273,0.0100390628218314,0.005415345565365858,0.009311309545754562,0.012734544645024168
E605,15.75,2.702020202020202,0.0085676509488334,0.0091261899579943,0.0096273154749423,0.004978845901059447,0.00902086274384477,0.012372038233465448
E605,15.75,2.73030303030303,0.0081915287323294,0.0087533496506382,0.0092380991713669,0.0042522560936386995,0.008802546436982537,0.012218202524822364
E605,15.75,2.7585858585858585,0.0078773177840989,0.0084256608446894,0.0088908443889963,0.0035947641047411583,0.008450508634077683,0.01209816093644597
E605,15.75,2.786868686868687,0.0075627292858492,0.0081080868045397,0.0085599875728738,0.0033543072607402098,0.008191266929449192,0.011931625043708514
E605,15.75,2.815151515151515,0.007247351195255,0.0077785417132688,0.0082327499249576,0.0029139115265201716,0.00788061367608028,0.011642672137900361
E605,15.75,2.8434343434343434,0.0069741016720828,0.0075014768441546,0.0079554067479607,0.0024923370442915746,0.0077472884190833155,0.011557993475497078
E605,15.75,2.8717171717171714,0.0066924046052869,0.0072215398877728,0.0076800478059805,0.001768921513051179,0.007635272227508876,0.011641759800816354
E605,15.75,2.9,0.0064325248454307,0.0069675993504956,0.007415905661446,0.0009022787738700866,0.007391164534122229,0.011795802497044755
