seed,run,chi2_total,max_abs_norm_pull,max_norm_pull_dataset,best_epoch,epochs_run,best_objective,restored_best,chi2_E288_200,ratio_E288_200,chi2_E288_300,ratio_E288_300,chi2_E288_400,ratio_E288_400,chi2_E605,ratio_E605,chi2_E772,ratio_E772
1001,replica_pilot_v23a_lambda3_normpriors15_p2p5_E772_E288400_cached_cuda/outputs/v23a_lambda3_normpriors15_p2p5_E772_E288400_cached_cuda_s1001,1.7355278200749948,2.0781683921813965,E605,300,300,1.756458711111918,True,1.4770827901529957,0.9931377098143699,1.5165643012026457,0.9407548255677929,1.634524334000864,1.0094838540635391,2.8391427371701776,1.0008127721270104,1.31947556129487,0.9629911378775243
1002,replica_pilot_v23a_lambda3_normpriors15_p2p5_E772_E288400_cached_cuda/outputs/v23a_lambda3_normpriors15_p2p5_E772_E288400_cached_cuda_s1002,1.7669378925083874,1.5401266813278198,E288_300,300,300,1.7816348773194477,True,1.454236491590362,0.9869579009280157,1.1493278687647632,0.9507193734446089,2.1438595145530885,1.001833527665152,2.274340538981967,0.9751483202475488,1.6437396445560601,0.9969457120620699
1003,replica_pilot_v23a_lambda3_normpriors15_p2p5_E772_E288400_cached_cuda/outputs/v23a_lambda3_normpriors15_p2p5_E772_E288400_cached_cuda_s1003,1.6985264095046788,1.3383201360702515,E288_400,300,300,1.7059043692424893,True,1.4454702031648958,0.9785937959464599,1.5119523660958865,0.9723545923669406,1.3934887134788083,0.9829184535064034,1.8200492693951498,0.9783728445316507,2.3490791531538506,0.9539125191521449
1004,replica_pilot_v23a_lambda3_normpriors15_p2p5_E772_E288400_cached_cuda/outputs/v23a_lambda3_normpriors15_p2p5_E772_E288400_cached_cuda_s1004,1.9195032492193642,1.7329580783843994,E772,300,300,1.931043152231723,True,1.1787332568379902,0.9859163098331869,1.6746368158745262,1.0015249366454535,1.8205190759919443,0.9995036726308991,2.1339989785063342,0.9911175923196414,2.6357230398797977,0.9594707522667382
1005,replica_pilot_v23a_lambda3_normpriors15_p2p5_E772_E288400_cached_cuda/outputs/v23a_lambda3_normpriors15_p2p5_E772_E288400_cached_cuda_s1005,1.8761416648316664,1.5855653285980225,E772,300,300,1.886725013377145,True,1.2560696422778648,0.9605616152562093,1.3710288190098752,0.9744093292945266,1.7742384834613012,1.0193552169182885,2.132941561740212,0.9896049805806412,2.7106876904960977,1.0517281703838046
1006,replica_pilot_v23a_lambda3_normpriors15_p2p5_E772_E288400_cached_cuda/outputs/v23a_lambda3_normpriors15_p2p5_E772_E288400_cached_cuda_s1006,2.105372605717973,2.684877634048462,E605,300,300,2.1451379018835723,True,1.4616878155884683,0.9928393237833668,1.4590175866598554,0.9888701326088363,2.1014411080113544,1.0116285292652523,2.741911687808754,0.9797035245067176,2.636919677661281,0.9880058416401791
1007,replica_pilot_v23a_lambda3_normpriors15_p2p5_E772_E288400_cached_cuda/outputs/v23a_lambda3_normpriors15_p2p5_E772_E288400_cached_cuda_s1007,1.670290921677739,1.5828735828399658,E605,300,300,1.6845479240873829,True,1.4857380764382084,0.9574574366028246,1.4195186393118366,0.9656085604541669,1.5771261534145609,0.9860256194963273,1.8273534867478731,0.994769070771403,2.024062803093273,0.9614802719055143
1008,replica_pilot_v23a_lambda3_normpriors15_p2p5_E772_E288400_cached_cuda/outputs/v23a_lambda3_normpriors15_p2p5_E772_E288400_cached_cuda_s1008,1.8709577384634846,2.5833685398101807,E605,300,300,1.912959279899951,True,1.1013233476186448,1.000150199569708,1.6139051223528529,0.928589658578439,2.3094737936903385,1.0195275413143745,2.6855989947447463,0.9886715390618857,1.4110157051010987,0.9296290328432797
1009,replica_pilot_v23a_lambda3_normpriors15_p2p5_E772_E288400_cached_cuda/outputs/v23a_lambda3_normpriors15_p2p5_E772_E288400_cached_cuda_s1009,1.9554371429567425,1.492858648300171,E288_300,300,300,1.9711443402338773,True,1.7358473084339636,0.9738741963728927,1.8720296318606855,0.9581905796312737,1.8957279809742489,1.007345362237883,2.062855270637316,0.9719645206262488,2.1798571906900968,0.9751188329607078
1010,replica_pilot_v23a_lambda3_normpriors15_p2p5_E772_E288400_cached_cuda/outputs/v23a_lambda3_normpriors15_p2p5_E772_E288400_cached_cuda_s1010,1.7515660963202677,1.5267399549484253,E288_200,300,300,1.7640777934575453,True,1.217142647872621,0.9704654747147817,1.8163530286751837,0.9792894917702275,1.7854105660521031,0.9783777018338621,1.7381618942909456,0.9727319793600464,2.052573360489561,1.0018950959827948
1011,replica_pilot_v23a_lambda3_normpriors15_p2p5_E772_E288400_cached_cuda/outputs/v23a_lambda3_normpriors15_p2p5_E772_E288400_cached_cuda_s1011,1.7247956726713316,2.197925090789795,E772,300,300,1.7480089331511408,True,1.5687046208712259,0.996521847994843,1.5986444183098651,0.9611410707983569,1.2282367450477232,1.0035919265211686,2.055903111850914,0.9635614063440671,2.3189466610196394,0.9640490061959828
1012,replica_pilot_v23a_lambda3_normpriors15_p2p5_E772_E288400_cached_cuda/outputs/v23a_lambda3_normpriors15_p2p5_E772_E288400_cached_cuda_s1012,1.832192428950664,2.292576551437378,E772,300,300,1.8626489529851824,True,1.2285421816429214,1.0141036795528362,1.9673840279755772,0.9742929721651488,2.565339624039671,1.0154955809840638,1.5357070168335127,1.016336788061528,1.4518772031726623,0.9498095747729779
1013,replica_pilot_v23a_lambda3_normpriors15_p2p5_E772_E288400_cached_cuda/outputs/v23a_lambda3_normpriors15_p2p5_E772_E288400_cached_cuda_s1013,2.154783996867735,2.7258880138397217,E605,300,300,2.1808789796195924,True,1.5129867897975213,0.9721110968469271,1.318506051239411,0.9599467144994929,1.7385455719169005,1.024936862336449,3.2573681192185213,0.9945722226277427,2.9987032367326294,0.9645788022606179
1014,replica_pilot_v23a_lambda3_normpriors15_p2p5_E772_E288400_cached_cuda/outputs/v23a_lambda3_normpriors15_p2p5_E772_E288400_cached_cuda_s1014,1.8427718171997642,0.7553759813308716,E772,300,300,1.846881163539365,True,1.505832220976016,0.9581573063963109,1.8043024340326113,0.9698380525620554,1.9422503054313878,1.006518782815548,1.3677005946123975,1.010348770173073,2.400885450682337,0.9882304611726197
1015,replica_pilot_v23a_lambda3_normpriors15_p2p5_E772_E288400_cached_cuda/outputs/v23a_lambda3_normpriors15_p2p5_E772_E288400_cached_cuda_s1015,1.7034555027301626,1.953508734703064,E605,300,300,1.7190097444690764,True,1.1211685860635072,0.9720082668099027,1.3350706843625126,0.9973615655781802,1.7015319896391985,0.9954636418613939,2.105644064551184,1.0118379151181003,2.1309560951508675,0.9296921382911408
1016,replica_pilot_v23a_lambda3_normpriors15_p2p5_E772_E288400_cached_cuda/outputs/v23a_lambda3_normpriors15_p2p5_E772_E288400_cached_cuda_s1016,1.8634857354892593,1.863836407661438,E605,300,300,1.882020729710348,True,1.5211991560518534,0.9366320695352681,1.3921946065827147,0.9549656816406489,2.0334159783231343,1.0126841284570907,1.9759956019313312,1.008566433893896,2.232241871576344,0.9561022080493081
1017,replica_pilot_v23a_lambda3_normpriors15_p2p5_E772_E288400_cached_cuda/outputs/v23a_lambda3_normpriors15_p2p5_E772_E288400_cached_cuda_s1017,1.85110255891635,2.057316303253174,E288_300,300,300,1.8802507483051158,True,1.8483206425278569,0.9908188798530644,1.197856662623942,0.96584950110465,1.582342335082787,1.0015018483449818,2.2226501023564946,0.9971877231397568,2.486885333983914,0.9651988301941323
1018,replica_pilot_v23a_lambda3_normpriors15_p2p5_E772_E288400_cached_cuda/outputs/v23a_lambda3_normpriors15_p2p5_E772_E288400_cached_cuda_s1018,1.9309847717382025,1.4971057176589966,E288_300,300,300,1.9496139506809413,True,1.9269606474454823,0.971328493070317,1.8376344615624383,0.9629755457116205,1.8964706431794347,1.0132455413782102,1.9267279552014944,0.9749305748319986,2.0682338489755874,0.9774442786626852
1019,replica_pilot_v23a_lambda3_normpriors15_p2p5_E772_E288400_cached_cuda/outputs/v23a_lambda3_normpriors15_p2p5_E772_E288400_cached_cuda_s1019,1.7656305790452047,1.7519639730453491,E605,300,300,1.7780043417587876,True,1.2016994231190692,0.9633413678863016,1.721909740822987,0.9649309705857367,1.4506151548643074,1.0010141814122744,2.784349673673588,0.9814219042878338,1.7633408200451015,0.9719803574510278
1020,replica_pilot_v23a_lambda3_normpriors15_p2p5_E772_E288400_cached_cuda/outputs/v23a_lambda3_normpriors15_p2p5_E772_E288400_cached_cuda_s1020,1.6706040839789111,1.6168204545974731,E288_200,300,300,1.68326379917562,True,2.4089173710947893,0.9412490477070301,1.716245648997989,0.9201960485588236,1.3828957039571712,1.004383344438456,1.660039173788804,0.9846472167592004,1.4681842531695108,0.9596527372545284
1021,replica_pilot_v23a_lambda3_normpriors15_p2p5_E772_E288400_cached_cuda/outputs/v23a_lambda3_normpriors15_p2p5_E772_E288400_cached_cuda_s1021,1.853720594799419,1.8566333055496216,E288_400,300,300,1.8792091035284102,True,1.5777597204558345,0.9880443731019939,2.4021945243398095,0.9456378944435692,1.6765340864887355,0.9909965592285912,1.5418627004493999,0.9742257449037857,2.047779689233521,0.9606144221275431
1022,replica_pilot_v23a_lambda3_normpriors15_p2p5_E772_E288400_cached_cuda/outputs/v23a_lambda3_normpriors15_p2p5_E772_E288400_cached_cuda_s1022,1.793919916192891,1.5478054285049438,E288_400,300,300,1.8031927982810885,True,1.0664206868926076,1.0049880360065784,1.5398802234608837,0.9662950593476118,2.085796829784703,1.0131201637959646,1.9527466415053993,0.9801539119006206,2.048492987282297,0.9720126129048066
1023,replica_pilot_v23a_lambda3_normpriors15_p2p5_E772_E288400_cached_cuda/outputs/v23a_lambda3_normpriors15_p2p5_E772_E288400_cached_cuda_s1023,1.6083059240464013,1.8534849882125854,E288_200,300,300,1.619790742523037,True,1.3625982950180515,0.9980327967741535,1.6756264754678227,0.9735560489087125,1.6365166985183826,0.9907281388448099,1.6426137014126785,0.994492812428753,1.6613294999505657,0.9911443877525137
1024,replica_pilot_v23a_lambda3_normpriors15_p2p5_E772_E288400_cached_cuda/outputs/v23a_lambda3_normpriors15_p2p5_E772_E288400_cached_cuda_s1024,2.051938967027938,2.4438157081604004,E288_400,300,300,2.08149614976719,True,1.6551236746763944,0.9625756885660881,1.531814054038558,0.9877722376874113,2.541931809643745,1.0032336820653214,2.161220144674106,0.9844229689315303,2.0927455576974388,0.9702715169089077
1025,replica_pilot_v23a_lambda3_normpriors15_p2p5_E772_E288400_cached_cuda/outputs/v23a_lambda3_normpriors15_p2p5_E772_E288400_cached_cuda_s1025,1.634928965464779,1.7806235551834106,E288_200,300,300,1.6463656777050346,True,1.310343474455725,0.9932904193103309,1.763357410172656,0.9724589762508316,1.5891732076779153,1.0025717993574659,1.6942590015029997,0.9978719711515767,1.764574641453705,1.005618296301638
1026,replica_pilot_v23a_lambda3_normpriors15_p2p5_E772_E288400_cached_cuda/outputs/v23a_lambda3_normpriors15_p2p5_E772_E288400_cached_cuda_s1026,1.9876406911907365,1.2173326015472412,E772,300,300,1.9990898517426103,True,1.3199178534310234,0.9538829136982203,2.171704325796786,0.972135380011736,2.034534843329742,0.9968057040392077,2.078295203884476,0.9757466297214564,2.171568251157326,0.9809712049518278
1027,replica_pilot_v23a_lambda3_normpriors15_p2p5_E772_E288400_cached_cuda/outputs/v23a_lambda3_normpriors15_p2p5_E772_E288400_cached_cuda_s1027,1.941881902745994,1.0018388032913208,E772,300,300,1.9529135427437723,True,1.9360724406250478,0.9635311280454799,1.721111457268685,0.9833910880783907,1.2547199087072083,1.0294432404726108,2.2718931275911665,0.9943341010150613,2.7609843843754804,0.9744681767407826
1028,replica_pilot_v23a_lambda3_normpriors15_p2p5_E772_E288400_cached_cuda/outputs/v23a_lambda3_normpriors15_p2p5_E772_E288400_cached_cuda_s1028,1.8968426052611222,1.786460041999817,E605,300,300,1.9102039956487715,True,1.8378572212118942,1.0048167263998407,1.9433811497254427,0.95213033156835,1.7609554425005671,1.000092037195475,2.369085820402792,1.0216584410584353,1.6722590707032379,0.9605035795266749
1029,replica_pilot_v23a_lambda3_normpriors15_p2p5_E772_E288400_cached_cuda/outputs/v23a_lambda3_normpriors15_p2p5_E772_E288400_cached_cuda_s1029,1.8096228263865999,1.8716930150985718,E605,300,300,1.8279580320231616,True,1.3517134244282003,0.9554085102128479,1.552944811831641,0.9707761165555489,1.7997997002292334,1.0004488009438446,2.604267393668087,0.9871185724907781,1.7193556788772513,0.9497759665154967
1030,replica_pilot_v23a_lambda3_normpriors15_p2p5_E772_E288400_cached_cuda/outputs/v23a_lambda3_normpriors15_p2p5_E772_E288400_cached_cuda_s1030,2.1519943564324526,3.017364978790283,E772,300,300,2.1887701868545264,True,1.0718583575006995,1.0097787052813243,2.026061086951073,0.9225179708497728,1.9265756720237148,1.0101614432323447,1.6407616288009519,1.0073839721649547,3.7900046860078667,0.96744800056353
1031,replica_pilot_v23a_lambda3_normpriors15_p2p5_E772_E288400_cached_cuda/outputs/v23a_lambda3_normpriors15_p2p5_E772_E288400_cached_cuda_s1031,2.0541678503695096,1.3614526987075806,E605,300,300,2.0697966392617673,True,1.5360333397200794,0.984147317141568,1.8804967472402692,0.9577594353441408,1.9751048718458857,1.004449323572625,2.3299567132568524,0.9787430070279168,2.4631338003857026,0.9723726500627599
1032,replica_pilot_v23a_lambda3_normpriors15_p2p5_E772_E288400_cached_cuda/outputs/v23a_lambda3_normpriors15_p2p5_E772_E288400_cached_cuda_s1032,2.1866746953618357,1.859249234199524,E288_300,300,300,2.215985788963735,True,1.4391085619486377,0.9722411790499892,2.9440342251755656,0.9533814622612009,1.3571850403791315,0.9771615155815995,1.6669236642320426,0.9930217325709114,3.5596560455916815,0.9542556764245136
1033,replica_pilot_v23a_lambda3_normpriors15_p2p5_E772_E288400_cached_cuda/outputs/v23a_lambda3_normpriors15_p2p5_E772_E288400_cached_cuda_s1033,1.88700456484927,2.555239200592041,E288_300,300,300,1.9164766101166606,True,1.72642184523912,0.9669830618064597,1.3244021096302654,0.9621418282640496,1.9768504332596528,1.0015508963529838,2.291659403782336,0.9663477839082326,2.0615844414142104,0.97279658185587
1034,replica_pilot_v23a_lambda3_normpriors15_p2p5_E772_E288400_cached_cuda/outputs/v23a_lambda3_normpriors15_p2p5_E772_E288400_cached_cuda_s1034,2.0168686869770327,2.0245845317840576,E288_400,300,300,2.0397571137873456,True,1.1126598714788947,1.011565393876773,1.3938311730157236,0.9753964260521593,2.3954230000340577,1.0076466276476146,1.6123952414892082,0.9951780054104262,3.10729124903957,0.9497544405715954
1035,replica_pilot_v23a_lambda3_normpriors15_p2p5_E772_E288400_cached_cuda/outputs/v23a_lambda3_normpriors15_p2p5_E772_E288400_cached_cuda_s1035,1.7787139270880965,1.9636026620864868,E605,300,300,1.7931057462701574,True,1.6136507084704088,0.9555678548490414,1.5443721567397297,0.9705842458131781,1.6717145678964258,0.9855827902977929,2.125570289174474,0.9619120260558248,1.9595753571302603,0.9907326265211502
1036,replica_pilot_v23a_lambda3_normpriors15_p2p5_E772_E288400_cached_cuda/outputs/v23a_lambda3_normpriors15_p2p5_E772_E288400_cached_cuda_s1036,1.7911596406941355,0.9078772664070129,E772,300,300,1.7959293741732836,True,1.3137452700471495,0.9920049130043009,1.9754402468237913,0.9752110857291449,1.6778045160510322,1.0072712568323983,1.6215416953501944,0.9798548323982195,2.2644116897878934,0.9782702252448608
1037,replica_pilot_v23a_lambda3_normpriors15_p2p5_E772_E288400_cached_cuda/outputs/v23a_lambda3_normpriors15_p2p5_E772_E288400_cached_cuda_s1037,1.963279460396278,1.8975542783737183,E605,300,300,1.9835777848493308,True,1.463692669103693,0.9688383882416352,1.4413627898771686,0.9659562909386024,2.2902061450373243,1.0083452576347054,1.8706831472723815,0.9982640221589113,2.464846128108742,0.9764573515597891
1038,replica_pilot_v23a_lambda3_normpriors15_p2p5_E772_E288400_cached_cuda/outputs/v23a_lambda3_normpriors15_p2p5_E772_E288400_cached_cuda_s1038,1.6515648568135546,1.4104822874069214,E288_300,300,300,1.6602270253933966,True,1.022463206700842,0.9934687739624544,1.3306617093919697,0.9564895452349941,1.879369075995802,1.0100975551939098,1.5935316851987094,0.9702594144677854,2.1629135388002787,0.9602162671974483
1039,replica_pilot_v23a_lambda3_normpriors15_p2p5_E772_E288400_cached_cuda/outputs/v23a_lambda3_normpriors15_p2p5_E772_E288400_cached_cuda_s1039,1.8984870893146442,0.8277133703231812,E288_300,300,300,1.9044142088387161,True,1.6039132834664134,0.9710929855703481,1.690820918265549,0.9517791136660605,1.9036752832239265,1.0055767582697122,1.6954980504846666,0.9785505700403001,2.47206111483055,0.9624626584290492
1040,replica_pilot_v23a_lambda3_normpriors15_p2p5_E772_E288400_cached_cuda/outputs/v23a_lambda3_normpriors15_p2p5_E772_E288400_cached_cuda_s1040,1.9630331087606474,1.9899041652679443,E288_400,300,300,1.9770291513996199,True,1.6928272221999,0.969257427876852,1.6207658873341593,0.9639534120908915,2.6033851126367082,0.991128206254754,2.2208561317421656,0.9860017648679437,1.4255144227305292,0.990623430991963
1041,replica_pilot_v23a_lambda3_normpriors15_p2p5_E772_E288400_cached_cuda/outputs/v23a_lambda3_normpriors15_p2p5_E772_E288400_cached_cuda_s1041,2.0689830829457434,1.0511723756790161,E772,300,300,2.0757605652324855,True,1.6114181557974971,1.0008953456583694,1.8551822739775254,0.9570263237491147,1.9688173123924495,1.004645542813597,1.9932834209952184,0.9923088214330102,2.7966696014722525,0.9586129895217201
1042,replica_pilot_v23a_lambda3_normpriors15_p2p5_E772_E288400_cached_cuda/outputs/v23a_lambda3_normpriors15_p2p5_E772_E288400_cached_cuda_s1042,1.53053257240582,2.5654807090759277,E288_300,300,300,1.5745145031251013,True,1.629312169371726,0.9956680631346928,0.8591234731156572,0.9671791278647077,1.4888430851193564,0.9952831899018414,1.963752606305327,0.97764396606256,1.7609172079483704,0.974161718102631
1043,replica_pilot_v23a_lambda3_normpriors15_p2p5_E772_E288400_cached_cuda/outputs/v23a_lambda3_normpriors15_p2p5_E772_E288400_cached_cuda_s1043,1.806378201248072,1.7444828748703003,E605,300,300,1.817745774751529,True,1.6974828415802519,0.9772520294729687,1.750895309713681,0.9618797936893949,1.6862145054119506,0.9963860398110596,1.5200761679941868,0.9731142048178562,2.3370998383947508,0.9840314591855147
1044,replica_pilot_v23a_lambda3_normpriors15_p2p5_E772_E288400_cached_cuda/outputs/v23a_lambda3_normpriors15_p2p5_E772_E288400_cached_cuda_s1044,1.7656852821144389,1.4437953233718872,E288_300,300,300,1.773152541834861,True,1.3918199457186915,1.0051152572767608,1.2171058811610156,0.9303897564446317,1.7581011175694963,0.9819058109171332,2.4125264562934867,0.9544834808906082,2.004817435102148,0.9413379692962456
1045,replica_pilot_v23a_lambda3_normpriors15_p2p5_E772_E288400_cached_cuda/outputs/v23a_lambda3_normpriors15_p2p5_E772_E288400_cached_cuda_s1045,1.9477001549754036,1.2153855562210083,E288_300,300,300,1.9610877934610471,True,1.3331985462184492,0.9810984531679929,1.3151540327426745,0.9932120478041808,2.16962058195107,0.9930757732444812,2.6858699417873053,0.9811195947256623,2.065288893673477,0.9676377700810191
1046,replica_pilot_v23a_lambda3_normpriors15_p2p5_E772_E288400_cached_cuda/outputs/v23a_lambda3_normpriors15_p2p5_E772_E288400_cached_cuda_s1046,1.7800251568534533,1.1622587442398071,E605,300,300,1.7875529867596924,True,1.3050271420136919,0.9862943161480926,2.046460983312797,0.9642131423904327,1.590559964339401,0.994977444457295,2.145442690215055,0.9686480568806382,1.819722583500885,0.9695294033619191
1047,replica_pilot_v23a_lambda3_normpriors15_p2p5_E772_E288400_cached_cuda/outputs/v23a_lambda3_normpriors15_p2p5_E772_E288400_cached_cuda_s1047,1.8953351578762472,1.1973730325698853,E288_400,300,300,1.9045387877849862,True,1.3727299966889264,0.9942031643416003,1.8800105224281716,0.9473035306939244,1.910549784559583,0.9928043887423285,2.126317605940432,0.9841957619806982,2.0776425967253043,0.9737837197453413
1048,replica_pilot_v23a_lambda3_normpriors15_p2p5_E772_E288400_cached_cuda/outputs/v23a_lambda3_normpriors15_p2p5_E772_E288400_cached_cuda_s1048,1.7369429816800144,2.194976806640625,E605,300,300,1.756785268895328,True,1.3936887614397726,1.0029683385491197,1.1739582207112544,0.9710927325374168,2.020377088532999,0.9900792717445785,1.8436008626400404,0.9912401674871223,2.0482799208460736,0.9492808997094454
1049,replica_pilot_v23a_lambda3_normpriors15_p2p5_E772_E288400_cached_cuda/outputs/v23a_lambda3_normpriors15_p2p5_E772_E288400_cached_cuda_s1049,1.8999290140453782,1.3264703750610352,E772,300,300,1.906570493709296,True,1.225525317795719,0.9833150566727016,1.892717531516648,0.9615045408154732,1.7527895176823973,1.0094003494943606,1.8520054565653383,0.9552209313014305,2.6345481118018887,0.9516241888237807
1050,replica_pilot_v23a_lambda3_normpriors15_p2p5_E772_E288400_cached_cuda/outputs/v23a_lambda3_normpriors15_p2p5_E772_E288400_cached_cuda_s1050,1.884903241163132,2.9194767475128174,E288_200,300,300,1.9125431558350101,True,1.7596762731780573,0.9785108539230531,2.064181826376914,0.9757829106083364,1.5189379571621093,1.0035145682499187,1.9525234814341916,0.9668112574250722,2.2299885106573774,0.9910342696481087
