endpoint,row_id,W_lambda1_fiducial
exactbaseline_matched_reference_distance_b0p1_2p0_lam1e00_s303,LHCb_7:10,0.7782902121543884
exactbaseline_matched_reference_distance_b0p1_2p0_lam1e00_s304,LHCb_7:10,0.7824416160583496
exactbaseline_matched_reference_distance_b0p1_2p0_lam1e00_s305,LHCb_7:10,0.7783990502357483
exactbaseline_matched_reference_distance_b0p1_2p0_lam1e00_s306,LHCb_7:10,0.7742655277252197
exactbaseline_matched_reference_distance_b0p1_2p0_lam1e00_s307,LHCb_7:10,0.7843670845031738
exactbaseline_matched_reference_distance_b0p1_2p0_lam1e00_s308,LHCb_7:10,0.7760269045829773
exactbaseline_matched_reference_distance_b0p1_2p0_lam1e00_s309,LHCb_7:10,0.7764087319374084
exactbaseline_matched_reference_distance_b0p1_2p0_lam1e00_s310,LHCb_7:10,0.7809591293334961
exactbaseline_matched_reference_distance_b0p1_2p0_lam1e00_s311,LHCb_7:10,0.77447509765625
exactbaseline_matched_reference_distance_b0p1_2p0_lam1e00_s312,LHCb_7:10,0.7781038284301758
exactbaseline_matched_reference_distance_b0p1_2p0_lam1e00_s313,LHCb_7:10,0.7816910147666931
exactbaseline_matched_reference_distance_b0p1_2p0_lam1e00_s314,LHCb_7:10,0.7786951661109924
exactbaseline_matched_reference_distance_b0p1_2p0_lam1e00_s315,LHCb_7:10,0.7802796363830566
exactbaseline_matched_reference_distance_b0p1_2p0_lam1e00_s316,LHCb_7:10,0.778334379196167
exactbaseline_matched_reference_distance_b0p1_2p0_lam1e00_s317,LHCb_7:10,0.7799738049507141
exactbaseline_matched_reference_distance_b0p1_2p0_lam1e00_s318,LHCb_7:10,0.7792174816131592
exactbaseline_matched_reference_distance_b0p1_2p0_lam1e00_s319,LHCb_7:10,0.7826938033103943
exactbaseline_matched_reference_distance_b0p1_2p0_lam1e00_s320,LHCb_7:10,0.7779152393341064
exactbaseline_matched_reference_distance_b0p1_2p0_lam1e00_s321,LHCb_7:10,0.7780917882919312
exactbaseline_matched_reference_distance_b0p1_2p0_lam1e00_s322,LHCb_7:10,0.7781652212142944
exactbaseline_matched_reference_distance_b0p1_2p0_lam1e00_s323,LHCb_7:10,0.7785296440124512
exactbaseline_matched_reference_distance_b0p1_2p0_lam1e00_s324,LHCb_7:10,0.7793025970458984
exactbaseline_matched_reference_distance_b0p1_2p0_lam1e00_s325,LHCb_7:10,0.7740185856819153
exactbaseline_matched_reference_distance_b0p1_2p0_lam1e00_s326,LHCb_7:10,0.783790647983551
lambda1_start_expansion48_s327_cont320000,LHCb_7:10,0.78255295753479
lambda1_start_expansion48_s328_cont240000,LHCb_7:10,0.7837511301040649
lambda1_start_expansion48_s329_cont200000,LHCb_7:10,0.781377911567688
lambda1_start_expansion48_s330_cont120000,LHCb_7:10,0.7799620032310486
lambda1_start_expansion48_s331_cont120000,LHCb_7:10,0.7836982011795044
lambda1_start_expansion48_s332_cont120000,LHCb_7:10,0.7805873155593872
lambda1_start_expansion48_s333_cont120000,LHCb_7:10,0.7759089469909668
lambda1_start_expansion48_s334_cont120000,LHCb_7:10,0.7831994295120239
lambda1_start_expansion48_s335_cont120000,LHCb_7:10,0.7755053639411926
lambda1_start_expansion48_s336_cont120000,LHCb_7:10,0.7834780216217041
lambda1_start_expansion48_s337_cont120000,LHCb_7:10,0.7885406017303467
lambda1_start_expansion48_s338_cont120000,LHCb_7:10,0.7841213941574097
lambda1_start_expansion48_s339_cont120000,LHCb_7:10,0.7834593057632446
lambda1_start_expansion48_s340_cont120000,LHCb_7:10,0.7830824255943298
lambda1_start_expansion48_s341_cont120000,LHCb_7:10,0.7826427221298218
lambda1_start_expansion48_s342_cont120000,LHCb_7:10,0.7796461582183838
lambda1_start_expansion48_s343_cont120000,LHCb_7:10,0.7831855416297913
lambda1_start_expansion48_s344_cont120000,LHCb_7:10,0.7823072075843811
lambda1_start_expansion48_s345_cont120000,LHCb_7:10,0.7814782857894897
lambda1_start_expansion48_s346_cont120000,LHCb_7:10,0.7842811942100525
lambda1_start_expansion48_s347_cont120000,LHCb_7:10,0.7820255160331726
lambda1_start_expansion48_s348_cont120000,LHCb_7:10,0.7851479649543762
lambda1_start_expansion48_s349_cont160000,LHCb_7:10,0.7819802165031433
lambda1_start_expansion48_s350_cont120000,LHCb_7:10,0.7843539714813232
lambda1_start_expansion96_s351_cont120000,LHCb_7:10,0.7815279364585876
lambda1_start_expansion96_s352_cont120000,LHCb_7:10,0.7836578488349915
lambda1_start_expansion96_s353_cont120000,LHCb_7:10,0.7819514870643616
lambda1_start_expansion96_s354_cont120000,LHCb_7:10,0.7799091339111328
lambda1_start_expansion96_s355_cont120000,LHCb_7:10,0.783725380897522
lambda1_start_expansion96_s356_cont120000,LHCb_7:10,0.7784995436668396
lambda1_start_expansion96_s357_cont120000,LHCb_7:10,0.7759111523628235
lambda1_start_expansion96_s358_cont120000,LHCb_7:10,0.7831074595451355
lambda1_start_expansion96_s359_cont120000,LHCb_7:10,0.7755353450775146
lambda1_start_expansion96_s360_cont120000,LHCb_7:10,0.7834663987159729
lambda1_start_expansion96_s361_cont120000,LHCb_7:10,0.7882145643234253
lambda1_start_expansion96_s362_cont120000,LHCb_7:10,0.7847518920898438
lambda1_start_expansion96_s363_cont120000,LHCb_7:10,0.7831404209136963
lambda1_start_expansion96_s364_cont120000,LHCb_7:10,0.7817344665527344
lambda1_start_expansion96_s365_cont120000,LHCb_7:10,0.7812037467956543
lambda1_start_expansion96_s366_cont120000,LHCb_7:10,0.7802730798721313
lambda1_start_expansion96_s367_cont120000,LHCb_7:10,0.7837282419204712
lambda1_start_expansion96_s368_cont120000,LHCb_7:10,0.7824056148529053
lambda1_start_expansion96_s369_cont120000,LHCb_7:10,0.7811670899391174
lambda1_start_expansion96_s370_cont120000,LHCb_7:10,0.7844277620315552
lambda1_start_expansion96_s371_cont120000,LHCb_7:10,0.7815902233123779
lambda1_start_expansion96_s372_cont120000,LHCb_7:10,0.7855234742164612
lambda1_start_expansion96_s373_cont120000,LHCb_7:10,0.7815151214599609
lambda1_start_expansion96_s374_cont120000,LHCb_7:10,0.782896876335144
lambda1_start_expansion96_s375_cont120000,LHCb_7:10,0.7803810834884644
lambda1_start_expansion96_s376_cont120000,LHCb_7:10,0.7836044430732727
lambda1_start_expansion96_s377_cont120000,LHCb_7:10,0.7812908291816711
lambda1_start_expansion96_s378_cont120000,LHCb_7:10,0.7811253666877747
lambda1_start_expansion96_s379_cont120000,LHCb_7:10,0.7836177945137024
lambda1_start_expansion96_s380_cont120000,LHCb_7:10,0.7784934043884277
lambda1_start_expansion96_s381_cont120000,LHCb_7:10,0.7754805088043213
lambda1_start_expansion96_s382_cont120000,LHCb_7:10,0.7834274172782898
lambda1_start_expansion96_s383_cont120000,LHCb_7:10,0.7755069732666016
lambda1_start_expansion96_s384_cont120000,LHCb_7:10,0.7835885882377625
lambda1_start_expansion96_s385_cont120000,LHCb_7:10,0.7879559993743896
lambda1_start_expansion96_s386_cont120000,LHCb_7:10,0.7852809429168701
lambda1_start_expansion96_s387_cont120000,LHCb_7:10,0.783115029335022
lambda1_start_expansion96_s388_cont120000,LHCb_7:10,0.7826427817344666
lambda1_start_expansion96_s389_cont120000,LHCb_7:10,0.782331645488739
lambda1_start_expansion96_s390_cont120000,LHCb_7:10,0.7807048559188843
lambda1_start_expansion96_s391_cont120000,LHCb_7:10,0.7824119329452515
lambda1_start_expansion96_s392_cont120000,LHCb_7:10,0.7825720906257629
lambda1_start_expansion96_s393_cont120000,LHCb_7:10,0.7803519368171692
lambda1_start_expansion96_s394_cont120000,LHCb_7:10,0.7841026186943054
lambda1_start_expansion96_s395_cont120000,LHCb_7:10,0.7820835113525391
lambda1_start_expansion96_s396_cont120000,LHCb_7:10,0.7847878336906433
lambda1_start_expansion96_s397_cont120000,LHCb_7:10,0.7817310690879822
lambda1_start_expansion96_s398_cont120000,LHCb_7:10,0.7814728021621704
exactbaseline_matched_reference_distance_b0p1_2p0_lam1e00_s303,LHCb_7:11,0.445834755897522
exactbaseline_matched_reference_distance_b0p1_2p0_lam1e00_s304,LHCb_7:11,0.4474233388900757
exactbaseline_matched_reference_distance_b0p1_2p0_lam1e00_s305,LHCb_7:11,0.44585931301116943
exactbaseline_matched_reference_distance_b0p1_2p0_lam1e00_s306,LHCb_7:11,0.44421327114105225
exactbaseline_matched_reference_distance_b0p1_2p0_lam1e00_s307,LHCb_7:11,0.44814205169677734
exactbaseline_matched_reference_distance_b0p1_2p0_lam1e00_s308,LHCb_7:11,0.4450463056564331
exactbaseline_matched_reference_distance_b0p1_2p0_lam1e00_s309,LHCb_7:11,0.44492578506469727
exactbaseline_matched_reference_distance_b0p1_2p0_lam1e00_s310,LHCb_7:11,0.44667792320251465
exactbaseline_matched_reference_distance_b0p1_2p0_lam1e00_s311,LHCb_7:11,0.4442540407180786
exactbaseline_matched_reference_distance_b0p1_2p0_lam1e00_s312,LHCb_7:11,0.44576966762542725
exactbaseline_matched_reference_distance_b0p1_2p0_lam1e00_s313,LHCb_7:11,0.4471818208694458
exactbaseline_matched_reference_distance_b0p1_2p0_lam1e00_s314,LHCb_7:11,0.4460228681564331
exactbaseline_matched_reference_distance_b0p1_2p0_lam1e00_s315,LHCb_7:11,0.44648849964141846
exactbaseline_matched_reference_distance_b0p1_2p0_lam1e00_s316,LHCb_7:11,0.4458503723144531
exactbaseline_matched_reference_distance_b0p1_2p0_lam1e00_s317,LHCb_7:11,0.44644641876220703
exactbaseline_matched_reference_distance_b0p1_2p0_lam1e00_s318,LHCb_7:11,0.44615745544433594
exactbaseline_matched_reference_distance_b0p1_2p0_lam1e00_s319,LHCb_7:11,0.44731760025024414
exactbaseline_matched_reference_distance_b0p1_2p0_lam1e00_s320,LHCb_7:11,0.4457848072052002
exactbaseline_matched_reference_distance_b0p1_2p0_lam1e00_s321,LHCb_7:11,0.445709228515625
exactbaseline_matched_reference_distance_b0p1_2p0_lam1e00_s322,LHCb_7:11,0.44588661193847656
exactbaseline_matched_reference_distance_b0p1_2p0_lam1e00_s323,LHCb_7:11,0.44592738151550293
exactbaseline_matched_reference_distance_b0p1_2p0_lam1e00_s324,LHCb_7:11,0.4461320638656616
exactbaseline_matched_reference_distance_b0p1_2p0_lam1e00_s325,LHCb_7:11,0.4441624879837036
exactbaseline_matched_reference_distance_b0p1_2p0_lam1e00_s326,LHCb_7:11,0.4476369619369507
lambda1_start_expansion48_s327_cont320000,LHCb_7:11,0.44747650623321533
lambda1_start_expansion48_s328_cont240000,LHCb_7:11,0.4479489326477051
lambda1_start_expansion48_s329_cont200000,LHCb_7:11,0.4470939636230469
lambda1_start_expansion48_s330_cont120000,LHCb_7:11,0.44657599925994873
lambda1_start_expansion48_s331_cont120000,LHCb_7:11,0.44798314571380615
lambda1_start_expansion48_s332_cont120000,LHCb_7:11,0.4467315673828125
lambda1_start_expansion48_s333_cont120000,LHCb_7:11,0.44478416442871094
lambda1_start_expansion48_s334_cont120000,LHCb_7:11,0.4476872682571411
lambda1_start_expansion48_s335_cont120000,LHCb_7:11,0.4446268081665039
lambda1_start_expansion48_s336_cont120000,LHCb_7:11,0.4478168487548828
lambda1_start_expansion48_s337_cont120000,LHCb_7:11,0.4495570659637451
lambda1_start_expansion48_s338_cont120000,LHCb_7:11,0.448012113571167
lambda1_start_expansion48_s339_cont120000,LHCb_7:11,0.44769883155822754
lambda1_start_expansion48_s340_cont120000,LHCb_7:11,0.44762659072875977
lambda1_start_expansion48_s341_cont120000,LHCb_7:11,0.4475499391555786
lambda1_start_expansion48_s342_cont120000,LHCb_7:11,0.4465329647064209
lambda1_start_expansion48_s343_cont120000,LHCb_7:11,0.4476814270019531
lambda1_start_expansion48_s344_cont120000,LHCb_7:11,0.44746291637420654
lambda1_start_expansion48_s345_cont120000,LHCb_7:11,0.4470505714416504
lambda1_start_expansion48_s346_cont120000,LHCb_7:11,0.4480893611907959
lambda1_start_expansion48_s347_cont120000,LHCb_7:11,0.4472759962081909
lambda1_start_expansion48_s348_cont120000,LHCb_7:11,0.4483429193496704
lambda1_start_expansion48_s349_cont160000,LHCb_7:11,0.447301983833313
lambda1_start_expansion48_s350_cont120000,LHCb_7:11,0.4481074810028076
lambda1_start_expansion96_s351_cont120000,LHCb_7:11,0.44715094566345215
lambda1_start_expansion96_s352_cont120000,LHCb_7:11,0.44790220260620117
lambda1_start_expansion96_s353_cont120000,LHCb_7:11,0.44723963737487793
lambda1_start_expansion96_s354_cont120000,LHCb_7:11,0.44655096530914307
lambda1_start_expansion96_s355_cont120000,LHCb_7:11,0.4479881525039673
lambda1_start_expansion96_s356_cont120000,LHCb_7:11,0.44600510597229004
lambda1_start_expansion96_s357_cont120000,LHCb_7:11,0.4447755813598633
lambda1_start_expansion96_s358_cont120000,LHCb_7:11,0.44765353202819824
lambda1_start_expansion96_s359_cont120000,LHCb_7:11,0.44463491439819336
lambda1_start_expansion96_s360_cont120000,LHCb_7:11,0.4478025436401367
lambda1_start_expansion96_s361_cont120000,LHCb_7:11,0.4494525194168091
lambda1_start_expansion96_s362_cont120000,LHCb_7:11,0.44823217391967773
lambda1_start_expansion96_s363_cont120000,LHCb_7:11,0.44759273529052734
lambda1_start_expansion96_s364_cont120000,LHCb_7:11,0.447177529335022
lambda1_start_expansion96_s365_cont120000,LHCb_7:11,0.4470306634902954
lambda1_start_expansion96_s366_cont120000,LHCb_7:11,0.44670891761779785
lambda1_start_expansion96_s367_cont120000,LHCb_7:11,0.4478893280029297
lambda1_start_expansion96_s368_cont120000,LHCb_7:11,0.44748759269714355
lambda1_start_expansion96_s369_cont120000,LHCb_7:11,0.44694459438323975
lambda1_start_expansion96_s370_cont120000,LHCb_7:11,0.4481391906738281
lambda1_start_expansion96_s371_cont120000,LHCb_7:11,0.4471306800842285
lambda1_start_expansion96_s372_cont120000,LHCb_7:11,0.4484705924987793
lambda1_start_expansion96_s373_cont120000,LHCb_7:11,0.4469658136367798
lambda1_start_expansion96_s374_cont120000,LHCb_7:11,0.4476269483566284
lambda1_start_expansion96_s375_cont120000,LHCb_7:11,0.44676172733306885
lambda1_start_expansion96_s376_cont120000,LHCb_7:11,0.44788575172424316
lambda1_start_expansion96_s377_cont120000,LHCb_7:11,0.44704556465148926
lambda1_start_expansion96_s378_cont120000,LHCb_7:11,0.44692039489746094
lambda1_start_expansion96_s379_cont120000,LHCb_7:11,0.44795775413513184
lambda1_start_expansion96_s380_cont120000,LHCb_7:11,0.4459402561187744
lambda1_start_expansion96_s381_cont120000,LHCb_7:11,0.4446272850036621
lambda1_start_expansion96_s382_cont120000,LHCb_7:11,0.44780611991882324
lambda1_start_expansion96_s383_cont120000,LHCb_7:11,0.444629430770874
lambda1_start_expansion96_s384_cont120000,LHCb_7:11,0.4478250741958618
lambda1_start_expansion96_s385_cont120000,LHCb_7:11,0.4493696689605713
lambda1_start_expansion96_s386_cont120000,LHCb_7:11,0.4484196901321411
lambda1_start_expansion96_s387_cont120000,LHCb_7:11,0.44759225845336914
lambda1_start_expansion96_s388_cont120000,LHCb_7:11,0.4475001096725464
lambda1_start_expansion96_s389_cont120000,LHCb_7:11,0.447415828704834
lambda1_start_expansion96_s390_cont120000,LHCb_7:11,0.4468510150909424
lambda1_start_expansion96_s391_cont120000,LHCb_7:11,0.44739043712615967
lambda1_start_expansion96_s392_cont120000,LHCb_7:11,0.44754016399383545
lambda1_start_expansion96_s393_cont120000,LHCb_7:11,0.446663498878479
lambda1_start_expansion96_s394_cont120000,LHCb_7:11,0.44802165031433105
lambda1_start_expansion96_s395_cont120000,LHCb_7:11,0.44729626178741455
lambda1_start_expansion96_s396_cont120000,LHCb_7:11,0.44821345806121826
lambda1_start_expansion96_s397_cont120000,LHCb_7:11,0.4470170736312866
lambda1_start_expansion96_s398_cont120000,LHCb_7:11,0.44717323780059814
exactbaseline_matched_reference_distance_b0p1_2p0_lam1e00_s303,LHCb_7:12,0.16028332710266113
exactbaseline_matched_reference_distance_b0p1_2p0_lam1e00_s304,LHCb_7:12,0.16058969497680664
exactbaseline_matched_reference_distance_b0p1_2p0_lam1e00_s305,LHCb_7:12,0.16028332710266113
exactbaseline_matched_reference_distance_b0p1_2p0_lam1e00_s306,LHCb_7:12,0.15994954109191895
exactbaseline_matched_reference_distance_b0p1_2p0_lam1e00_s307,LHCb_7:12,0.16072702407836914
exactbaseline_matched_reference_distance_b0p1_2p0_lam1e00_s308,LHCb_7:12,0.16014766693115234
exactbaseline_matched_reference_distance_b0p1_2p0_lam1e00_s309,LHCb_7:12,0.16006159782409668
exactbaseline_matched_reference_distance_b0p1_2p0_lam1e00_s310,LHCb_7:12,0.16040635108947754
exactbaseline_matched_reference_distance_b0p1_2p0_lam1e00_s311,LHCb_7:12,0.15994596481323242
exactbaseline_matched_reference_distance_b0p1_2p0_lam1e00_s312,LHCb_7:12,0.16026949882507324
exactbaseline_matched_reference_distance_b0p1_2p0_lam1e00_s313,LHCb_7:12,0.1605534553527832
exactbaseline_matched_reference_distance_b0p1_2p0_lam1e00_s314,LHCb_7:12,0.16032934188842773
exactbaseline_matched_reference_distance_b0p1_2p0_lam1e00_s315,LHCb_7:12,0.16037845611572266
exactbaseline_matched_reference_distance_b0p1_2p0_lam1e00_s316,LHCb_7:12,0.16028571128845215
exactbaseline_matched_reference_distance_b0p1_2p0_lam1e00_s317,LHCb_7:12,0.16039180755615234
exactbaseline_matched_reference_distance_b0p1_2p0_lam1e00_s318,LHCb_7:12,0.16033244132995605
exactbaseline_matched_reference_distance_b0p1_2p0_lam1e00_s319,LHCb_7:12,0.16052484512329102
exactbaseline_matched_reference_distance_b0p1_2p0_lam1e00_s320,LHCb_7:12,0.16029572486877441
exactbaseline_matched_reference_distance_b0p1_2p0_lam1e00_s321,LHCb_7:12,0.16024494171142578
exactbaseline_matched_reference_distance_b0p1_2p0_lam1e00_s322,LHCb_7:12,0.16031622886657715
exactbaseline_matched_reference_distance_b0p1_2p0_lam1e00_s323,LHCb_7:12,0.16030001640319824
exactbaseline_matched_reference_distance_b0p1_2p0_lam1e00_s324,LHCb_7:12,0.16031837463378906
exactbaseline_matched_reference_distance_b0p1_2p0_lam1e00_s325,LHCb_7:12,0.15994811058044434
exactbaseline_matched_reference_distance_b0p1_2p0_lam1e00_s326,LHCb_7:12,0.16056084632873535
lambda1_start_expansion48_s327_cont320000,LHCb_7:12,0.16060328483581543
lambda1_start_expansion48_s328_cont240000,LHCb_7:12,0.16070103645324707
lambda1_start_expansion48_s329_cont200000,LHCb_7:12,0.16054677963256836
lambda1_start_expansion48_s330_cont120000,LHCb_7:12,0.16044998168945312
lambda1_start_expansion48_s331_cont120000,LHCb_7:12,0.160722017288208
lambda1_start_expansion48_s332_cont120000,LHCb_7:12,0.16045856475830078
lambda1_start_expansion48_s333_cont120000,LHCb_7:12,0.16004514694213867
lambda1_start_expansion48_s334_cont120000,LHCb_7:12,0.16063523292541504
lambda1_start_expansion48_s335_cont120000,LHCb_7:12,0.16001176834106445
lambda1_start_expansion48_s336_cont120000,LHCb_7:12,0.16066551208496094
lambda1_start_expansion48_s337_cont120000,LHCb_7:12,0.16095852851867676
lambda1_start_expansion48_s338_cont120000,LHCb_7:12,0.1606919765472412
lambda1_start_expansion48_s339_cont120000,LHCb_7:12,0.1606144905090332
lambda1_start_expansion48_s340_cont120000,LHCb_7:12,0.16062068939208984
lambda1_start_expansion48_s341_cont120000,LHCb_7:12,0.16062688827514648
lambda1_start_expansion48_s342_cont120000,LHCb_7:12,0.1604616641998291
lambda1_start_expansion48_s343_cont120000,LHCb_7:12,0.16063523292541504
lambda1_start_expansion48_s344_cont120000,LHCb_7:12,0.16062116622924805
lambda1_start_expansion48_s345_cont120000,LHCb_7:12,0.16051578521728516
lambda1_start_expansion48_s346_cont120000,LHCb_7:12,0.16071128845214844
lambda1_start_expansion48_s347_cont120000,LHCb_7:12,0.16056513786315918
lambda1_start_expansion48_s348_cont120000,LHCb_7:12,0.16073966026306152
lambda1_start_expansion48_s349_cont160000,LHCb_7:12,0.16058063507080078
lambda1_start_expansion48_s350_cont120000,LHCb_7:12,0.16071343421936035
lambda1_start_expansion96_s351_cont120000,LHCb_7:12,0.16055655479431152
lambda1_start_expansion96_s352_cont120000,LHCb_7:12,0.1606886386871338
lambda1_start_expansion96_s353_cont120000,LHCb_7:12,0.16055679321289062
lambda1_start_expansion96_s354_cont120000,LHCb_7:12,0.16044330596923828
lambda1_start_expansion96_s355_cont120000,LHCb_7:12,0.1607215404510498
lambda1_start_expansion96_s356_cont120000,LHCb_7:12,0.16033482551574707
lambda1_start_expansion96_s357_cont120000,LHCb_7:12,0.16004085540771484
lambda1_start_expansion96_s358_cont120000,LHCb_7:12,0.1606287956237793
lambda1_start_expansion96_s359_cont120000,LHCb_7:12,0.16001248359680176
lambda1_start_expansion96_s360_cont120000,LHCb_7:12,0.160660982131958
lambda1_start_expansion96_s361_cont120000,LHCb_7:12,0.16094303131103516
lambda1_start_expansion96_s362_cont120000,LHCb_7:12,0.16072964668273926
lambda1_start_expansion96_s363_cont120000,LHCb_7:12,0.1605982780456543
lambda1_start_expansion96_s364_cont120000,LHCb_7:12,0.16054987907409668
lambda1_start_expansion96_s365_cont120000,LHCb_7:12,0.16053342819213867
lambda1_start_expansion96_s366_cont120000,LHCb_7:12,0.16048073768615723
lambda1_start_expansion96_s367_cont120000,LHCb_7:12,0.1606757640838623
lambda1_start_expansion96_s368_cont120000,LHCb_7:12,0.16062307357788086
lambda1_start_expansion96_s369_cont120000,LHCb_7:12,0.16049790382385254
lambda1_start_expansion96_s370_cont120000,LHCb_7:12,0.1607193946838379
lambda1_start_expansion96_s371_cont120000,LHCb_7:12,0.16054129600524902
lambda1_start_expansion96_s372_cont120000,LHCb_7:12,0.16076087951660156
lambda1_start_expansion96_s373_cont120000,LHCb_7:12,0.160475492477417
lambda1_start_expansion96_s374_cont120000,LHCb_7:12,0.16063833236694336
lambda1_start_expansion96_s375_cont120000,LHCb_7:12,0.1604933738708496
lambda1_start_expansion96_s376_cont120000,LHCb_7:12,0.16068601608276367
lambda1_start_expansion96_s377_cont120000,LHCb_7:12,0.16053342819213867
lambda1_start_expansion96_s378_cont120000,LHCb_7:12,0.160491943359375
lambda1_start_expansion96_s379_cont120000,LHCb_7:12,0.1607189178466797
lambda1_start_expansion96_s380_cont120000,LHCb_7:12,0.1603078842163086
lambda1_start_expansion96_s381_cont120000,LHCb_7:12,0.16001558303833008
lambda1_start_expansion96_s382_cont120000,LHCb_7:12,0.16066551208496094
lambda1_start_expansion96_s383_cont120000,LHCb_7:12,0.16001248359680176
lambda1_start_expansion96_s384_cont120000,LHCb_7:12,0.1606597900390625
lambda1_start_expansion96_s385_cont120000,LHCb_7:12,0.16093063354492188
lambda1_start_expansion96_s386_cont120000,LHCb_7:12,0.16076326370239258
lambda1_start_expansion96_s387_cont120000,LHCb_7:12,0.1606001853942871
lambda1_start_expansion96_s388_cont120000,LHCb_7:12,0.16060614585876465
lambda1_start_expansion96_s389_cont120000,LHCb_7:12,0.1605968475341797
lambda1_start_expansion96_s390_cont120000,LHCb_7:12,0.16050219535827637
lambda1_start_expansion96_s391_cont120000,LHCb_7:12,0.16057968139648438
lambda1_start_expansion96_s392_cont120000,LHCb_7:12,0.1606302261352539
lambda1_start_expansion96_s393_cont120000,LHCb_7:12,0.16044998168945312
lambda1_start_expansion96_s394_cont120000,LHCb_7:12,0.16069817543029785
lambda1_start_expansion96_s395_cont120000,LHCb_7:12,0.1605672836303711
lambda1_start_expansion96_s396_cont120000,LHCb_7:12,0.16071653366088867
lambda1_start_expansion96_s397_cont120000,LHCb_7:12,0.1604776382446289
lambda1_start_expansion96_s398_cont120000,LHCb_7:12,0.16057300567626953
exactbaseline_matched_reference_distance_b0p1_2p0_lam1e00_s303,LHCb_7:13,-2.3825721740722656
exactbaseline_matched_reference_distance_b0p1_2p0_lam1e00_s304,LHCb_7:13,-2.3681845664978027
exactbaseline_matched_reference_distance_b0p1_2p0_lam1e00_s305,LHCb_7:13,-2.3836584091186523
exactbaseline_matched_reference_distance_b0p1_2p0_lam1e00_s306,LHCb_7:13,-2.4009156227111816
exactbaseline_matched_reference_distance_b0p1_2p0_lam1e00_s307,LHCb_7:13,-2.3602840900421143
exactbaseline_matched_reference_distance_b0p1_2p0_lam1e00_s308,LHCb_7:13,-2.3865432739257812
exactbaseline_matched_reference_distance_b0p1_2p0_lam1e00_s309,LHCb_7:13,-2.3985586166381836
exactbaseline_matched_reference_distance_b0p1_2p0_lam1e00_s310,LHCb_7:13,-2.380091905593872
exactbaseline_matched_reference_distance_b0p1_2p0_lam1e00_s311,LHCb_7:13,-2.4033124446868896
exactbaseline_matched_reference_distance_b0p1_2p0_lam1e00_s312,LHCb_7:13,-2.385618209838867
exactbaseline_matched_reference_distance_b0p1_2p0_lam1e00_s313,LHCb_7:13,-2.3683974742889404
exactbaseline_matched_reference_distance_b0p1_2p0_lam1e00_s314,LHCb_7:13,-2.377223014831543
exactbaseline_matched_reference_distance_b0p1_2p0_lam1e00_s315,LHCb_7:13,-2.3879590034484863
exactbaseline_matched_reference_distance_b0p1_2p0_lam1e00_s316,LHCb_7:13,-2.3814897537231445
exactbaseline_matched_reference_distance_b0p1_2p0_lam1e00_s317,LHCb_7:13,-2.380847930908203
exactbaseline_matched_reference_distance_b0p1_2p0_lam1e00_s318,LHCb_7:13,-2.3855862617492676
exactbaseline_matched_reference_distance_b0p1_2p0_lam1e00_s319,LHCb_7:13,-2.3750064373016357
exactbaseline_matched_reference_distance_b0p1_2p0_lam1e00_s320,LHCb_7:13,-2.375967502593994
exactbaseline_matched_reference_distance_b0p1_2p0_lam1e00_s321,LHCb_7:13,-2.388345241546631
exactbaseline_matched_reference_distance_b0p1_2p0_lam1e00_s322,LHCb_7:13,-2.3769216537475586
exactbaseline_matched_reference_distance_b0p1_2p0_lam1e00_s323,LHCb_7:13,-2.3817758560180664
exactbaseline_matched_reference_distance_b0p1_2p0_lam1e00_s324,LHCb_7:13,-2.3828117847442627
exactbaseline_matched_reference_distance_b0p1_2p0_lam1e00_s325,LHCb_7:13,-2.400485038757324
exactbaseline_matched_reference_distance_b0p1_2p0_lam1e00_s326,LHCb_7:13,-2.3768818378448486
lambda1_start_expansion48_s327_cont320000,LHCb_7:13,-2.3675448894500732
lambda1_start_expansion48_s328_cont240000,LHCb_7:13,-2.361964702606201
lambda1_start_expansion48_s329_cont200000,LHCb_7:13,-2.3665826320648193
lambda1_start_expansion48_s330_cont120000,LHCb_7:13,-2.3707528114318848
lambda1_start_expansion48_s331_cont120000,LHCb_7:13,-2.359832286834717
lambda1_start_expansion48_s332_cont120000,LHCb_7:13,-2.3741953372955322
lambda1_start_expansion48_s333_cont120000,LHCb_7:13,-2.398160696029663
lambda1_start_expansion48_s334_cont120000,LHCb_7:13,-2.365607261657715
lambda1_start_expansion48_s335_cont120000,LHCb_7:13,-2.4001898765563965
lambda1_start_expansion48_s336_cont120000,LHCb_7:13,-2.365084409713745
lambda1_start_expansion48_s337_cont120000,LHCb_7:13,-2.354839324951172
lambda1_start_expansion48_s338_cont120000,LHCb_7:13,-2.3644111156463623
lambda1_start_expansion48_s339_cont120000,LHCb_7:13,-2.3723371028900146
lambda1_start_expansion48_s340_cont120000,LHCb_7:13,-2.3666391372680664
lambda1_start_expansion48_s341_cont120000,LHCb_7:13,-2.366797685623169
lambda1_start_expansion48_s342_cont120000,LHCb_7:13,-2.3678479194641113
lambda1_start_expansion48_s343_cont120000,LHCb_7:13,-2.366291046142578
lambda1_start_expansion48_s344_cont120000,LHCb_7:13,-2.363637924194336
lambda1_start_expansion48_s345_cont120000,LHCb_7:13,-2.3706650733947754
lambda1_start_expansion48_s346_cont120000,LHCb_7:13,-2.3615808486938477
lambda1_start_expansion48_s347_cont120000,LHCb_7:13,-2.369201421737671
lambda1_start_expansion48_s348_cont120000,LHCb_7:13,-2.36350154876709
lambda1_start_expansion48_s349_cont160000,LHCb_7:13,-2.3668746948242188
lambda1_start_expansion48_s350_cont120000,LHCb_7:13,-2.3624367713928223
lambda1_start_expansion96_s351_cont120000,LHCb_7:13,-2.3662378787994385
lambda1_start_expansion96_s352_cont120000,LHCb_7:13,-2.3623147010803223
lambda1_start_expansion96_s353_cont120000,LHCb_7:13,-2.3676719665527344
lambda1_start_expansion96_s354_cont120000,LHCb_7:13,-2.371973991394043
lambda1_start_expansion96_s355_cont120000,LHCb_7:13,-2.3601226806640625
lambda1_start_expansion96_s356_cont120000,LHCb_7:13,-2.378509283065796
lambda1_start_expansion96_s357_cont120000,LHCb_7:13,-2.399210214614868
lambda1_start_expansion96_s358_cont120000,LHCb_7:13,-2.3659534454345703
lambda1_start_expansion96_s359_cont120000,LHCb_7:13,-2.400284767150879
lambda1_start_expansion96_s360_cont120000,LHCb_7:13,-2.3649630546569824
lambda1_start_expansion96_s361_cont120000,LHCb_7:13,-2.3552615642547607
lambda1_start_expansion96_s362_cont120000,LHCb_7:13,-2.362954616546631
lambda1_start_expansion96_s363_cont120000,LHCb_7:13,-2.3730313777923584
lambda1_start_expansion96_s364_cont120000,LHCb_7:13,-2.3682966232299805
lambda1_start_expansion96_s365_cont120000,LHCb_7:13,-2.3685224056243896
lambda1_start_expansion96_s366_cont120000,LHCb_7:13,-2.368685007095337
lambda1_start_expansion96_s367_cont120000,LHCb_7:13,-2.3642234802246094
lambda1_start_expansion96_s368_cont120000,LHCb_7:13,-2.3636977672576904
lambda1_start_expansion96_s369_cont120000,LHCb_7:13,-2.3713440895080566
lambda1_start_expansion96_s370_cont120000,LHCb_7:13,-2.3614249229431152
lambda1_start_expansion96_s371_cont120000,LHCb_7:13,-2.370023727416992
lambda1_start_expansion96_s372_cont120000,LHCb_7:13,-2.3630499839782715
lambda1_start_expansion96_s373_cont120000,LHCb_7:13,-2.37589168548584
lambda1_start_expansion96_s374_cont120000,LHCb_7:13,-2.363311529159546
lambda1_start_expansion96_s375_cont120000,LHCb_7:13,-2.3674402236938477
lambda1_start_expansion96_s376_cont120000,LHCb_7:13,-2.3624191284179688
lambda1_start_expansion96_s377_cont120000,LHCb_7:13,-2.36773681640625
lambda1_start_expansion96_s378_cont120000,LHCb_7:13,-2.3728725910186768
lambda1_start_expansion96_s379_cont120000,LHCb_7:13,-2.3599514961242676
lambda1_start_expansion96_s380_cont120000,LHCb_7:13,-2.3806698322296143
lambda1_start_expansion96_s381_cont120000,LHCb_7:13,-2.3997573852539062
lambda1_start_expansion96_s382_cont120000,LHCb_7:13,-2.3633224964141846
lambda1_start_expansion96_s383_cont120000,LHCb_7:13,-2.4004225730895996
lambda1_start_expansion96_s384_cont120000,LHCb_7:13,-2.364821434020996
lambda1_start_expansion96_s385_cont120000,LHCb_7:13,-2.355395793914795
lambda1_start_expansion96_s386_cont120000,LHCb_7:13,-2.3606228828430176
lambda1_start_expansion96_s387_cont120000,LHCb_7:13,-2.372983455657959
lambda1_start_expansion96_s388_cont120000,LHCb_7:13,-2.3659214973449707
lambda1_start_expansion96_s389_cont120000,LHCb_7:13,-2.3675551414489746
lambda1_start_expansion96_s390_cont120000,LHCb_7:13,-2.367828130722046
lambda1_start_expansion96_s391_cont120000,LHCb_7:13,-2.368290901184082
lambda1_start_expansion96_s392_cont120000,LHCb_7:13,-2.363321304321289
lambda1_start_expansion96_s393_cont120000,LHCb_7:13,-2.373591423034668
lambda1_start_expansion96_s394_cont120000,LHCb_7:13,-2.3623104095458984
lambda1_start_expansion96_s395_cont120000,LHCb_7:13,-2.3701562881469727
lambda1_start_expansion96_s396_cont120000,LHCb_7:13,-2.3643460273742676
lambda1_start_expansion96_s397_cont120000,LHCb_7:13,-2.376330614089966
lambda1_start_expansion96_s398_cont120000,LHCb_7:13,-2.3643760681152344
