endpoint,profile,optimizer_success,data_chi2,data_chi2_per_row,total_chi2,total_chi2_per_row,matching_nuisance_sigma,nlo_scale_nuisance_sigma,max_absolute_pull,min_prediction,max_prediction,pass_diagnostic_gate
exactbaseline_matched_reference_distance_b0p1_2p0_lam1e00_s303,early_0p18_0p28,True,5.166589199180576,1.291647299795144,23.89209787004979,5.973024467512447,-0.7164607518645889,4.267574564305448,1.8042901352818184,0.007773986470658141,0.9949732806240128,False
exactbaseline_matched_reference_distance_b0p1_2p0_lam1e00_s303,central_0p20_0p30,True,5.228322117920466,1.3070805294801164,24.213902433468846,6.053475608367211,-0.9434515852010567,4.253878162562956,1.8515460284381164,0.00776274440862939,0.9974259097256769,False
exactbaseline_matched_reference_distance_b0p1_2p0_lam1e00_s303,late_0p22_0p32,True,5.288097783973618,1.3220244459934045,24.30886728098873,6.077216820247182,-1.0109951355589408,4.242482567187668,1.8908635840729164,0.007753390857786464,0.9991106803763872,False
exactbaseline_matched_reference_distance_b0p1_2p0_lam1e00_s304,early_0p18_0p28,True,5.166740842551992,1.291685210637998,23.846064416985676,5.961516104246419,-0.6910121740933969,4.2663597773381,1.8084814436426484,0.007772989368594737,0.9954105712543835,False
exactbaseline_matched_reference_distance_b0p1_2p0_lam1e00_s304,central_0p20_0p30,True,5.227646857899963,1.3069117144749907,24.145874936366727,6.036468734091682,-0.908963398219922,4.253470773281892,1.8529516198263467,0.007762410021857326,0.9977427881841385,False
exactbaseline_matched_reference_distance_b0p1_2p0_lam1e00_s304,late_0p22_0p32,True,5.283990019784033,1.3209975049460083,24.23627582537337,6.059068956343342,-0.9740666020556622,4.243050796343248,1.8889030562810778,0.007753857262579027,0.9993636056700399,False
exactbaseline_matched_reference_distance_b0p1_2p0_lam1e00_s305,early_0p18_0p28,True,5.166585852304754,1.2916464630761886,23.890849277625037,5.972712319406259,-0.7157860130506227,4.267541893038822,1.8044028590405055,0.007773959653950157,0.9949850468153265,False
exactbaseline_matched_reference_distance_b0p1_2p0_lam1e00_s305,central_0p20_0p30,True,5.2282915186361185,1.3070728796590296,24.212061781936427,6.053015445484107,-0.9425316149429931,4.25386934662235,1.8515764455619117,0.007762737172469631,0.9974344629353696,False
exactbaseline_matched_reference_distance_b0p1_2p0_lam1e00_s305,late_0p22_0p32,True,5.287922367430029,1.3219805918575072,24.306951479409683,6.076737869852421,-1.0100091850053723,4.242512293227262,1.8907610220586455,0.00775341525704017,0.9991176343043962,False
exactbaseline_matched_reference_distance_b0p1_2p0_lam1e00_s306,early_0p18_0p28,True,5.167015379755681,1.2917538449389203,23.939925600188744,5.984981400047186,-0.7416988523291014,4.268816350334921,1.8000056736374337,0.007775005733661099,0.9945263011039568,False
exactbaseline_matched_reference_distance_b0p1_2p0_lam1e00_s306,central_0p20_0p30,True,5.229237292130486,1.3073093230326216,24.284944370065077,6.071236092516269,-0.9780288066542503,4.254311546101091,1.8500507505863966,0.00776310013159295,0.9970995672356568,False
exactbaseline_matched_reference_distance_b0p1_2p0_lam1e00_s306,late_0p22_0p32,True,5.292157493418814,1.3230393733547035,24.385135767914687,6.096283941978672,-1.0481006110787148,4.241988140430416,1.892569475770138,0.007752985030301391,0.9988504709364988,False
exactbaseline_matched_reference_distance_b0p1_2p0_lam1e00_s307,early_0p18_0p28,True,5.166989840404032,1.291747460101008,23.825787677576397,5.956446919394099,-0.6794075939881319,4.265817994055023,1.8103507267887133,0.007772544670681445,0.9956056057909495,False
exactbaseline_matched_reference_distance_b0p1_2p0_lam1e00_s307,central_0p20_0p30,True,5.22741858158024,1.30685464539506,24.116011964090504,6.029002991022626,-0.8933583777349796,4.253293334751436,1.8535638256008782,0.007762264379592796,0.9978833612882064,False
exactbaseline_matched_reference_distance_b0p1_2p0_lam1e00_s307,late_0p22_0p32,True,5.2821470382500415,1.3205367595625104,24.20453156767717,6.051132891919292,-0.9573833718183681,4.2433243581881435,1.8879592018617133,0.007754081803249405,0.999475828620251,False
exactbaseline_matched_reference_distance_b0p1_2p0_lam1e00_s308,early_0p18_0p28,True,5.166753988206932,1.291688497051733,23.918591913717727,5.979647978429432,-0.7305845129751795,4.268264775633257,1.8019087395418678,0.00777455299891177,0.99472480030584,False
exactbaseline_matched_reference_distance_b0p1_2p0_lam1e00_s308,central_0p20_0p30,True,5.228862682273458,1.3072156705683644,24.25315344860525,6.0632883621513125,-0.9627593974410597,4.254102150744704,1.8507732151267071,0.007762928259036253,0.9972448214771961,False
exactbaseline_matched_reference_distance_b0p1_2p0_lam1e00_s308,late_0p22_0p32,True,5.290796049494699,1.3226990123736748,24.350614193142444,6.087653548285611,-1.0317034134491387,4.242099269268123,1.8921860544467857,0.007753076245301518,0.9989654247619886,False
exactbaseline_matched_reference_distance_b0p1_2p0_lam1e00_s309,early_0p18_0p28,True,5.166712028055781,1.2916780070139453,23.914051431336862,5.9785128578342155,-0.7281891276401504,4.268147138708758,1.8023146153360965,0.007774456442047642,0.994767233859427,False
exactbaseline_matched_reference_distance_b0p1_2p0_lam1e00_s309,central_0p20_0p30,True,5.228629324650621,1.3071573311626552,24.246545179334454,6.0616362948336135,-0.9594659040639583,4.254096970406595,1.8507910885440375,0.007762924006993749,0.9972757498671581,False
exactbaseline_matched_reference_distance_b0p1_2p0_lam1e00_s309,late_0p22_0p32,True,5.289385765649399,1.3223464414123498,24.344338275516204,6.086084568879051,-1.0281715717453959,4.242383260494201,1.891206216144059,0.007753309346450216,0.99899209275668,False
exactbaseline_matched_reference_distance_b0p1_2p0_lam1e00_s310,early_0p18_0p28,True,5.166622876264014,1.2916557190660034,23.862133460850593,5.965533365212648,-0.7000322828244332,4.266786306764166,1.807009814132567,0.007773339465675348,0.9952570894295429,False
exactbaseline_matched_reference_distance_b0p1_2p0_lam1e00_s310,central_0p20_0p30,True,5.227761840529872,1.306940460132468,24.169675520886607,6.042418880221652,-0.9211378080543233,4.2536359527972785,1.8523817106138791,0.007762545601872629,0.9976317974329248,False
exactbaseline_matched_reference_distance_b0p1_2p0_lam1e00_s310,late_0p22_0p32,True,5.28477597317876,1.32119399329469,24.262183803695923,6.065545950923981,-0.9870948325550569,4.243000308986586,1.889077249852281,0.007753815822352176,0.9992762981111649,False
exactbaseline_matched_reference_distance_b0p1_2p0_lam1e00_s311,early_0p18_0p28,True,5.166977527768542,1.2917443819421355,23.93735395714518,5.984338489286295,-0.7403707223795797,4.26875012419558,1.8002341698091773,0.007774951374977673,0.9945501580977067,False
exactbaseline_matched_reference_distance_b0p1_2p0_lam1e00_s311,central_0p20_0p30,True,5.229157980622623,1.3072894951556557,24.281137734220646,6.070284433555162,-0.9761977529113567,4.254294030836237,1.8501111824793903,0.007763085754992611,0.997117038986193,False
exactbaseline_matched_reference_distance_b0p1_2p0_lam1e00_s311,late_0p22_0p32,True,5.291771061774584,1.322942765443646,24.38117430406937,6.095293576017342,-1.0461340363612472,4.242052194429166,1.892348474007916,0.007753037606083021,0.998864735906083,False
exactbaseline_matched_reference_distance_b0p1_2p0_lam1e00_s312,early_0p18_0p28,True,5.1665958966002155,1.2916489741500539,23.894241483415094,5.9735603708537734,-0.7176171641135699,4.2676306298207765,1.8040966957163045,0.007774032489460221,0.9949530921432828,False
exactbaseline_matched_reference_distance_b0p1_2p0_lam1e00_s312,central_0p20_0p30,True,5.228362811453681,1.3070907028634202,24.217074456274794,6.0542686140686985,-0.9450279692084189,4.253896306004052,1.8514834291854005,0.007762759300839334,0.9974112253610669,False
exactbaseline_matched_reference_distance_b0p1_2p0_lam1e00_s312,late_0p22_0p32,True,5.288314179076462,1.3220785447691155,24.31223857435252,6.07805964358813,-1.0126849138922533,4.2424513739642435,1.890971208225674,0.007753365254262326,0.999098906997411,False
exactbaseline_matched_reference_distance_b0p1_2p0_lam1e00_s313,early_0p18_0p28,True,5.166673221780777,1.2916683054451943,23.854149583812738,5.9635373959531846,-0.6955699709704332,4.266574595330094,1.8077402697001397,0.007773165692072705,0.9953332281035234,False
exactbaseline_matched_reference_distance_b0p1_2p0_lam1e00_s313,central_0p20_0p30,True,5.227771387670613,1.3069428469176532,24.157779183623013,6.039444795905753,-0.9151146192453342,4.253536532063157,1.8527247361528103,0.007762463996931349,0.9976869215357449,False
exactbaseline_matched_reference_distance_b0p1_2p0_lam1e00_s313,late_0p22_0p32,True,5.284867626600032,1.321216906650008,24.248826507082473,6.062206626770618,-0.9806469173762244,4.242910617008441,1.889386708833981,0.007753742202813209,0.9993187187418101,False
exactbaseline_matched_reference_distance_b0p1_2p0_lam1e00_s314,early_0p18_0p28,True,5.166579200590405,1.2916448001476013,23.887463596123105,5.971865899030776,-0.7139524096981469,4.267453145872713,1.8047090581925513,0.007773886809916735,0.995016975648007,False
exactbaseline_matched_reference_distance_b0p1_2p0_lam1e00_s314,central_0p20_0p30,True,5.2282604936265,1.307065123406625,24.207024045868653,6.051756011467163,-0.9400368695415959,4.2538328876607965,1.8517022377826802,0.007762707246806307,0.9974576846407693,False
exactbaseline_matched_reference_distance_b0p1_2p0_lam1e00_s314,late_0p22_0p32,True,5.287801279312627,1.3219503198281568,24.301418874496928,6.075354718624232,-1.0073349604036017,4.242510326767983,1.8907678068179814,0.007753413642962429,0.9991358196816827,False
exactbaseline_matched_reference_distance_b0p1_2p0_lam1e00_s315,early_0p18_0p28,True,5.1665921977811,1.291648049445275,23.86963414336261,5.967408535840653,-0.7041917922307092,4.266984399471881,1.80632634645932,0.007773502060972233,0.9951857591391549,False
exactbaseline_matched_reference_distance_b0p1_2p0_lam1e00_s315,central_0p20_0p30,True,5.227905844447999,1.3069764611119998,24.180721749582588,6.045180437395647,-0.9267735740383117,4.253693294961314,1.8521838663020656,0.0077625926685531395,0.9975801491225506,False
exactbaseline_matched_reference_distance_b0p1_2p0_lam1e00_s315,late_0p22_0p32,True,5.285694112391673,1.3214235280979183,24.273756514414497,6.068439128603624,-0.9931279684785174,4.2428480105052735,1.8896027163869262,0.007753690815141816,0.9992345884767969,False
exactbaseline_matched_reference_distance_b0p1_2p0_lam1e00_s316,early_0p18_0p28,True,5.166587825486589,1.2916469563716473,23.89159089209638,5.972897723024095,-0.7161868751803718,4.267561297325344,1.804335909566633,0.007773975581067133,0.9949780560850364,False
exactbaseline_matched_reference_distance_b0p1_2p0_lam1e00_s316,central_0p20_0p30,True,5.228312715046982,1.3070781787617456,24.213152232734327,6.053288058183582,-0.9430783979073284,4.253873840758314,1.8515609397076758,0.007762740861274634,0.9974293837232937,False
exactbaseline_matched_reference_distance_b0p1_2p0_lam1e00_s316,late_0p22_0p32,True,5.288047182176091,1.3220117955440227,24.3080694511739,6.077017362793475,-1.010595121446176,4.242489807825942,1.8908386021225438,0.007753396800931688,0.9991134640343438,False
exactbaseline_matched_reference_distance_b0p1_2p0_lam1e00_s317,early_0p18_0p28,True,5.166583511749813,1.2916458779374533,23.873038260639234,5.9682595651598085,-0.7060691144015493,4.267074074184515,1.8060169470478042,0.007773575666339598,0.9951534483312183,False
exactbaseline_matched_reference_distance_b0p1_2p0_lam1e00_s317,central_0p20_0p30,True,5.227995673872675,1.3069989184681687,24.185716393900613,6.046429098475153,-0.9293221846712452,4.253713788809233,1.852113157578286,0.007762609489986524,0.9975567431382073,False
exactbaseline_matched_reference_distance_b0p1_2p0_lam1e00_s317,late_0p22_0p32,True,5.286267824196363,1.3215669560490908,24.278862287048206,6.0697155717620515,-0.9958566186375325,4.242742516105316,1.8899666975395504,0.007753604224911016,0.9992153776681537,False
exactbaseline_matched_reference_distance_b0p1_2p0_lam1e00_s318,early_0p18_0p28,True,5.166574134505786,1.2916435336264465,23.881533281097823,5.970383320274456,-0.7107253120824579,4.2672975848137575,1.8052457814078504,0.007773759124769431,0.9950729960795438,False
exactbaseline_matched_reference_distance_b0p1_2p0_lam1e00_s318,central_0p20_0p30,True,5.228128571697487,1.3070321429243716,24.198279713071894,6.049569928267974,-0.9356447961363726,4.2537888942491415,1.8518540256755789,0.007762671136835821,0.9974983671322339,False
exactbaseline_matched_reference_distance_b0p1_2p0_lam1e00_s318,late_0p22_0p32,True,5.287029708282238,1.3217574270705594,24.29227403903369,6.073068509758422,-1.002629250091666,4.242638202535313,1.8903266045437006,0.0077535186039102266,0.9991687711739434,False
exactbaseline_matched_reference_distance_b0p1_2p0_lam1e00_s319,early_0p18_0p28,True,5.1667666178326055,1.2916916544581514,23.843371454967574,5.9608428637418935,-0.689484961886167,4.266288237387132,1.8087282737475912,0.007772930648313203,0.9954363902661167,False
exactbaseline_matched_reference_distance_b0p1_2p0_lam1e00_s319,central_0p20_0p30,True,5.227510517043741,1.3068776292609352,24.14200371989419,6.035500929973548,-0.9068975732124013,4.253472698225758,1.852944978305213,0.007762411601859047,0.9977613802766383,False
exactbaseline_matched_reference_distance_b0p1_2p0_lam1e00_s319,late_0p22_0p32,True,5.283040126911115,1.3207600317277788,24.232759297733672,6.058189824433418,-0.9718586292411392,4.243254644207921,1.888199731926678,0.007754024581732056,0.9993798271856169,False
exactbaseline_matched_reference_distance_b0p1_2p0_lam1e00_s320,early_0p18_0p28,True,5.1666040482742215,1.2916510120685554,23.896417140711186,5.974104285177797,-0.7187885442536674,4.267687444165359,1.803900672509061,0.007774079122904386,0.9949326160726072,False
exactbaseline_matched_reference_distance_b0p1_2p0_lam1e00_s320,central_0p20_0p30,True,5.2284474742428415,1.3071118685607104,24.220254501189842,6.055063625297461,-0.9466288810591322,4.253904181865376,1.8514562555621246,0.00776276576537821,0.997396343295029,False
exactbaseline_matched_reference_distance_b0p1_2p0_lam1e00_s320,late_0p22_0p32,True,5.2888327799520765,1.3222081949880191,24.31537705421772,6.07884426355443,-1.014400428665792,4.2423502972513125,1.8913199472913558,0.007753282290086932,0.999086388691709,False
exactbaseline_matched_reference_distance_b0p1_2p0_lam1e00_s321,early_0p18_0p28,True,5.166596059394207,1.2916490148485518,23.894380343131175,5.973595085782794,-0.7176918353470336,4.267634322808501,1.8040839540169455,0.007774035520679504,0.9949517859258921,False
exactbaseline_matched_reference_distance_b0p1_2p0_lam1e00_s321,central_0p20_0p30,True,5.2283358351830085,1.3070839587957521,24.217307781701194,6.054326945425299,-0.945127532666993,4.253904781904854,1.8514541852810364,0.007762766257893044,0.9974102642307516,False
exactbaseline_matched_reference_distance_b0p1_2p0_lam1e00_s321,late_0p22_0p32,True,5.288121484101287,1.3220303710253218,24.312654825938928,6.078163706484732,-1.0127921330028515,4.242497547101845,1.8908118997519479,0.007753403153360698,0.9990985408658218,False
exactbaseline_matched_reference_distance_b0p1_2p0_lam1e00_s322,early_0p18_0p28,True,5.166593856348937,1.2916484640872343,23.893534394011823,5.973383598502956,-0.7172361850243634,4.267612071469779,1.8041607265083632,0.00777401725669055,0.9949597464021529,False
exactbaseline_matched_reference_distance_b0p1_2p0_lam1e00_s322,central_0p20_0p30,True,5.228399861451158,1.3070999653627895,24.215980825633874,6.0539952064084686,-0.9445124703712049,4.253877896401823,1.8515469467582923,0.0077627441901632534,0.997416087111354,False
exactbaseline_matched_reference_distance_b0p1_2p0_lam1e00_s322,late_0p22_0p32,True,5.288594080713473,1.3221485201783683,24.31079092813143,6.077697732032857,-1.0121314621774653,4.242379845168094,1.8912179998437912,0.007753306543136713,0.9991021167392565,False
exactbaseline_matched_reference_distance_b0p1_2p0_lam1e00_s323,early_0p18_0p28,True,5.1665825106512555,1.2916456276628139,23.88935403362341,5.972338508405852,-0.7149769826437354,4.267502716725768,1.8045380267800901,0.007773927497873714,0.9949991437283121,False
exactbaseline_matched_reference_distance_b0p1_2p0_lam1e00_s323,central_0p20_0p30,True,5.228275485189572,1.307068871297393,24.209838746488607,6.052459686622152,-0.9414304615589469,4.253853775971613,1.8516301680666596,0.007762724392016435,0.9974447165355478,False
exactbaseline_matched_reference_distance_b0p1_2p0_lam1e00_s323,late_0p22_0p32,True,5.287853853115872,1.321963463278968,24.304522099748354,6.0761305249370885,-1.0088287881774127,4.24251490542779,1.8907520093360786,0.007753417401144946,0.9991256928085113,False
exactbaseline_matched_reference_distance_b0p1_2p0_lam1e00_s324,early_0p18_0p28,True,5.16657402250188,1.29164350562547,23.880571979599175,5.970142994899794,-0.7102002857346709,4.2672723736878675,1.8053327658796696,0.007773738431375181,0.9950820897388781,False
exactbaseline_matched_reference_distance_b0p1_2p0_lam1e00_s324,central_0p20_0p30,True,5.22808267469301,1.3070206686732524,24.19688612420353,6.049221531050883,-0.9349288877457109,4.253787891323342,1.851857486011754,0.007762670313630263,0.9975049564948039,False
exactbaseline_matched_reference_distance_b0p1_2p0_lam1e00_s324,late_0p22_0p32,True,5.286733095425737,1.3216832738564344,24.290959448810217,6.072739862202554,-1.0018627475932123,4.2426993044958365,1.8901157880261619,0.007753568756646923,0.9991744447419706,False
exactbaseline_matched_reference_distance_b0p1_2p0_lam1e00_s325,early_0p18_0p28,True,5.167062073028431,1.2917655182571077,23.942967592647157,5.985741898161789,-0.7432657505893746,4.268894651267415,1.7997355165137203,0.007775070003383655,0.9944981051282638,False
exactbaseline_matched_reference_distance_b0p1_2p0_lam1e00_s325,central_0p20_0p30,True,5.229330539987641,1.3073326349969103,24.28944995268767,6.072362488171917,-0.9801903805100137,4.254332642219654,1.849977963883467,0.007763117447372519,0.9970789075795048,False
exactbaseline_matched_reference_distance_b0p1_2p0_lam1e00_s325,late_0p22_0p32,True,5.29260491260467,1.3231512281511675,24.389834398685252,6.097458599671313,-1.0504225029351562,4.241914903838598,1.8928221596956778,0.007752924917410175,0.9988336230592282,False
exactbaseline_matched_reference_distance_b0p1_2p0_lam1e00_s326,early_0p18_0p28,True,5.1669031637662055,1.2917257909415514,23.831789635627246,5.957947408906811,-0.682868342576588,4.265979055101858,1.8097950272871959,0.00777267687024108,0.9955477207178367,False
exactbaseline_matched_reference_distance_b0p1_2p0_lam1e00_s326,central_0p20_0p30,True,5.227332118612431,1.3068330296531077,24.12498773261285,6.031246933153213,-0.8979930210467931,4.253382671257275,1.8532555930844672,0.0077623377073586545,0.997841623369267,False
exactbaseline_matched_reference_distance_b0p1_2p0_lam1e00_s326,late_0p22_0p32,True,5.281680353453771,1.3204200883634427,24.214941743918857,6.053735435979714,-0.9623386798615174,4.243485083714503,1.8874046599868537,0.007754213727412473,0.9994444885107363,False
lambda1_start_expansion48_s327_cont320000,early_0p18_0p28,True,5.166752506065402,1.2916881265163505,23.844873773653298,5.961218443413324,-0.6903377620628395,4.266328051364307,1.8085909059128142,0.007772963327786939,0.9954219815850329,False
lambda1_start_expansion48_s327_cont320000,central_0p20_0p30,True,5.227638081060932,1.306909520265233,24.14411414905056,6.03602853726264,-0.9080548374128556,4.2534588842776815,1.852992639761603,0.007762400263314512,0.9977510263715772,False
lambda1_start_expansion48_s327_cont320000,late_0p22_0p32,True,5.283922364102914,1.3209805910257284,24.2343680658306,6.05859201645765,-0.9730947473213498,4.2430569539499805,1.88888181105103,0.007753862316767576,0.9993701045463564,False
lambda1_start_expansion48_s328_cont240000,early_0p18_0p28,True,5.1668988576609465,1.2917247144152366,23.832202299399974,5.9580505748499935,-0.6831063167876527,4.265989826722965,1.809757862593453,0.007772685711631316,0.9955437369831243,False
lambda1_start_expansion48_s328_cont240000,central_0p20_0p30,True,5.227504486118268,1.306876121529567,24.125435186857743,6.031358796714436,-0.8983254274080783,4.253344816401742,1.8533862014765161,0.007762306635939898,0.9978388268546028,False
lambda1_start_expansion48_s328_cont240000,late_0p22_0p32,True,5.282856777517581,1.3207141943793952,24.214433141787392,6.053608285446848,-0.962691617100497,4.243206477963834,1.888365917099045,0.007753985046683807,0.9994400310625012,False
lambda1_start_expansion48_s329_cont200000,early_0p18_0p28,True,5.166650123500836,1.291662530875209,23.857552659921367,5.964388164980342,-0.6974768466558791,4.26666480811412,1.8074290138123914,0.0077732397390912495,0.9953007433983294,False
lambda1_start_expansion48_s329_cont200000,central_0p20_0p30,True,5.227832705242424,1.306958176310606,24.16278614724095,6.040696536810238,-0.917692186676283,4.253562564781648,1.8526349169881358,0.0077624853646921345,0.9976634395625654,False
lambda1_start_expansion48_s329_cont200000,late_0p22_0p32,True,5.285283983836439,1.3213209959591097,24.25406934819571,6.0635173370489275,-0.9834049203522882,4.242841044275189,1.8896267515627938,0.007753685097231945,0.9992997578525553,False
lambda1_start_expansion48_s330_cont120000,early_0p18_0p28,True,5.1665836988534055,1.2916459247133514,23.873169618400066,5.9682924046000165,-0.7061417404779957,4.267077426283869,1.8060053814956294,0.007773578417756326,0.995152199126383,False
lambda1_start_expansion48_s330_cont120000,central_0p20_0p30,True,5.228068020761706,1.3070170051904264,24.185844463123175,6.046461115780794,-0.929426087911449,4.253697637288186,1.8521688842258566,0.0077625962327526245,0.9975558657802854,False
lambda1_start_expansion48_s330_cont120000,late_0p22_0p32,True,5.286764808064761,1.3216912020161902,24.278598008178307,6.069649502044577,-0.9959667703299713,4.242626944772782,1.8903654465427453,0.0077535093634931405,0.9992137279062676,False
lambda1_start_expansion48_s331_cont120000,early_0p18_0p28,True,5.16689169949087,1.2917229248727176,23.832756495857716,5.958189123964429,-0.6834247807011723,4.266004613861828,1.809706843393864,0.007772697848974792,0.9955383975341514,False
lambda1_start_expansion48_s331_cont120000,central_0p20_0p30,True,5.227538276370275,1.3068845690925688,24.126224696414763,6.031556174103691,-0.8987554420203873,4.2533428118931615,1.8533931175151315,0.007762304990631136,0.9978349932636192,False
lambda1_start_expansion48_s331_cont120000,late_0p22_0p32,True,5.283096178787577,1.3207740446968943,24.215110351992966,6.053777587998241,-0.9631508654818671,4.243153848675171,1.888547500852839,0.007753941848350493,0.9994366012990664,False
lambda1_start_expansion48_s332_cont120000,early_0p18_0p28,True,5.166604973596444,1.291651243399111,23.8662266578323,5.966556664458075,-0.702306536474813,4.26689432879004,1.8066371120602127,0.007773428130591739,0.9952181349328154,False
lambda1_start_expansion48_s332_cont120000,central_0p20_0p30,True,5.2279216423462564,1.3069804105865641,24.175625041494566,6.0439062603736415,-0.9242242404979577,4.253647017845308,1.8523435335263991,0.007762554684108872,0.9976036334437732,False
lambda1_start_expansion48_s332_cont120000,late_0p22_0p32,True,5.285841675787564,1.321460418946891,24.267942636414872,6.066985659103718,-0.9903973548850217,4.242783760700521,1.8898243937271366,0.007753638078641826,0.9992524495486381,False
lambda1_start_expansion48_s333_cont120000,early_0p18_0p28,True,5.166767053523811,1.2916917633809528,23.920001357117194,5.980000339279298,-0.731325282674133,4.268301492926077,1.801782056015847,0.0077745831366144436,0.99471164898262,False
lambda1_start_expansion48_s333_cont120000,central_0p20_0p30,True,5.2287755906593745,1.3071938976648436,24.255354225055395,6.063838556263849,-0.9637661891946226,4.2541430825680155,1.850631990452852,0.007762961856042625,0.9972351719801019,False
lambda1_start_expansion48_s333_cont120000,late_0p22_0p32,True,5.290111918126666,1.3225279795316665,24.353617160880745,6.088404290220186,-1.0327860061853218,4.242270419030575,1.8915955464403618,0.007753216725719797,0.9989593050134031,False
lambda1_start_expansion48_s334_cont120000,early_0p18_0p28,True,5.166826186723772,1.291706546680943,23.838005096150756,5.959501274037689,-0.686429976864265,4.266144957252286,1.80922262480935,0.007772813043398153,0.995487905886467,False
lambda1_start_expansion48_s334_cont120000,central_0p20_0p30,True,5.227540572725694,1.3068851431814235,24.134008016563545,6.033502004140886,-0.9027918398700844,4.253402677586715,1.85318656641715,0.007762354128634897,0.9977985793080079,False
lambda1_start_expansion48_s334_cont120000,late_0p22_0p32,True,5.28318882468181,1.3207972061704525,24.22371284659105,6.055928211647762,-0.9674668652014151,4.243174741469716,1.8884754156668693,0.007753958997240884,0.9994082824157898,False
lambda1_start_expansion48_s335_cont120000,early_0p18_0p28,True,5.166818189495847,1.2917045473739617,23.924843025373626,5.9812107563434065,-0.7338640452953037,4.268426923223659,1.8013492912026847,0.007774686090310765,0.9946664987677358,False
lambda1_start_expansion48_s335_cont120000,central_0p20_0p30,True,5.22887452802528,1.30721863200632,24.26254780485889,6.065636951214723,-0.9672499369685502,4.254186271928857,1.85048297672941,0.007762997306044946,0.9972021744295508,False
lambda1_start_expansion48_s335_cont120000,late_0p22_0p32,True,5.29054283625719,1.3226357090642975,24.36132694928542,6.090331737321355,-1.036525582214918,4.242216263987759,1.8917823944144005,0.007753172275041293,0.9989329539907651,False
lambda1_start_expansion48_s336_cont120000,early_0p18_0p28,True,5.166861736129508,1.291715434032377,23.83506809108294,5.958767022770735,-0.6847503324538353,4.266066494694825,1.8094933395782242,0.007772748641013169,0.9955161479606379,False
lambda1_start_expansion48_s336_cont120000,central_0p20_0p30,True,5.227520487309212,1.306880121827303,24.12966970297785,6.0324174257444625,-0.9005338391186065,4.253373722149388,1.8532864696675342,0.007762330361894652,0.9978189425351883,False
lambda1_start_expansion48_s336_cont120000,late_0p22_0p32,True,5.283011650053522,1.3207529125133806,24.219024193462957,6.054756048365739,-0.9650525898483268,4.243192906554741,1.888412741737377,0.007753973907216251,0.9994243640177587,False
lambda1_start_expansion48_s337_cont120000,early_0p18_0p28,True,5.167868414295504,1.291967103573876,23.784042780686306,5.9460106951715765,-0.6546802562757987,4.264688514819512,1.814247702876237,0.00777161758954988,0.9960122517281995,False
lambda1_start_expansion48_s337_cont120000,central_0p20_0p30,True,5.2270305037460725,1.3067576259365181,24.05477203832315,6.013693009580788,-0.860348083466772,4.2529451806779885,1.854765041219846,0.0077619786133190805,0.9981749395152573,False
lambda1_start_expansion48_s337_cont120000,late_0p22_0p32,True,5.277927938391574,1.3194819845978936,24.14000827977153,6.035002069942882,-0.9221449857155319,4.244022733998919,1.885549636684126,0.007754655032943723,0.9997093338811847,False
lambda1_start_expansion48_s338_cont120000,early_0p18_0p28,True,5.1669520849114985,1.2917380212278746,23.828338452927717,5.957084613231929,-0.680881357142366,4.265886419668506,1.8101146419000902,0.0077726008347021565,0.9955809863217071,False
lambda1_start_expansion48_s338_cont120000,central_0p20_0p30,True,5.227425018641143,1.3068562546602858,24.119784328996346,6.0299460822490865,-0.8953345444073896,4.253320510371399,1.8534700631501553,0.007762286685451739,0.997865633360731,False
lambda1_start_expansion48_s338_cont120000,late_0p22_0p32,True,5.282244589560074,1.3205611473900185,24.208654015450037,6.052163503862509,-0.9594954755452925,4.243321559615542,1.8879688576129339,0.007754079506169678,0.9994619394782454,False
lambda1_start_expansion48_s339_cont120000,early_0p18_0p28,True,5.166858856892666,1.2917147142231664,23.83526526597175,5.958816316492937,-0.6848629961667754,4.2660718565866365,1.80947483975679,0.007772753042075687,0.9955142541688436,False
lambda1_start_expansion48_s339_cont120000,central_0p20_0p30,True,5.227465532821111,1.3068663832052778,24.13001449675131,6.032503624187828,-0.9006809837278021,4.2533895576917615,1.85323183322268,0.007762343359771976,0.9978175528476853,False
lambda1_start_expansion48_s339_cont120000,late_0p22_0p32,True,5.282640709792447,1.3206601774481117,24.219724434560895,6.054931108640224,-0.9652107163757712,4.243283162571386,1.888101336686656,0.007754047989720304,0.9994240144500603,False
lambda1_start_expansion48_s340_cont120000,early_0p18_0p28,True,5.166811932845577,1.2917029832113942,23.839242742438216,5.959810685609554,-0.6871361805064424,4.266177994297901,1.8091086390248243,0.0077728401603390125,0.9954760146851577,False
lambda1_start_expansion48_s340_cont120000,central_0p20_0p30,True,5.22754625778124,1.30688656444531,24.13583957604036,6.03395989401009,-0.9037414360162548,4.253415655104307,1.8531417908478927,0.007762364780633902,0.9977900011927555,False
lambda1_start_expansion48_s340_cont120000,late_0p22_0p32,True,5.283241641097675,1.3208104102744187,24.225711218693203,6.056427804673301,-0.9684823264510092,4.243172346363929,1.8884836793601578,0.007753957031328352,0.999401550999453,False
lambda1_start_expansion48_s341_cont120000,early_0p18_0p28,True,5.166762056703418,1.2916905141758546,23.84391541449069,5.960978853622673,-0.6897943212482248,4.2663025153124075,1.8086790114578248,0.007772942367692104,0.9954311673781577,False
lambda1_start_expansion48_s341_cont120000,central_0p20_0p30,True,5.227646980585556,1.306911745146389,24.14268201024599,6.035670502561498,-0.9073241891780851,4.253445408770726,1.8530391335144039,0.007762389202563819,0.9977576660555932,False
lambda1_start_expansion48_s341_cont120000,late_0p22_0p32,True,5.283975965135717,1.3209939912839292,24.232725114763596,6.058181278690899,-0.972312995009324,4.243036246529586,1.8889532566514213,0.007753845320033039,0.9993751304540854,False
lambda1_start_expansion48_s342_cont120000,early_0p18_0p28,True,5.16657783994787,1.2916444599869674,23.876704456364976,5.969176114091244,-0.7080839978916982,4.267170452225551,1.8056844195347055,0.007773654773826069,0.995118691870623,False
lambda1_start_expansion48_s342_cont120000,central_0p20_0p30,True,5.228163046417321,1.3070407616043302,24.191032645475165,6.047758161368791,-0.9320651550878049,4.253718860682849,1.8520956583896535,0.007762613653000931,0.997531578451868,False
lambda1_start_expansion48_s342_cont120000,late_0p22_0p32,True,5.287365217301216,1.321841304325304,24.283904341420442,6.0709760853551105,-0.9987927037708416,4.242517207862964,1.8907440653787841,0.007753419290993062,0.9991937831618034,False
lambda1_start_expansion48_s343_cont120000,early_0p18_0p28,True,5.166824502713032,1.291706125678258,23.83815186770746,5.959537966926865,-0.6865137773177132,4.266148872056318,1.8092091177901637,0.007772816256685159,0.9954864951821562,False
lambda1_start_expansion48_s343_cont120000,central_0p20_0p30,True,5.227541905982897,1.3068854764957243,24.13422454232192,6.03355613558048,-0.902904559154171,4.253404047747831,1.8531818390304573,0.007762355253268691,0.9977975621464062,False
lambda1_start_expansion48_s343_cont120000,late_0p22_0p32,True,5.283199988615146,1.3207999971537865,24.223945020983614,6.055986255245903,-0.9675873933498379,4.243173301739977,1.8884803830821077,0.007753957815504881,0.9994074750991485,False
lambda1_start_expansion48_s344_cont120000,early_0p18_0p28,True,5.1667278658869655,1.2916819664717414,23.847504439447544,5.961876109861886,-0.6918270069709772,4.2663980083890625,1.8083495372855265,0.007773020748796225,0.995396776332153,False
lambda1_start_expansion48_s344_cont120000,central_0p20_0p30,True,5.227711351333405,1.3069278378333513,24.147953820128386,6.0369884550320965,-0.9100654778122648,4.253471910673599,1.8529476955503243,0.007762410955433046,0.9977328470999502,False
lambda1_start_expansion48_s344_cont120000,late_0p22_0p32,True,5.284439822613105,1.3211099556532762,24.238218433257213,6.059554608314303,-0.9752447392466045,4.242956081462066,1.8892298454910903,0.007753779520220902,0.9993550452425277,False
lambda1_start_expansion48_s345_cont120000,early_0p18_0p28,True,5.166657057201729,1.2916642643004324,23.856459936125034,5.964114984031259,-0.696865124012266,4.2666358970339475,1.807528764019881,0.007773216008759537,0.9953111710092151,False
lambda1_start_expansion48_s345_cont120000,central_0p20_0p30,True,5.2277757180267725,1.3069439295066931,24.161213425941128,6.040303356485282,-0.9168622333813287,4.2535633712116425,1.8526321346099306,0.007762486026613141,0.9976709629557701,False
lambda1_start_expansion48_s345_cont120000,late_0p22_0p32,True,5.2848948854217745,1.3212237213554436,24.2526372765545,6.063159319138625,-0.9825173965497054,4.24292375097761,1.8893413934690093,0.0077537529832283035,0.9993063335245309,False
lambda1_start_expansion48_s346_cont120000,early_0p18_0p28,True,5.166976456228537,1.2917441140571342,23.8266782107836,5.9566695526959,-0.6799225698686641,4.265841892702806,1.810268270683275,0.007772564286788349,0.9955970078841184,False
lambda1_start_expansion48_s346_cont120000,central_0p20_0p30,True,5.227417144481957,1.3068542861204893,24.117332444908453,6.029333111227113,-0.8940484872357995,4.253303728032819,1.8535279662705357,0.007762272910440254,0.9978771689006083,False
lambda1_start_expansion48_s346_cont120000,late_0p22_0p32,True,5.282155824758015,1.3205389561895038,24.205996291626157,6.051499072906539,-0.9581209761028616,4.243329431239088,1.887941698611013,0.007754085967230169,0.999471027165278,False
lambda1_start_expansion48_s347_cont120000,early_0p18_0p28,True,5.166701208342818,1.2916753020857046,23.850533814415073,5.962633453603768,-0.6935364488150391,4.266478618279632,1.8080714136989329,0.007773086913720923,0.9953677882650602,False
lambda1_start_expansion48_s347_cont120000,central_0p20_0p30,True,5.227707776654769,1.3069269441636922,24.152460954853638,6.038115238713409,-0.9123681694203916,4.253508845838616,1.8528202603126191,0.007762441271966101,0.9977118905369537,False
lambda1_start_expansion48_s347_cont120000,late_0p22_0p32,True,5.28442696970944,1.32110674242736,24.243258795555167,6.060814698888792,-0.97770868607257,4.242984509873207,1.8891317606083045,0.007753802854375918,0.9993388760127189,False
lambda1_start_expansion48_s348_cont120000,early_0p18_0p28,True,5.167119973476284,1.291779993369071,23.81775120785762,5.954437801964405,-0.6747367950216694,4.265602125354077,1.8110955259308177,0.0077723674847773126,0.9956833437016963,False
lambda1_start_expansion48_s348_cont120000,central_0p20_0p30,True,5.227295275192497,1.3068238187981243,24.104235667646414,6.0260589169116034,-0.8870950440687353,4.253234389878203,1.853767199646409,0.007762215997402085,0.997939242562529,False
lambda1_start_expansion48_s348_cont120000,late_0p22_0p32,True,5.281108546453197,1.3202771366132993,24.19229850240466,6.048074625601165,-0.9506923637455879,4.243509630655654,1.8873199671127565,0.007754233875641201,0.9995210324889116,False
lambda1_start_expansion48_s349_cont160000,early_0p18_0p28,True,5.166697395287248,1.291674348821812,23.851022172454517,5.962755543113629,-0.6938116436209255,4.266491553998824,1.8080267823442489,0.007773097531411633,0.9953631160889272,False
lambda1_start_expansion48_s349_cont160000,central_0p20_0p30,True,5.227736387231349,1.3069340968078373,24.153160108235607,6.038290027058902,-0.9127412450967807,4.253507627888239,1.8528244625355053,0.007762440272267497,0.9977085251375482,False
lambda1_start_expansion48_s349_cont160000,late_0p22_0p32,True,5.2846243008223714,1.3211560752055929,24.243874226923225,6.060968556730806,-0.9781074770082198,4.242941867327605,1.8892788876871343,0.007753767853201761,0.9993358893748869,False
lambda1_start_expansion48_s350_cont120000,early_0p18_0p28,True,5.166987660358742,1.2917469150896854,23.825923626106395,5.956480906526599,-0.679486162878475,4.265821669995634,1.8103380439060135,0.0077725476879083885,0.9956042930841197,False
lambda1_start_expansion48_s350_cont120000,central_0p20_0p30,True,5.227404721201286,1.3068511803003215,24.11622652071668,6.02905663017917,-0.8934626490971522,4.25329828417708,1.853546748887312,0.007762268442101413,0.9978824105281224,False
lambda1_start_expansion48_s350_cont120000,late_0p22_0p32,True,5.28205618328394,1.320514045820985,24.20484868423069,6.0512121710576725,-0.9574950113660518,4.243347240582118,1.8878802520772986,0.007754100585211066,0.999475271733305,False
lambda1_start_expansion96_s351_cont120000,early_0p18_0p28,True,5.166660871873795,1.2916652179684487,23.855919767455497,5.963979941863874,-0.696562747056909,4.266621524695416,1.8075783520581747,0.007773204211885853,0.9953163243956609,False
lambda1_start_expansion96_s351_cont120000,central_0p20_0p30,True,5.227810891440599,1.3069527228601499,24.16037613707732,6.04009403426933,-0.9164569179192946,4.2535481616216115,1.8526846113680597,0.007762473542520036,0.9976747074369166,False
lambda1_start_expansion96_s351_cont120000,late_0p22_0p32,True,5.285137313714225,1.3212843284285563,24.251500903854392,6.062875225963598,-0.9820830115699842,4.242861834720263,1.889555019507209,0.007753702162113476,0.9993087533787316,False
lambda1_start_expansion96_s352_cont120000,early_0p18_0p28,True,5.166885951571145,1.2917214878927863,23.83317963631882,5.958294909079705,-0.6836675452404088,4.266015983600229,1.8096676150510291,0.007772707181302125,0.995534324092062,False
lambda1_start_expansion96_s352_cont120000,central_0p20_0p30,True,5.227509168274654,1.3068772920686635,24.126879980401412,6.031719995100353,-0.8990791111592521,4.253354859872833,1.8533515490761472,0.007762314879661652,0.9978320436689107,False
lambda1_start_expansion96_s352_cont120000,late_0p22_0p32,True,5.2829040082157785,1.3207260020539446,24.216004363530352,6.054001090882588,-0.9634973383490288,4.243203180889281,1.8883772928023632,0.007753982340431658,0.9994346979002575,False
lambda1_start_expansion96_s353_cont120000,early_0p18_0p28,True,5.166694692159409,1.2916736730398521,23.85133230427077,5.962833076067692,-0.6939861587820698,4.266499832829045,1.8079982183809706,0.007773104326709013,0.9953601528393393,False
lambda1_start_expansion96_s353_cont120000,central_0p20_0p30,True,5.227713631254653,1.3069284078136632,24.15364287146897,6.038410717867243,-0.9129747195418652,4.253516945034047,1.8527923161327395,0.007762447919818517,0.9977063724019903,False
lambda1_start_expansion96_s353_cont120000,late_0p22_0p32,True,5.284469050678546,1.3211172626696366,24.244542625616745,6.061135656404186,-0.9783576647923136,4.2429812460910465,1.8891430214448344,0.007753800175450301,0.9993345288280683,False
lambda1_start_expansion96_s354_cont120000,early_0p18_0p28,True,5.166582364481104,1.291645591120276,23.87376004682155,5.968440011705387,-0.7064666014338883,4.2670929944634315,1.8059516675170322,0.007773591196181172,0.9951466003837075,False
lambda1_start_expansion96_s354_cont120000,central_0p20_0p30,True,5.228074341390823,1.3070185853477057,24.186719708463013,6.046679927115753,-0.9298666240832064,4.253703495601014,1.8521486716320485,0.007762601041279524,0.9975518044732712,False
lambda1_start_expansion96_s354_cont120000,late_0p22_0p32,True,5.286800378762413,1.3217000946906032,24.279546587712147,6.069886646928037,-0.9964386252126495,4.242623748947585,1.8903764729113377,0.007753506740346873,0.9992105199692914,False
lambda1_start_expansion96_s355_cont120000,early_0p18_0p28,True,5.166895462644521,1.2917238656611303,23.832471784369805,5.958117946092451,-0.6832612507799832,4.265996997761233,1.8097331207799041,0.007772691597648573,0.9955411395950207,False
lambda1_start_expansion96_s355_cont120000,central_0p20_0p30,True,5.22753255352848,1.30688313838212,24.125808028833365,6.031452007208341,-0.8985355021109975,4.2533409723123565,1.8533994645130982,0.00776230348069576,0.997836966766929,False
lambda1_start_expansion96_s355_cont120000,late_0p22_0p32,True,5.283052288773362,1.3207630721933405,24.214682931507372,6.053670732876843,-0.9629158073388701,4.243162003825796,1.8885193636140385,0.007753948542131159,0.9994382121150149,False
lambda1_start_expansion96_s356_cont120000,early_0p18_0p28,True,5.1665836097428315,1.2916459024357079,23.889698123391412,5.972424530847853,-0.715163461452793,4.267511656346288,1.804507182930724,0.007773934835550448,0.9949958948048381,False
lambda1_start_expansion96_s356_cont120000,central_0p20_0p30,True,5.228328445490991,1.3070821113727478,24.210304114683552,6.052576028670888,-0.9416880649903391,4.253845231957471,1.8516596469784907,0.007762717379055019,0.9974423741743894,False
lambda1_start_expansion96_s356_cont120000,late_0p22_0p32,True,5.288212289023029,1.3220530722557573,24.304752906141296,6.076188226535324,-1.0091041075201197,4.242434385739429,1.8910298217032735,0.0077533513102585865,0.9991231818769859,False
lambda1_start_expansion96_s357_cont120000,early_0p18_0p28,True,5.166766638218723,1.2916916595546808,23.919975016174078,5.9799937540435195,-0.7313114030928203,4.26830083401601,1.8017843294146787,0.007774582595778391,0.994711895269561,False
lambda1_start_expansion96_s357_cont120000,central_0p20_0p30,True,5.228770042207808,1.307192510551952,24.255319789244822,6.063829947311206,-0.9637467802812597,4.254144084364623,1.8506285340126603,0.007762962678321338,0.9972353496597146,False
lambda1_start_expansion96_s357_cont120000,late_0p22_0p32,True,5.29007430365849,1.3225185759146225,24.35360849941244,6.08840212485311,-1.0327652644479046,4.242278881014755,1.8915663505517004,0.007753223671350688,0.9989595164120494,False
lambda1_start_expansion96_s358_cont120000,early_0p18_0p28,True,5.166814831925759,1.2917037079814397,23.8389776932934,5.95974442332335,-0.6869850362428997,4.2661709320356564,1.8091330055348258,0.007772834363605556,0.9954785606240261,False
lambda1_start_expansion96_s358_cont120000,central_0p20_0p30,True,5.2275521025343235,1.3068880256335809,24.135440474991917,6.033860118747979,-0.9035387457791254,4.253411114309722,1.853157457685637,0.0077623610535313145,0.9977918411081016,False
lambda1_start_expansion96_s358_cont120000,late_0p22_0p32,True,5.28327935463154,1.320819838657885,24.22523403319007,6.056308508297517,-0.9682654679845111,4.243161163810216,1.8885222618706186,0.007753947852642968,0.9994028984010765,False
lambda1_start_expansion96_s359_cont120000,early_0p18_0p28,True,5.166814131687036,1.291703532921759,23.92448222049034,5.981120555122585,-0.7336752589072314,4.26841758773327,1.801381500898682,0.00777467842770244,0.9946698618404105,False
lambda1_start_expansion96_s359_cont120000,central_0p20_0p30,True,5.228865125810161,1.3072162814525403,24.262013395996078,6.0655033489990196,-0.9669905841443805,4.254183526878222,1.8504924478169238,0.007762995052896266,0.9972046321197359,False
lambda1_start_expansion96_s359_cont120000,late_0p22_0p32,True,5.290497354718152,1.322624338679538,24.360764830487025,6.090191207621756,-1.0362471918356406,4.2422233832250775,1.8917578313266314,0.007753178118540122,0.9989349434726464,False
lambda1_start_expansion96_s360_cont120000,early_0p18_0p28,True,5.166860297320826,1.2917150743302066,23.835190371078323,5.958797592769581,-0.6848203761431417,4.266069751677375,1.80948210220199,0.007772751314357639,0.9955149724655148,False
lambda1_start_expansion96_s360_cont120000,central_0p20_0p30,True,5.227516848917767,1.3068792122294417,24.12985466396412,6.03246366599103,-0.9006275925340022,4.253376041994496,1.8532784656417585,0.007762332266032913,0.9978180930897821,False
lambda1_start_expansion96_s360_cont120000,late_0p22_0p32,True,5.2829878404442745,1.3207469601110686,24.21925071993541,6.054812679983852,-0.9651528827396183,4.243199593753579,1.8883896692866848,0.007753979396096145,0.9994237538259813,False
lambda1_start_expansion96_s361_cont120000,early_0p18_0p28,True,5.167784251112689,1.2919460627781723,23.787198702026014,5.946799675506504,-0.6565911452791476,4.2647746152469,1.8139506356118706,0.007771688261129438,0.9959812552271329,False
lambda1_start_expansion96_s361_cont120000,central_0p20_0p30,True,5.227055607613179,1.3067639019032948,24.059390911602414,6.014847727900603,-0.8628875653957393,4.252970768001427,1.8546767587756467,0.007761999615497803,0.9981527858384982,False
lambda1_start_expansion96_s361_cont120000,late_0p22_0p32,True,5.278264330995324,1.319566082748831,24.14484843486597,6.036212108716493,-0.924853380040476,4.243963987747581,1.8857523254361621,0.007754606813782669,0.999691563814692,False
lambda1_start_expansion96_s362_cont120000,early_0p18_0p28,True,5.167051836515446,1.2917629591288615,23.821814154044432,5.955453538511108,-0.6771033071044462,4.265711362602632,1.8107186310467842,0.007772457147153402,0.9956440102734913,False
lambda1_start_expansion96_s362_cont120000,central_0p20_0p30,True,5.227352215278473,1.3068380538196183,24.110192535239904,6.027548133809976,-0.89026659995065,4.253265298682148,1.8536605568095341,0.007762241367473562,0.9979109748401213,False
lambda1_start_expansion96_s362_cont120000,late_0p22_0p32,True,5.281602488968395,1.3204006222420988,24.198511714179688,6.049627928544922,-0.9540802375941281,4.2434231612512585,1.8876183074368946,0.00775416290120382,0.9994982286253858,False
lambda1_start_expansion96_s363_cont120000,early_0p18_0p28,True,5.1668187101031045,1.2917046775257761,23.838629147452654,5.959657286863163,-0.6867860234387132,4.266161670091605,1.8091649614782,0.007772826761364362,0.995481911111276,False
lambda1_start_expansion96_s363_cont120000,central_0p20_0p30,True,5.227510377846283,1.3068775944615707,24.134962862447743,6.033740715611936,-0.9032680621251227,4.253417366370973,1.8531358865646905,0.007762366185248514,0.9977942409492588,False
lambda1_start_expansion96_s363_cont120000,late_0p22_0p32,True,5.282990914410312,1.320747728602578,24.224945926827097,6.056236481706774,-0.9679765886277448,4.243227113446248,1.8882947197020508,0.007754001984371359,0.9994053161610139,False
lambda1_start_expansion96_s364_cont120000,early_0p18_0p28,True,5.166676626679012,1.291669156669753,23.853678781524692,5.963419695381173,-0.6953055943865655,4.266562115481319,1.8077833281918048,0.0077731554485622805,0.9953377261634837,False
lambda1_start_expansion96_s364_cont120000,central_0p20_0p30,True,5.227754430448028,1.306938607612007,24.157094724040164,6.039273681010041,-0.9147567629162668,4.2535350425606095,1.8527298752962553,0.007762462774341625,0.9976901688905668,False
lambda1_start_expansion96_s364_cont120000,late_0p22_0p32,True,5.284751404006591,1.3211878510016477,24.24815946720996,6.06203986680249,-0.9802641710863594,4.242934151985833,1.8893055074792042,0.007753761520417983,0.999321455142636,False
lambda1_start_expansion96_s365_cont120000,early_0p18_0p28,True,5.166638532553942,1.2916596331384855,23.85945349715615,5.964863374289037,-0.6985389884332274,4.266715158789123,1.807255291825918,0.007773281067129241,0.995282617250234,False
lambda1_start_expansion96_s365_cont120000,central_0p20_0p30,True,5.227860181153716,1.306965045288429,24.165590684795006,6.041397671198752,-0.9191282273000052,4.253578940777007,1.8525784158499872,0.007762498806175458,0.997650326711647,False
lambda1_start_expansion96_s365_cont120000,late_0p22_0p32,True,5.285465120638814,1.3213662801597035,24.25705007445647,6.064262518614117,-0.9849417988001107,4.242814467637497,1.8897184473800495,0.007753663283020076,0.9992892714505381,False
lambda1_start_expansion96_s366_cont120000,early_0p18_0p28,True,5.166592827033363,1.2916482067583408,23.869706333935902,5.9674265834839755,-0.7042322040030635,4.2669861154856745,1.8063204257973844,0.007773503469483306,0.9951850675215871,False
lambda1_start_expansion96_s366_cont120000,central_0p20_0p30,True,5.22802332652109,1.3070058316302724,24.180718563334384,6.045179640833596,-0.9268372606290916,4.253665234726736,1.8522806808868146,0.007762569636598937,0.9975796957264621,False
lambda1_start_expansion96_s366_cont120000,late_0p22_0p32,True,5.2865047075887395,1.3216261768971849,24.273085851148483,6.068271462787121,-0.9931943339261545,4.242657912042488,1.8902586019848713,0.0077535347815535505,0.9992326537781848,False
lambda1_start_expansion96_s367_cont120000,early_0p18_0p28,True,5.166895473503068,1.291723868375767,23.832442095453267,5.958110523863317,-0.6832439459526055,4.265996288356251,1.8097355683983853,0.00777269101536609,0.9955414280235158,False
lambda1_start_expansion96_s367_cont120000,central_0p20_0p30,True,5.227480836175789,1.3068702090439472,24.125813243698,6.0314533109245,-0.8985083734211335,4.253353395900031,1.85335660013581,0.007762313678026846,0.9978371524884283,False
lambda1_start_expansion96_s367_cont120000,late_0p22_0p32,True,5.282699993625001,1.3206749984062502,24.214988225789387,6.053747056447347,-0.962887546704761,4.243245904324338,1.8882298866353786,0.0077540174080002085,0.9994390432640667,False
lambda1_start_expansion96_s368_cont120000,early_0p18_0p28,True,5.1667374785394165,1.2916843696348541,23.8464496574869,5.961612414371725,-0.6912304011082089,4.266369968899939,1.808446280293445,0.007772997733869976,0.9954068781223073,False
lambda1_start_expansion96_s368_cont120000,central_0p20_0p30,True,5.2276919648701,1.306922991217525,24.14640470661377,6.036601176653442,-0.9092606486577421,4.253464213384917,1.852974253054867,0.007762404637467317,0.9977401393050228,False
lambda1_start_expansion96_s368_cont120000,late_0p22_0p32,True,5.284300401048709,1.3210751002621772,24.236606544773863,6.059151636193466,-0.9743839413493613,4.242980329740599,1.8891461830751413,0.0077537994233061415,0.9993609524863555,False
lambda1_start_expansion96_s369_cont120000,early_0p18_0p28,True,5.166636070386221,1.2916590175965552,23.85985448406366,5.964963621015915,-0.6987626390111439,4.266725815892043,1.807218522247568,0.007773289814522486,0.9952787979416631,False
lambda1_start_expansion96_s369_cont120000,central_0p20_0p30,True,5.227828030421856,1.306957007605464,24.166218167565226,6.041554541891307,-0.9194277580284914,4.2535917452089915,1.85253423746787,0.007762509316105096,0.9976475474355034,False
lambda1_start_expansion96_s369_cont120000,late_0p22_0p32,True,5.28524289307691,1.3213107232692276,24.257934854143514,6.0644837135358785,-0.9852629626856776,4.242870355717511,1.8895256200092143,0.0077537091561825314,0.9992875573283755,False
lambda1_start_expansion96_s370_cont120000,early_0p18_0p28,True,5.166999261718925,1.2917498154297313,23.82515944750967,5.956289861877417,-0.6790439041658978,4.265801162971134,1.81040879809218,0.007772530855659614,0.9956116743600254,False
lambda1_start_expansion96_s370_cont120000,central_0p20_0p30,True,5.227399378204103,1.3068498445510257,24.115100091979997,6.028775022994999,-0.8928695436883717,4.253291042443441,1.8535717346169611,0.007762262498057108,0.9978877216754776,False
lambda1_start_expansion96_s370_cont120000,late_0p22_0p32,True,5.282001441177943,1.3205003602944858,24.20363963703161,6.050909909257903,-0.9568611958444916,4.243354197770994,1.8878562480957906,0.007754106295699876,0.9994794819162665,False
lambda1_start_expansion96_s371_cont120000,early_0p18_0p28,True,5.166665417739374,1.2916663544348435,23.85524316623382,5.963810791558455,-0.696183452393152,4.266603608153492,1.807640168453956,0.00777318950591567,0.9953227860691103,False
lambda1_start_expansion96_s371_cont120000,central_0p20_0p30,True,5.227779062873476,1.306944765718369,24.159399233968763,6.039849808492191,-0.9159427179996806,4.2535478260434125,1.852685769193879,0.007762473267076091,0.9976793693324462,False
lambda1_start_expansion96_s371_cont120000,late_0p22_0p32,True,5.284919791263101,1.3212299478157752,24.250591324403445,6.062647831100861,-0.981533120739779,4.242907525038835,1.8893973768757095,0.0077537396649120325,0.9993127807583266,False
lambda1_start_expansion96_s372_cont120000,early_0p18_0p28,True,5.1671883874929945,1.2917970968732486,23.813924226825655,5.953481056706414,-0.672497998712182,4.265499065884409,1.8114511059859966,0.007772282893147159,0.9957204516383463,False
lambda1_start_expansion96_s372_cont120000,central_0p20_0p30,True,5.227254976791602,1.3068137441979004,24.09861576966095,6.024653942415237,-0.8840983769493079,4.2532024232035965,1.8538774923924994,0.007762189759026084,0.9979658982377849,False
lambda1_start_expansion96_s372_cont120000,late_0p22_0p32,True,5.280722057266389,1.3201805143165972,24.18637071856018,6.046592679640045,-0.9474917525855668,4.243572556240334,1.8871028586515435,0.007754285525215992,0.9995423823401206,False
lambda1_start_expansion96_s373_cont120000,early_0p18_0p28,True,5.166659280438217,1.2916648201095542,23.85605957862657,5.964014894656643,-0.6966406575221651,4.266625375220496,1.8075650668168972,0.007773207372412436,0.9953149956790899,False
lambda1_start_expansion96_s373_cont120000,central_0p20_0p30,True,5.227719013248899,1.3069297533122248,24.160671127670696,6.040167781917674,-0.9165550184381801,4.253572499981349,1.8526006381502031,0.007762493519544293,0.9976737067105196,False
lambda1_start_expansion96_s373_cont120000,late_0p22_0p32,True,5.2845070421212625,1.3211267605303156,24.252355655553174,6.0630889138882935,-0.9821894151195524,4.243012204349526,1.889036207977875,0.00775382558611426,0.999309211080951,False
lambda1_start_expansion96_s374_cont120000,early_0p18_0p28,True,5.1667903346636415,1.2916975836659104,23.841210218345488,5.960302554586372,-0.6882571082111739,4.266230424705004,1.8089277414604261,0.007772883195429537,0.9954571200577031,False
lambda1_start_expansion96_s374_cont120000,central_0p20_0p30,True,5.22760518037403,1.3069012950935075,24.138704213525163,6.034676053381291,-0.9052530679276434,4.253424022615041,1.8531129209154356,0.007762371648720606,0.9977763886818729,False
lambda1_start_expansion96_s374_cont120000,late_0p22_0p32,True,5.283665882418186,1.3209164706045464,24.22854829099692,6.05713707274923,-0.9700982109365958,4.24308753971873,1.8887762827635757,0.007753887421690456,0.9993902031685725,False
lambda1_start_expansion96_s375_cont120000,early_0p18_0p28,True,5.166596755168108,1.291649188792027,23.868508148297945,5.967127037074486,-0.703569995877843,4.266954494019158,1.8064295274922118,0.007773477514455503,0.9951964477733835,False
lambda1_start_expansion96_s375_cont120000,central_0p20_0p30,True,5.228011735806609,1.3070029339516522,24.17894227067474,6.044735567668685,-0.9259402555154378,4.253653156768207,1.8523223527600912,0.007762559722961654,0.9975879453547657,False
lambda1_start_expansion96_s375_cont120000,late_0p22_0p32,True,5.286438755405892,1.321609688851473,24.27115607281886,6.067789018204715,-0.992233753455034,4.242663019368555,1.890240980476725,0.007753538973667474,0.9992391578985175,False
lambda1_start_expansion96_s376_cont120000,early_0p18_0p28,True,5.1668787186093175,1.2917196796523294,23.833739852103044,5.958434963025761,-0.6839890275124973,4.266030959069124,1.809615946067352,0.007772719473227654,0.9955289313766722,False
lambda1_start_expansion96_s376_cont120000,central_0p20_0p30,True,5.227517062890317,1.3068792657225792,24.12770315284554,6.031925788211385,-0.8995112833685077,4.253359324233959,1.8533361459522957,0.007762318544027348,0.9978281591087227,False
lambda1_start_expansion96_s376_cont120000,late_0p22_0p32,True,5.282967167851415,1.3207417919628537,24.216868793535475,6.054217198383869,-0.9639592889201752,4.243192679455951,1.888413525283035,0.007753973720812645,0.999431572565026,False
lambda1_start_expansion96_s377_cont120000,early_0p18_0p28,True,5.166644177348758,1.2916610443371894,23.858502423539008,5.964625605884752,-0.6980077845141305,4.2666899792401045,1.8073421673499088,0.007773260399653415,0.9952916858250478,False
lambda1_start_expansion96_s377_cont120000,central_0p20_0p30,True,5.227837726476256,1.306959431619064,24.164195624938753,6.041048906234688,-0.9184092693870199,4.25357288786339,1.8525992998635055,0.007762493837919443,0.997656883639878,False
lambda1_start_expansion96_s377_cont120000,late_0p22_0p32,True,5.285314683144029,1.3213286707860072,24.255617449130234,6.063904362282559,-0.9841724736896253,4.242841890527839,1.8896238317868088,0.0077536857918395485,0.9992946325006534,False
lambda1_start_expansion96_s378_cont120000,early_0p18_0p28,True,5.166633447137374,1.2916583617843436,23.860310993242695,5.965077748310674,-0.6990172642021792,4.266737912088416,1.807176787449322,0.007773299743129466,0.9952744462595156,False
lambda1_start_expansion96_s378_cont120000,central_0p20_0p30,True,5.227829962333313,1.3069574905833283,24.166896261295786,6.041724065323947,-0.9197718129071479,4.253596843983216,1.8525166454656443,0.0077625135011996325,0.9976443975332546,False
lambda1_start_expansion96_s378_cont120000,late_0p22_0p32,True,5.285254117509815,1.3213135293774538,24.25868269556737,6.064670673891842,-0.9856312811825351,4.242871616678029,1.8895212693909569,0.007753710191184033,0.9992851018820963,False
lambda1_start_expansion96_s379_cont120000,early_0p18_0p28,True,5.166880725843098,1.2917201814607746,23.833599564093056,5.958399891023264,-0.6839087158231847,4.2660271572824096,1.8096290631495058,0.0077727163527057195,0.9955302807758839,False
lambda1_start_expansion96_s379_cont120000,central_0p20_0p30,True,5.2275499219142905,1.3068874804785726,24.12746375589427,6.031865938973567,-0.8994059453460774,4.2533495952550275,1.8533697132787779,0.007762310558442032,0.997829146136965,False
lambda1_start_expansion96_s379_cont120000,late_0p22_0p32,True,5.283189139417651,1.3207972848544127,24.216413388482206,6.054103347120551,-0.9638461826364475,4.243138553627692,1.8886002724597983,0.007753929294113568,0.9994319008155755,False
lambda1_start_expansion96_s380_cont120000,early_0p18_0p28,True,5.166583518001483,1.2916458795003707,23.889768544500036,5.972442136125009,-0.7152014466879254,4.267513552076203,1.804500642204775,0.007773936391573241,0.994995233398472,False
lambda1_start_expansion96_s380_cont120000,central_0p20_0p30,True,5.228296656186198,1.3070741640465495,24.210439281794674,6.0526098204486685,-0.9417372347774355,4.253853970958832,1.8516294953136692,0.007762724552062734,0.9974418791108987,False
lambda1_start_expansion96_s380_cont120000,late_0p22_0p32,True,5.2879892654331115,1.3219973163582779,24.30508385158337,6.076270962895842,-1.009157359479098,4.242487007635902,1.8908482634543176,0.007753394502524361,0.9991232357826615,False
lambda1_start_expansion96_s381_cont120000,early_0p18_0p28,True,5.16682143678873,1.2917053591971825,23.925142261611686,5.9812855654029216,-0.7340205852419932,4.268434678575269,1.8013225333670169,0.007774692455934781,0.9946637111789791,False
lambda1_start_expansion96_s381_cont120000,central_0p20_0p30,True,5.228886263363187,1.3072215658407969,24.262987457946256,6.065746864486564,-0.967465311664209,4.2541875916923955,1.8504784232265294,0.007762998389312204,0.9972001380039984,False
lambda1_start_expansion96_s381_cont120000,late_0p22_0p32,True,5.290607630599488,1.322651907649872,24.361767831738838,6.0904419579347095,-1.03675670037005,4.242204114063485,1.891824314586877,0.007753162302334235,0.9989312531162938,False
lambda1_start_expansion96_s382_cont120000,early_0p18_0p28,True,5.166855139965261,1.2917137849913152,23.83560051346606,5.958900128366515,-0.6850552512391678,4.266080716096502,1.8094442723085264,0.007772760313997271,0.9955110260353837,False
lambda1_start_expansion96_s382_cont120000,central_0p20_0p30,True,5.227530649046997,1.3068826622617493,24.130449794957144,6.032612448739286,-0.9009441290840812,4.253377343027429,1.8532739767639896,0.007762333333926015,0.9978152531277341,False
lambda1_start_expansion96_s382_cont120000,late_0p22_0p32,True,5.2830886628618625,1.3207721657154656,24.21982890338294,6.054957225845735,-0.9654911500839761,4.243178888478613,1.8884611074848316,0.0077539624011225845,0.9994213620919273,False
lambda1_start_expansion96_s383_cont120000,early_0p18_0p28,True,5.166817938271386,1.2917044845678465,23.92482364757896,5.98120591189474,-0.7338539097667476,4.2684264253267425,1.8013510090672675,0.007774685681634959,0.9946666794865937,False
lambda1_start_expansion96_s383_cont120000,central_0p20_0p30,True,5.2288753348672445,1.3072188337168111,24.26251801531135,6.065629503827838,-0.967236113709106,4.25418581878848,1.8504845401731238,0.0077629969341054894,0.997202306875621,False
lambda1_start_expansion96_s383_cont120000,late_0p22_0p32,True,5.290548676179852,1.322637169044963,24.36128905401995,6.090322263504987,-1.0365107197058274,4.242214740648451,1.8917876503028375,0.007753171024678219,0.9989330454172315,False
lambda1_start_expansion96_s384_cont120000,early_0p18_0p28,True,5.166876365614608,1.291719091403652,23.833906417029866,5.958476604257466,-0.684084424886968,4.266035460593632,1.8096004147208584,0.007772723168097203,0.99552732908836,False
lambda1_start_expansion96_s384_cont120000,central_0p20_0p30,True,5.227490653491031,1.3068726633727576,24.127975246167573,6.031993811541893,-0.899637376489824,4.253367746092389,1.8533070885071665,0.00776232545672286,0.9978269923581091,False
lambda1_start_expansion96_s384_cont120000,late_0p22_0p32,True,5.282790391658417,1.3206975979146043,24.21732241744746,6.054330604361865,-0.9640944881070002,4.243236246521132,1.888263208388423,0.007754009480836217,0.9994310157398987,False
lambda1_start_expansion96_s385_cont120000,early_0p18_0p28,True,5.167719364159171,1.2919298410397928,23.789713936669855,5.947428484167464,-0.6581090827274281,4.26484313987541,1.8137142090974911,0.007771744506422084,0.9959565817980336,False
lambda1_start_expansion96_s385_cont120000,central_0p20_0p30,True,5.2270765351069475,1.3067691337767369,24.06307299761611,6.015768249404028,-0.8649062145066206,4.252991147723798,1.8546064438125587,0.007762016343256475,0.9981351434774409,False
lambda1_start_expansion96_s385_cont120000,late_0p22_0p32,True,5.278532998766048,1.319633249691512,24.148707810810237,6.037176952702559,-0.9270065864198339,4.243917247164279,1.8859135917345757,0.007754568448922567,0.9996774108385735,False
lambda1_start_expansion96_s386_cont120000,early_0p18_0p28,True,5.167143825441959,1.2917859563604897,23.816393099635444,5.954098274908861,-0.6739434565137289,4.265565553548066,1.811221707492217,0.0077723374664908015,0.9956965049852191,False
lambda1_start_expansion96_s386_cont120000,central_0p20_0p30,True,5.227296871780259,1.3068242179450646,24.10222565108712,6.02555641277178,-0.8860340552129103,4.253219067049078,1.8538200671067555,0.0077622034203618726,0.9979487057301614,False
lambda1_start_expansion96_s386_cont120000,late_0p22_0p32,True,5.281080010835366,1.3202700027088414,24.190082969630886,6.0475207424077215,-0.9495588837836952,4.243505730527883,1.8873334234952939,0.0077542306744005285,0.9995284001605784,False
lambda1_start_expansion96_s387_cont120000,early_0p18_0p28,True,5.166815521644474,1.2917038804111185,23.838897760143027,5.959724440035757,-0.6869392930196684,4.266168848768669,1.8091401933089601,0.007772832653651575,0.995479330801722,False
lambda1_start_expansion96_s387_cont120000,central_0p20_0p30,True,5.2275181768996015,1.3068795442249004,24.13535415685507,6.033838539213767,-0.9034746715527868,4.253418566026397,1.8531317474638114,0.0077623671699305445,0.9977923817952449,False
lambda1_start_expansion96_s387_cont120000,late_0p22_0p32,True,5.283046937970351,1.3207617344925877,24.22533487733438,6.056333719333595,-0.9681974331837853,4.243215958414131,1.8883332072563586,0.007753992828275812,0.9994037698600587,False
lambda1_start_expansion96_s388_cont120000,early_0p18_0p28,True,5.166761878875964,1.291690469718991,23.843914915367023,5.960978728841756,-0.6897939267999545,4.266302541433385,1.808678921334146,0.007772942389132308,0.9954311741191759,False
lambda1_start_expansion96_s388_cont120000,central_0p20_0p30,True,5.227621237932237,1.3069053094830592,24.142705739519407,6.035676434879852,-0.9073216949436544,4.253451756335288,1.8530172328839771,0.007762394412670523,0.9977576601774901,False
lambda1_start_expansion96_s388_cont120000,late_0p22_0p32,True,5.283799883209036,1.320949970802259,24.232899824521578,6.0582249561303945,-0.9723107022228596,4.243078109068396,1.8888088207843623,0.007753879680974462,0.9993754693747043,False
lambda1_start_expansion96_s389_cont120000,early_0p18_0p28,True,5.166729992769112,1.291682498192278,23.847242482581162,5.9618106206452905,-0.6916787730989158,4.266391093729737,1.8083733945298204,0.0077730150732158425,0.9953992865612289,False
lambda1_start_expansion96_s389_cont120000,central_0p20_0p30,True,5.2276789483382515,1.3069197370845629,24.147595208578274,6.036898802144568,-0.9098633928276776,4.253476797471937,1.852930834916084,0.007762414966536916,0.9977346472018742,False
lambda1_start_expansion96_s389_cont120000,late_0p22_0p32,True,5.284216491106697,1.3210541227766743,24.238005269535698,6.0595013173839245,-0.9750290109669657,4.243006859080219,1.8890546504476582,0.007753821198695561,0.9993568724482236,False
lambda1_start_expansion96_s390_cont120000,early_0p18_0p28,True,5.166610600096991,1.2916526500242478,23.864929528287703,5.966232382071926,-0.7015872056681118,4.266860007198915,1.8067555298369151,0.00777339995929072,0.9952304707899027,False
lambda1_start_expansion96_s390_cont120000,central_0p20_0p30,True,5.227942005987867,1.3069855014969667,24.17367214987059,6.043418037467648,-0.9232531231074669,4.253625960819196,1.8524161853509338,0.007762537400416545,0.9976125830525159,False
lambda1_start_expansion96_s390_cont120000,late_0p22_0p32,True,5.285994042209484,1.321498510552371,24.265636457287755,6.066409114321939,-0.9893570765840973,4.242736733535471,1.889986648801777,0.007753599478554265,0.9992590684356811,False
lambda1_start_expansion96_s391_cont120000,early_0p18_0p28,True,5.166737792299962,1.2916844480749905,23.846382267377525,5.961595566844381,-0.6911920340467611,4.266368250297654,1.8084522098863032,0.00777299632323426,0.9954075266506068,False
lambda1_start_expansion96_s391_cont120000,central_0p20_0p30,True,5.227639541522304,1.306909885380576,24.14635421736938,6.036588554342345,-0.9092049965411031,4.253476337081443,1.8529324233744557,0.007762414588646533,0.9977405855344044,False
lambda1_start_expansion96_s391_cont120000,late_0p22_0p32,True,5.283941826355711,1.3209854565889279,24.236851133339897,6.059212783334974,-0.9743251849756654,4.243064899445485,1.8888543971730156,0.007753868838462469,0.9993619976548123,False
lambda1_start_expansion96_s392_cont120000,early_0p18_0p28,True,5.166754693600453,1.2916886734001132,23.84466924812617,5.9611673120315425,-0.6902219325459591,4.2663225661403334,1.808609831259993,0.007772958825492883,0.9954239394534949,False
lambda1_start_expansion96_s392_cont120000,central_0p20_0p30,True,5.2276648162007655,1.3069162040501914,24.14378494638006,6.035946236595015,-0.9079010034172731,4.2534498819397415,1.8530237000012058,0.007762392874159066,0.9977524533938571,False
lambda1_start_expansion96_s392_cont120000,late_0p22_0p32,True,5.284103550466984,1.321025887616746,24.23384852082944,6.05846213020736,-0.9729297750741717,4.243012211052023,1.8890361848526396,0.007753825591615697,0.9993708528409706,False
lambda1_start_expansion96_s393_cont120000,early_0p18_0p28,True,5.166595343520284,1.291648835880071,23.86883151276479,5.967207878191197,-0.7037486038710363,4.26696309707432,1.806399844874602,0.007773484575878027,0.995193379068855,False
lambda1_start_expansion96_s393_cont120000,central_0p20_0p30,True,5.2279709386276325,1.3069927346569081,24.1794630075437,6.044865751885925,-0.9261787953090734,4.253667230524257,1.852273794903454,0.007762571274757626,0.9975857028985738,False
lambda1_start_expansion96_s393_cont120000,late_0p22_0p32,True,5.2861535635067485,1.3215383908766871,24.271971901898194,6.0679929754745485,-0.9924898882096328,4.242732864580691,1.8899999976299702,0.00775359630290051,0.9992379824193586,False
lambda1_start_expansion96_s394_cont120000,early_0p18_0p28,True,5.166949321310442,1.2917373303276105,23.828533764422808,5.957133441105702,-0.6809940772181249,4.265891643010427,1.810096620109232,0.0077726051220423625,0.9955791016310009,False
lambda1_start_expansion96_s394_cont120000,central_0p20_0p30,True,5.227435554087499,1.3068588885218748,24.120063681057086,6.030015920264272,-0.8954864990980125,4.253320121611207,1.8534714044666893,0.007762286366355798,0.9978642801243927,False
lambda1_start_expansion96_s394_cont120000,late_0p22_0p32,True,5.282319886472003,1.3205799716180007,24.20890107088592,6.05222526772148,-0.9596577545136602,4.243305100816546,1.8880256444436316,0.007754065996720794,0.9994607471569621,False
lambda1_start_expansion96_s395_cont120000,early_0p18_0p28,True,5.166706433502733,1.2916766083756832,23.849908987750922,5.9624772469377305,-0.6931842864884128,4.266462011926714,1.808128709626286,0.007773073283159182,0.9953737660687849,False
lambda1_start_expansion96_s395_cont120000,central_0p20_0p30,True,5.22769896582657,1.3069247414566425,24.151540188541418,6.0378850471353545,-0.9118929168728468,4.253503559522665,1.8528384993790865,0.007762436932936555,0.9977162084176067,False
lambda1_start_expansion96_s395_cont120000,late_0p22_0p32,True,5.284365005708889,1.3210912514272222,24.242283205256996,6.060570801314249,-0.9772002631164735,4.242993971868591,1.8890991144395293,0.007753810620820057,0.9993423335092728,False
lambda1_start_expansion96_s396_cont120000,early_0p18_0p28,True,5.167057706654219,1.2917644266635548,23.821444416287843,5.955361104071961,-0.6768883214718772,4.265701455785274,1.810752811958778,0.0077724490155975864,0.9956475884061053,False
lambda1_start_expansion96_s396_cont120000,central_0p20_0p30,True,5.227332201456497,1.3068330503641243,24.109664417995962,6.0274161044989905,-0.8899772423697694,4.253266124357064,1.8536577080317036,0.007762242045190878,0.9979135411099911,False
lambda1_start_expansion96_s396_cont120000,late_0p22_0p32,True,5.281457880236843,1.3203644700592108,24.198047632486787,6.049511908121697,-0.9537713091700446,4.2434549652440055,1.887508575982502,0.007754189006049892,0.9995004919456818,False
lambda1_start_expansion96_s397_cont120000,early_0p18_0p28,True,5.166675760854167,1.2916689402135417,23.85371602060554,5.963429005151385,-0.6953261135772876,4.266563237024488,1.8077794585970663,0.007773156369129456,0.995337374176428,False
lambda1_start_expansion96_s397_cont120000,central_0p20_0p30,True,5.227672270366238,1.3069180675915595,24.157227928785744,6.039306982196436,-0.9147781840504775,4.253555751651178,1.8526584239333614,0.007762479772447048,0.9976898792673559,False
lambda1_start_expansion96_s397_cont120000,late_0p22_0p32,True,5.284188649872078,1.3210471624680196,24.2487790836832,6.0621947709208,-0.9802883442070484,4.243067899058761,1.8888440477829196,0.007753871300557196,0.999322331377189,False
lambda1_start_expansion96_s398_cont120000,early_0p18_0p28,True,5.166657090487584,1.291664272621896,23.856519256792545,5.964129814198136,-0.6968986431265013,4.266637370050729,1.8075236817563125,0.007773217217817678,0.9953106019498947,False
lambda1_start_expansion96_s398_cont120000,central_0p20_0p30,True,5.227841331699811,1.3069603329249528,24.16123963260649,6.040309908151623,-0.9169124723616626,4.2535479095614175,1.8526854810365918,0.007762473335628007,0.9976705792098591,False
lambda1_start_expansion96_s398_cont120000,late_0p22_0p32,True,5.285345701992567,1.3213364254981417,24.25229187818035,6.063072969545088,-0.9825701539785412,4.2428177039201636,1.889707281423412,0.007753665939373999,0.99930515465177,False
