dataset,row_id,qT,QM,y,xF,x1,x2,SqrtS,BeamE,CS,error,A,dA,PreFactor,sysNorm,sysP2P,target,unit,qT_over_Q,CS_from_A_over_PreFactor,error_from_dA_over_PreFactor,relerr_CS_vs_A_over_PreFactor,relerr_error_vs_dA_over_PreFactor,source_file,source_row,y_Low,y_High,QM_Low,QM_High,xF_Low,xF_High,frac_error,row_correction_note,A_over_PreFactor,dA_over_PreFactor,ratio_CS_to_A_over_PreFactor,ratio_error_to_dA_over_PreFactor
E288_200,E288_200:0,0.1,4.5,0.4,0.190849544,0.346576325,0.155726781,19.37008002,200.0,3.953714286,0.201142857,6.29,0.32,1.590909091,0.00%,0.00%,,,0.0222222222222222,3.953714285488359,0.2011428571313632,1.2940766955257556e-10,6.530843574643775e-10,Data/E288_200.csv,0,0.361736263,0.44705553,4.0,5.0,0.169644039,0.212055048,0.050874404,,3.953714285488359,0.20114285713136326,1.0000000001294076,0.9999999993469156
E288_200,E288_200:1,0.3,4.5,0.4,0.190849544,0.346576325,0.155726781,19.37008002,200.0,11.088,0.452571429,5.88,0.24,0.53030303,0.00%,0.00%,,,0.0666666666666666,11.088000006336,0.4525714288300408,5.714285863411843e-10,3.7554119080218844e-10,Data/E288_200.csv,1,0.361736263,0.44705553,4.0,5.0,0.169644039,0.212055048,0.040816327,,11.088000006336,0.4525714288300408,0.9999999994285714,1.0000000003755412
E288_200,E288_200:2,0.5,4.5,0.4,0.190849544,0.346576325,0.155726781,19.37008002,200.0,14.92857143,0.722857143,4.75,0.23,0.318181818,0.00%,0.00%,,,0.1111111111111111,14.92857143710204,0.7228571432702041,4.75734726194734e-10,3.7380011230078407e-10,Data/E288_200.csv,2,0.361736263,0.44705553,4.0,5.0,0.169644039,0.212055048,0.048421053,,14.92857143710204,0.7228571432702041,0.9999999995242653,0.9999999996261999
E288_200,E288_200:3,0.7,4.5,0.4,0.190849544,0.346576325,0.155726781,19.37008002,200.0,16.236,0.968,3.69,0.22,0.227272727,0.00%,0.00%,,,0.1555555555555555,16.2360000194832,0.9680000011616,1.1999999403001668e-09,1.2000000382083652e-09,Data/E288_200.csv,3,0.361736263,0.44705553,4.0,5.0,0.169644039,0.212055048,0.059620596,,16.2360000194832,0.9680000011616,0.9999999988,0.9999999988
E288_200,E288_200:4,0.9,4.5,0.4,0.190849544,0.346576325,0.155726781,19.37008002,200.0,16.57542857,1.244571429,2.93,0.22,0.176767677,0.00%,0.00%,,,0.2,16.57542854964372,1.244571426935706,1.228099675051634e-09,1.6586384846338975e-09,Data/E288_200.csv,4,0.361736263,0.44705553,4.0,5.0,0.169644039,0.212055048,0.075085324,,16.57542854964372,1.244571426935706,1.0000000012280996,1.0000000016586386
E288_200,E288_200:5,1.1,4.5,0.4,0.190849544,0.346576325,0.155726781,19.37008002,200.0,11.616,1.106285714,1.68,0.16,0.144628099,0.00%,0.00%,,,0.2444444444444444,11.6160000139392,1.106285715613257,1.199999999977545e-09,1.4582644073848018e-09,Data/E288_200.csv,5,0.361736263,0.44705553,4.0,5.0,0.169644039,0.212055048,0.095238095,,11.6160000139392,1.106285715613257,0.9999999988,0.9999999985417356
E288_200,E288_200:6,1.3,4.5,0.4,0.190849544,0.346576325,0.155726781,19.37008002,200.0,10.296,1.144,1.26,0.14,0.122377622,0.00%,0.00%,,,0.2888888888888889,10.296000031770514,1.1440000035300573,3.08571435601933e-09,3.0857144638498484e-09,Data/E288_200.csv,6,0.361736263,0.44705553,4.0,5.0,0.169644039,0.212055048,0.111111111,,10.296000031770514,1.1440000035300573,0.9999999969142856,0.9999999969142855
E288_200,E288_200:7,1.5,4.5,0.4,0.190849544,0.346576325,0.155726781,19.37008002,200.0,6.392571429,1.169142857,0.678,0.124,0.106060606,0.00%,0.00%,,,0.3333333333333333,6.392571432224327,1.1691428578109389,5.043864769743266e-10,6.936182915471052e-10,Data/E288_200.csv,7,0.361736263,0.44705553,4.0,5.0,0.169644039,0.212055048,0.182890855,,6.392571432224327,1.1691428578109389,0.9999999994956136,0.9999999993063817
E288_200,E288_200:8,1.7,4.5,0.4,0.190849544,0.346576325,0.155726781,19.37008002,200.0,6.390057143,1.089942857,0.598,0.102,0.093582888,0.00%,0.00%,,,0.3777777777777777,6.39005712240896,1.08994285365504,3.2223561579184565e-09,3.0689316097725013e-09,Data/E288_200.csv,8,0.361736263,0.44705553,4.0,5.0,0.169644039,0.212055048,0.170568562,,6.39005712240896,1.08994285365504,1.0000000032223562,1.0000000030689316
E288_200,E288_200:9,1.9,4.5,0.4,0.190849544,0.346576325,0.155726781,19.37008002,200.0,0.704628571,0.800171429,0.059,0.067,0.083732057,0.00%,0.00%,,,0.4222222222222222,0.704628574931582,0.8001714325494238,5.579651748149144e-09,4.435829136767381e-09,Data/E288_200.csv,9,0.361736263,0.44705553,4.0,5.0,0.169644039,0.212055048,1.13559322,,0.704628574931582,0.8001714325494238,0.9999999944203483,0.9999999955641709
E288_200,E288_200:10,2.1,4.5,0.4,0.190849544,0.346576325,0.155726781,19.37008002,200.0,2.3232,0.8184,0.176,0.062,0.075757576,0.00%,0.00%,,,0.4666666666666667,2.32319999256576,0.8183999973811201,3.199999952805693e-09,3.1999998664780334e-09,Data/E288_200.csv,10,0.361736263,0.44705553,4.0,5.0,0.169644039,0.212055048,0.352272727,,2.32319999256576,0.8183999973811201,1.0000000032,1.0000000031999998
E288_200,E288_200:14,0.1,5.5,0.4,0.233260553,0.423593286,0.190332732,19.37008002,200.0,1.024571429,0.069142857,1.63,0.11,1.590909091,0.00%,0.00%,,,0.0181818181818181,1.0245714285128815,0.0691428571389061,4.754364155753455e-10,2.0089728493026826e-09,Data/E288_200.csv,14,0.368150244,0.437715688,5.0,6.0,0.212055048,0.254466058,0.067484663,,1.0245714285128815,0.06914285713890612,1.0000000004754364,0.9999999979910271
E288_200,E288_200:15,0.3,5.5,0.4,0.233260553,0.423593286,0.190332732,19.37008002,200.0,2.715428571,0.150857143,1.44,0.08,0.53030303,0.00%,0.00%,,,0.0545454545454545,2.7154285729802448,0.1508571429433469,7.292568387491033e-10,3.755411908021885e-10,Data/E288_200.csv,15,0.368150244,0.437715688,5.0,6.0,0.212055048,0.254466058,0.055555556,,2.7154285729802448,0.15085714294334693,0.9999999992707431,1.0000000003755412
E288_200,E288_200:16,0.5,5.5,0.4,0.233260553,0.423593286,0.190332732,19.37008002,200.0,3.74,0.22,1.19,0.07,0.318181818,0.00%,0.00%,,,0.0909090909090909,3.740000002137143,0.2200000001257143,5.714284657159851e-10,5.714286364053538e-10,Data/E288_200.csv,16,0.368150244,0.437715688,5.0,6.0,0.212055048,0.254466058,0.058823529,,3.7400000021371427,0.2200000001257143,0.9999999994285715,0.9999999994285713
E288_200,E288_200:17,0.7,5.5,0.4,0.233260553,0.423593286,0.190332732,19.37008002,200.0,4.576,0.308,1.04,0.07,0.227272727,0.00%,0.00%,,,0.1272727272727272,4.5760000054912,0.3080000003696,1.2000000823208504e-09,1.2000000545930027e-09,Data/E288_200.csv,17,0.368150244,0.437715688,5.0,6.0,0.212055048,0.254466058,0.067307692,,4.5760000054912,0.3080000003696,0.9999999987999999,0.9999999987999999
E288_200,E288_200:18,0.9,5.5,0.4,0.233260553,0.423593286,0.190332732,19.37008002,200.0,3.399942857,0.288514286,0.601,0.051,0.176767677,0.00%,0.00%,,,0.1636363636363636,3.3999428526743607,0.2885142853350955,1.2722682657207607e-09,2.304580925781532e-09,Data/E288_200.csv,18,0.368150244,0.437715688,5.0,6.0,0.212055048,0.254466058,0.084858569,,3.3999428526743607,0.2885142853350955,1.0000000012722683,1.000000002304581
E288_200,E288_200:19,1.1,5.5,0.4,0.233260553,0.423593286,0.190332732,19.37008002,200.0,3.0492,0.297314286,0.441,0.043,0.144628099,0.00%,0.00%,,,0.2,3.04920000365904,0.2973142860710628,1.199999912592813e-09,2.3901583483383133e-10,Data/E288_200.csv,19,0.368150244,0.437715688,5.0,6.0,0.212055048,0.254466058,0.097505669,,3.0492000036590396,0.2973142860710628,0.9999999988000001,0.9999999997609842
E288_200,E288_200:20,1.3,5.5,0.4,0.233260553,0.423593286,0.190332732,19.37008002,200.0,2.026514286,0.245142857,0.248,0.03,0.122377622,0.00%,0.00%,,,0.2363636363636363,2.02651429196753,0.2451428578992979,2.944726345794375e-09,3.6684647857022508e-09,Data/E288_200.csv,20,0.368150244,0.437715688,5.0,6.0,0.212055048,0.254466058,0.120967742,,2.02651429196753,0.24514285789929793,0.9999999970552736,0.9999999963315352
E288_200,E288_200:21,1.5,5.5,0.4,0.233260553,0.423593286,0.190332732,19.37008002,200.0,2.404285714,0.339428571,0.255,0.036,0.106060606,0.00%,0.00%,,,0.2727272727272727,2.404285715659592,0.3394285716225306,6.902640599475804e-10,1.8340547457842109e-09,Data/E288_200.csv,21,0.368150244,0.437715688,5.0,6.0,0.212055048,0.254466058,0.141176471,,2.404285715659592,0.3394285716225306,0.9999999993097359,0.9999999981659452
E288_200,E288_200:22,1.7,5.5,0.4,0.233260553,0.423593286,0.190332732,19.37008002,200.0,1.699028571,0.2992,0.159,0.028,0.093582888,0.00%,0.00%,,,0.3090909090909091,1.69902856599168,0.29919999904256,2.947755009211782e-09,3.200000054004923e-09,Data/E288_200.csv,22,0.368150244,0.437715688,5.0,6.0,0.212055048,0.254466058,0.176100629,,1.69902856599168,0.29919999904256,1.000000002947755,1.0000000032
E288_200,E288_200:23,1.9,5.5,0.4,0.233260553,0.423593286,0.190332732,19.37008002,200.0,0.7524,0.179142857,0.063,0.015,0.083732057,0.00%,0.00%,,,0.3454545454545454,0.7524000037405029,0.179142858033453,4.9714286135255086e-09,5.768876775010529e-09,Data/E288_200.csv,23,0.368150244,0.437715688,5.0,6.0,0.212055048,0.254466058,0.238095238,,0.7524000037405029,0.17914285803345306,0.9999999950285714,0.9999999942311232
E288_200,E288_200:24,2.1,5.5,0.4,0.233260553,0.423593286,0.190332732,19.37008002,200.0,0.5808,0.2112,0.044,0.016,0.075757576,0.00%,0.00%,,,0.3818181818181818,0.58079999814144,0.21119999932416,3.199999952805693e-09,3.1999998452815104e-09,Data/E288_200.csv,24,0.368150244,0.437715688,5.0,6.0,0.212055048,0.254466058,0.363636364,,0.58079999814144,0.21119999932416003,1.0000000032,1.0000000031999998
E288_200,E288_200:25,2.3,5.5,0.4,0.233260553,0.423593286,0.190332732,19.37008002,200.0,0.722857143,0.231314286,0.05,0.016,0.06916996,0.00%,0.00%,,,0.4181818181818181,0.7228571478138776,0.2313142873004408,6.6595143084443366e-09,5.621964928188977e-09,Data/E288_200.csv,25,0.368150244,0.437715688,5.0,6.0,0.212055048,0.254466058,0.32,,0.7228571478138776,0.23131428730044082,0.9999999933404857,0.9999999943780351
E288_200,E288_200:26,2.5,5.5,0.4,0.233260553,0.423593286,0.190332732,19.37008002,200.0,0.127285714,0.130428571,0.0081,0.0083,0.063636364,0.00%,0.00%,,,0.4545454545454545,0.1272857135583673,0.1304285706832653,3.4696167640545282e-09,2.428414967668721e-09,Data/E288_200.csv,26,0.368150244,0.437715688,5.0,6.0,0.212055048,0.254466058,1.024691358,,0.12728571355836735,0.1304285706832653,1.0000000034696168,1.000000002428415
E288_200,E288_200:27,2.7,5.5,0.4,0.233260553,0.423593286,0.190332732,19.37008002,200.0,0.200262857,0.147651429,0.0118,0.0087,0.058922559,0.00%,0.00%,,,0.4909090909090909,0.2002628568796545,0.1476514283773724,6.009374760041332e-10,4.216874788091856e-09,Data/E288_200.csv,27,0.368150244,0.437715688,5.0,6.0,0.212055048,0.254466058,0.737288136,,0.20026285687965453,0.1476514283773724,1.0000000006009375,1.0000000042168748
E288_200,E288_200:30,0.1,6.5,0.4,0.275671563,0.500610247,0.224938684,19.37008002,200.0,0.2508,0.027028571,0.399,0.043,1.590909091,0.00%,0.00%,,,0.0153846153846153,0.2507999999856685,0.0270285714270269,5.714306398256589e-11,1.579909377745526e-08,Data/E288_200.csv,30,0.372722813,0.431469072,6.0,7.0,0.254466058,0.296877068,0.107769424,,0.25079999998566854,0.027028571427026936,1.000000000057143,0.9999999842009062
E288_200,E288_200:31,0.3,6.5,0.4,0.275671563,0.500610247,0.224938684,19.37008002,200.0,0.644914286,0.047142857,0.342,0.025,0.53030303,0.00%,0.00%,,,0.0461538461538461,0.6449142860828082,0.0471428571697959,1.2840187684582293e-10,3.6017316423548132e-09,Data/E288_200.csv,31,0.372722813,0.431469072,6.0,7.0,0.254466058,0.296877068,0.073099415,,0.6449142860828082,0.047142857169795924,0.9999999998715982,0.9999999963982683
E288_200,E288_200:32,0.5,6.5,0.4,0.275671563,0.500610247,0.224938684,19.37008002,200.0,1.046571429,0.069142857,0.333,0.022,0.318181818,0.00%,0.00%,,,0.0769230769230769,1.0465714291694694,0.0691428571823673,1.619281042236921e-10,2.637544221924082e-09,Data/E288_200.csv,32,0.372722813,0.431469072,6.0,7.0,0.254466058,0.296877068,0.066066066,,1.0465714291694694,0.06914285718236735,0.9999999998380719,0.9999999973624558
E288_200,E288_200:33,0.7,6.5,0.4,0.275671563,0.500610247,0.224938684,19.37008002,200.0,1.122,0.088,0.255,0.02,0.227272727,0.00%,0.00%,,,0.1076923076923076,1.1220000013464,0.0880000001056,1.1999998920316992e-09,1.20000000953525e-09,Data/E288_200.csv,33,0.372722813,0.431469072,6.0,7.0,0.254466058,0.296877068,0.078431373,,1.1220000013464,0.0880000001056,0.9999999988000001,0.9999999988
E288_200,E288_200:34,0.9,6.5,0.4,0.275671563,0.500610247,0.224938684,19.37008002,200.0,1.023942857,0.096171429,0.181,0.017,0.176767677,0.00%,0.00%,,,0.1384615384615384,1.0239428557971035,0.0961714284450318,1.174769120065347e-09,5.770613730220348e-09,Data/E288_200.csv,34,0.372722813,0.431469072,6.0,7.0,0.254466058,0.296877068,0.093922652,,1.0239428557971035,0.09617142844503183,1.0000000011747692,1.0000000057706138
E288_200,E288_200:35,1.1,6.5,0.4,0.275671563,0.500610247,0.224938684,19.37008002,200.0,0.898857143,0.0968,0.13,0.014,0.144628099,0.00%,0.00%,,,0.1692307692307692,0.8988571439357714,0.09680000011616,1.0410680569576947e-09,1.1999999808621349e-09,Data/E288_200.csv,35,0.372722813,0.431469072,6.0,7.0,0.254466058,0.296877068,0.107692308,,0.8988571439357714,0.09680000011616,0.999999998958932,0.9999999988
E288_200,E288_200:36,1.3,6.5,0.4,0.275671563,0.500610247,0.224938684,19.37008002,200.0,0.596514286,0.089885714,0.073,0.011,0.122377622,0.00%,0.00%,,,0.2,0.5965142875549583,0.0898857145630759,2.6067410382186137e-09,6.264353663800649e-09,Data/E288_200.csv,36,0.372722813,0.431469072,6.0,7.0,0.254466058,0.296877068,0.150684932,,0.5965142875549583,0.08988571456307591,0.999999997393259,0.9999999937356463
E288_200,E288_200:37,1.5,6.5,0.4,0.275671563,0.500610247,0.224938684,19.37008002,200.0,0.424285714,0.075428571,0.045,0.008,0.106060606,0.00%,0.00%,,,0.2307692307692307,0.4242857145281632,0.0754285714716734,1.2448291735597597e-09,6.253246680567679e-09,Data/E288_200.csv,37,0.372722813,0.431469072,6.0,7.0,0.254466058,0.296877068,0.177777778,,0.4242857145281632,0.07542857147167346,0.9999999987551709,0.9999999937467533
E288_200,E288_200:38,1.7,6.5,0.4,0.275671563,0.500610247,0.224938684,19.37008002,200.0,0.374,0.0748,0.035,0.007,0.093582888,0.00%,0.00%,,,0.2615384615384615,0.3739999988032,0.07479999976064,3.199999979792154e-09,3.200000054004923e-09,Data/E288_200.csv,38,0.372722813,0.431469072,6.0,7.0,0.254466058,0.296877068,0.2,,0.3739999988032,0.07479999976064,1.0000000032,1.0000000032
E288_200,E288_200:39,1.9,6.5,0.4,0.275671563,0.500610247,0.224938684,19.37008002,200.0,0.238857143,0.071657143,0.02,0.006,0.083732057,0.00%,0.00%,,,0.2923076923076922,0.2388571440446041,0.0716571432133812,4.3733424924117425e-09,2.977808209812957e-09,Data/E288_200.csv,39,0.372722813,0.431469072,6.0,7.0,0.254466058,0.296877068,0.3,,0.2388571440446041,0.07165714321338124,0.9999999956266575,0.9999999970221918
E288_200,E288_200:40,2.1,6.5,0.4,0.275671563,0.500610247,0.224938684,19.37008002,200.0,0.10956,0.04884,0.0083,0.0037,0.075757576,0.00%,0.00%,,,0.3230769230769231,0.109559999649408,0.048839999843712,3.199999872198541e-09,3.199999926974057e-09,Data/E288_200.csv,40,0.372722813,0.431469072,6.0,7.0,0.254466058,0.296877068,0.445783133,,0.10955999964940802,0.048839999843712005,1.0000000031999998,1.0000000032
E288_200,E288_200:41,2.3,6.5,0.4,0.275671563,0.500610247,0.224938684,19.37008002,200.0,0.135897143,0.062165714,0.0094,0.0043,0.06916996,0.00%,0.00%,,,0.3538461538461538,0.135897143789009,0.0621657147119934,5.8059277408463e-09,1.1453153469301444e-08,Data/E288_200.csv,41,0.372722813,0.431469072,6.0,7.0,0.254466058,0.296877068,0.457446809,,0.135897143789009,0.06216571471199347,0.9999999941940723,0.9999999885468466
E288_200,E288_200:42,2.5,6.5,0.4,0.275671563,0.500610247,0.224938684,19.37008002,200.0,0.083285714,0.048714286,0.0053,0.0031,0.063636364,0.00%,0.00%,,,0.3846153846153846,0.0832857138097959,0.0487142854359183,2.2837539066135233e-09,1.1579388345502389e-08,Data/E288_200.csv,42,0.372722813,0.431469072,6.0,7.0,0.254466058,0.296877068,0.58490566,,0.08328571380979592,0.04871428543591837,1.0000000022837539,1.0000000115793886
E288_200,E288_200:43,2.7,6.5,0.4,0.275671563,0.500610247,0.224938684,19.37008002,200.0,0.030548571,0.030548571,0.0018,0.0018,0.058922559,0.00%,0.00%,,,0.4153846153846154,0.0305485713884218,0.0305485713884218,1.2714895012800181e-08,1.2714895012800181e-08,Data/E288_200.csv,43,0.372722813,0.431469072,6.0,7.0,0.254466058,0.296877068,1.0,,0.030548571388421878,0.030548571388421878,0.999999987285105,0.999999987285105
E288_200,E288_200:44,0.1,7.5,0.4,0.318082573,0.577627208,0.259544635,19.37008002,200.0,0.0594,0.011817143,0.0945,0.0188,1.590909091,0.00%,0.00%,,,0.0133333333333333,0.0593999999966057,0.0118171428564675,5.714295946263291e-11,1.2146117566750423e-08,Data/E288_200.csv,44,0.376147361,0.426997458,7.0,8.0,0.296877068,0.339288078,0.198941799,,0.05939999999660571,0.011817142856467592,1.000000000057143,1.0000000121461177
E288_200,E288_200:45,0.3,7.5,0.4,0.318082573,0.577627208,0.259544635,19.37008002,200.0,0.169902857,0.020931429,0.0901,0.0111,0.53030303,0.00%,0.00%,,,0.04,0.1699028572399445,0.0209314285833893,1.4122452830066142e-09,1.9903591582896512e-08,Data/E288_200.csv,45,0.376147361,0.426997458,7.0,8.0,0.296877068,0.339288078,0.123196448,,0.1699028572399445,0.020931428583389387,0.9999999985877547,1.0000000199035919
E288_200,E288_200:46,0.5,7.5,0.4,0.318082573,0.577627208,0.259544635,19.37008002,200.0,0.220628571,0.0264,0.0702,0.0084,0.318181818,0.00%,0.00%,,,0.0666666666666666,0.2206285715546448,0.0264000000150857,2.5139304563641018e-09,5.714285575542868e-10,Data/E288_200.csv,46,0.376147361,0.426997458,7.0,8.0,0.296877068,0.339288078,0.11965812,,0.22062857155464488,0.026400000015085714,0.9999999974860695,0.9999999994285714
E288_200,E288_200:47,0.7,7.5,0.4,0.318082573,0.577627208,0.259544635,19.37008002,200.0,0.22968,0.03036,0.0522,0.0069,0.227272727,0.00%,0.00%,,,0.0933333333333333,0.229680000275616,0.0303600000364319,1.2000000083268045e-09,1.199999876974036e-09,Data/E288_200.csv,47,0.376147361,0.426997458,7.0,8.0,0.296877068,0.339288078,0.132183908,,0.229680000275616,0.030360000036431998,0.9999999988,0.9999999988000001
E288_200,E288_200:48,0.9,7.5,0.4,0.318082573,0.577627208,0.259544635,19.37008002,200.0,0.232508571,0.034508571,0.0411,0.0061,0.176767677,0.00%,0.00%,,,0.12,0.2325085711229887,0.0345085713832173,5.289641666177682e-10,1.110498898535714e-08,Data/E288_200.csv,48,0.376147361,0.426997458,7.0,8.0,0.296877068,0.339288078,0.148418491,,0.2325085711229887,0.03450857138321731,0.9999999994710358,0.999999988895011
E288_200,E288_200:49,1.1,7.5,0.4,0.318082573,0.577627208,0.259544635,19.37008002,200.0,0.205354286,0.037337143,0.0297,0.0054,0.144628099,0.00%,0.00%,,,0.1466666666666666,0.2053542859607108,0.0373371429019474,1.9132376551674685e-10,2.6261402219617076e-09,Data/E288_200.csv,49,0.376147361,0.426997458,7.0,8.0,0.296877068,0.339288078,0.181818182,,0.20535428596071084,0.03733714290194743,1.0000000001913238,1.0000000026261402
E288_200,E288_200:50,1.3,7.5,0.4,0.318082573,0.577627208,0.259544635,19.37008002,200.0,0.134011429,0.031051429,0.0164,0.0038,0.122377622,0.00%,0.00%,,,0.1733333333333333,0.1340114289849495,0.0310514286672444,1.1230708630081964e-10,1.07162730076964e-08,Data/E288_200.csv,50,0.376147361,0.426997458,7.0,8.0,0.296877068,0.339288078,0.231707317,,0.13401142898494955,0.031051428667244408,1.000000000112307,1.0000000107162732
E288_200,E288_200:51,1.5,7.5,0.4,0.318082573,0.577627208,0.259544635,19.37008002,200.0,0.089571429,0.027342857,0.0095,0.0029,0.106060606,0.00%,0.00%,,,0.2,0.0895714286226122,0.0273428571584816,4.213260302605389e-09,5.796088763094436e-09,Data/E288_200.csv,51,0.376147361,0.426997458,7.0,8.0,0.296877068,0.339288078,0.305263158,,0.08957142862261225,0.02734285715848163,1.0000000042132604,0.9999999942039113
E288_200,E288_200:52,1.7,7.5,0.4,0.318082573,0.577627208,0.259544635,19.37008002,200.0,0.073731429,0.026714286,0.0069,0.0025,0.093582888,0.00%,0.00%,,,0.2266666666666666,0.073731428335488,0.0267142856288,9.012601681444712e-09,1.3895187065539224e-08,Data/E288_200.csv,52,0.376147361,0.426997458,7.0,8.0,0.296877068,0.339288078,0.362318841,,0.073731428335488,0.0267142856288,1.0000000090126018,1.0000000138951872
E288_200,E288_200:53,1.9,7.5,0.4,0.318082573,0.577627208,0.259544635,19.37008002,200.0,0.044188571,0.020302857,0.0037,0.0017,0.083732057,0.00%,0.00%,,,0.2533333333333333,0.0441885716482517,0.0203028572437913,1.4670122469424403e-08,1.2007735749861613e-08,Data/E288_200.csv,53,0.376147361,0.426997458,7.0,8.0,0.296877068,0.339288078,0.459459459,,0.04418857164825176,0.020302857243791345,0.9999999853298775,0.9999999879922643
E288_200,E288_200:54,2.1,7.5,0.4,0.318082573,0.577627208,0.259544635,19.37008002,200.0,0.04224,0.02508,0.0032,0.0019,0.075757576,0.00%,0.00%,,,0.28,0.042239999864832,0.025079999919744,3.1999998781361218e-09,3.199999990533476e-09,Data/E288_200.csv,54,0.376147361,0.426997458,7.0,8.0,0.296877068,0.339288078,0.59375,,0.042239999864832005,0.025079999919744002,1.0000000031999998,1.0000000032
E288_200,E288_200:55,2.3,7.5,0.4,0.318082573,0.577627208,0.259544635,19.37008002,200.0,0.023131429,0.017348571,0.0016,0.0012,0.06916996,0.00%,0.00%,,,0.3066666666666666,0.023131428730044,0.017348571547533,1.1670524776519428e-08,3.1560699914535975e-08,Data/E288_200.csv,55,0.376147361,0.426997458,7.0,8.0,0.296877068,0.339288078,0.75,,0.023131428730044083,0.01734857154753306,1.000000011670525,0.9999999684393001
E288_200,E288_200:56,3.1,7.5,0.4,0.318082573,0.577627208,0.259544635,19.37008002,200.0,0.021434286,0.023382857,0.0011,0.0012,0.051319648,0.00%,0.00%,,,0.4133333333333333,0.0214342857534798,0.0233828571856143,1.150120708116129e-08,7.938053193547828e-09,Data/E288_200.csv,56,0.376147361,0.426997458,7.0,8.0,0.296877068,0.339288078,1.090909091,,0.02143428575347984,0.023382857185614364,1.0000000115012073,0.9999999920619468
E288_200,E288_200:57,0.1,8.5,0.4,0.360493582,0.654644169,0.294150586,19.37008002,200.0,0.013954286,0.004714286,0.0222,0.0075,1.590909091,0.00%,0.00%,,,0.0117647058823529,0.0139542857134883,0.0047142857140163,2.0532162932667158e-08,6.066319976653262e-08,Data/E288_200.csv,57,0.37880799,0.42363845,8.0,9.0,0.339288078,0.381699087,0.337837838,,0.013954285713488326,0.0047142857140163264,1.0000000205321633,1.0000000606632033
E288_200,E288_200:58,0.3,8.5,0.4,0.360493582,0.654644169,0.294150586,19.37008002,200.0,0.031114286,0.007165714,0.0165,0.0038,0.53030303,0.00%,0.00%,,,0.0352941176470588,0.0311142857320653,0.0071657142898089,8.611307849515547e-09,4.0443836866036365e-08,Data/E288_200.csv,58,0.37880799,0.42363845,8.0,9.0,0.339288078,0.381699087,0.23030303,,0.031114285732065306,0.00716571428980898,1.000000008611308,0.9999999595561632
E288_200,E288_200:59,0.5,8.5,0.4,0.360493582,0.654644169,0.294150586,19.37008002,200.0,0.042114286,0.009114286,0.0134,0.0029,0.318181818,0.00%,0.00%,,,0.0588235294117647,0.042114285738351,0.0091142857194938,6.212831917886984e-09,3.0776532775307496e-08,Data/E288_200.csv,59,0.37880799,0.42363845,8.0,9.0,0.339288078,0.381699087,0.21641791,,0.04211428573835102,0.009114285719493877,1.000000006212832,1.0000000307765338
E288_200,E288_200:60,0.7,8.5,0.4,0.360493582,0.654644169,0.294150586,19.37008002,200.0,0.044,0.01012,0.01,0.0023,0.227272727,0.00%,0.00%,,,0.0823529411764705,0.0440000000528,0.010120000012144,1.20000000953525e-09,1.1999999341124904e-09,Data/E288_200.csv,60,0.37880799,0.42363845,8.0,9.0,0.339288078,0.381699087,0.23,,0.0440000000528,0.010120000012144,0.9999999988,0.9999999988
E288_200,E288_200:61,0.9,8.5,0.4,0.360493582,0.654644169,0.294150586,19.37008002,200.0,0.034508571,0.009617143,0.0061,0.0017,0.176767677,0.00%,0.00%,,,0.1058823529411764,0.0345085713832173,0.0096171428445031,1.110498898535714e-08,1.61687121436788e-08,Data/E288_200.csv,61,0.37880799,0.42363845,8.0,9.0,0.339288078,0.381699087,0.278688525,,0.03450857138321731,0.009617142844503183,0.999999988895011,1.0000000161687124
E288_200,E288_200:62,1.1,8.5,0.4,0.360493582,0.654644169,0.294150586,19.37008002,200.0,0.035954286,0.011062857,0.0052,0.0016,0.144628099,0.00%,0.00%,,,0.1294117647058823,0.0359542857574308,0.0110628571561325,6.746599063725103e-09,1.411322303186257e-08,Data/E288_200.csv,62,0.37880799,0.42363845,8.0,9.0,0.339288078,0.381699087,0.307692308,,0.03595428575743085,0.011062857156132571,1.000000006746599,0.999999985886777
E288_200,E288_200:63,1.3,8.5,0.4,0.360493582,0.654644169,0.294150586,19.37008002,200.0,0.049028571,0.014708571,0.006,0.0018,0.122377622,0.00%,0.00%,,,0.1529411764705882,0.0490285715798595,0.0147085714739578,1.1826972971352329e-08,3.2223243246774114e-08,Data/E288_200.csv,63,0.37880799,0.42363845,8.0,9.0,0.339288078,0.381699087,0.3,,0.04902857157985959,0.014708571473957877,0.999999988173027,0.9999999677767567
E288_200,E288_200:64,1.5,8.5,0.4,0.360493582,0.654644169,0.294150586,19.37008002,200.0,0.016028571,0.009428571,0.0017,0.001,0.106060606,0.00%,0.00%,,,0.1764705882352941,0.0160285714377306,0.0094285714339591,2.730939646583176e-08,4.6025973909633075e-08,Data/E288_200.csv,64,0.37880799,0.42363845,8.0,9.0,0.339288078,0.381699087,0.588235294,,0.01602857143773061,0.009428571433959183,0.9999999726906036,0.9999999539740261
E288_200,E288_200:65,1.7,8.5,0.4,0.360493582,0.654644169,0.294150586,19.37008002,200.0,0.01122,0.008014286,0.00105,0.00075,0.093582888,0.00%,0.00%,,,0.1999999999999999,0.0112199999640959,0.00801428568864,3.2000001776928714e-09,3.8850622536109076e-08,Data/E288_200.csv,65,0.37880799,0.42363845,8.0,9.0,0.339288078,0.381699087,0.714285714,,0.011219999964095999,0.00801428568864,1.0000000032000003,1.000000038850624
E288_200,E288_200:66,1.9,8.5,0.4,0.360493582,0.654644169,0.294150586,19.37008002,200.0,0.01254,0.008957143,0.00105,0.00075,0.083732057,0.00%,0.00%,,,0.2235294117647058,0.0125400000623417,0.0089571429016726,4.971428475190304e-09,1.0977534495668634e-08,Data/E288_200.csv,66,0.37880799,0.42363845,8.0,9.0,0.339288078,0.381699087,0.714285714,,0.012540000062341714,0.008957142901672654,0.9999999950285715,1.0000000109775347
E288_200,E288_200:67,2.1,8.5,0.4,0.360493582,0.654644169,0.294150586,19.37008002,200.0,0.007656,0.007656,0.00058,0.00058,0.075757576,0.00%,0.00%,,,0.2470588235294117,0.0076559999755008,0.0076559999755008,3.1999998271548283e-09,3.1999998271548283e-09,Data/E288_200.csv,67,0.37880799,0.42363845,8.0,9.0,0.339288078,0.381699087,1.0,,0.007655999975500801,0.007655999975500801,1.0000000031999998,1.0000000031999998
E288_200,E288_200:68,2.9,8.5,0.4,0.360493582,0.654644169,0.294150586,19.37008002,200.0,0.009661143,0.009661143,0.00053,0.00053,0.054858934,0.00%,0.00%,,,0.3411764705882353,0.0096611428869543,0.0096611428869543,1.1701060244184298e-08,1.1701060244184298e-08,Data/E288_200.csv,68,0.37880799,0.42363845,8.0,9.0,0.339288078,0.381699087,1.0,,0.009661142886954384,0.009661142886954384,1.0000000117010603,1.0000000117010603
E288_200,E288_200:69,0.1,9.5,0.4,0.402904592,0.73166113,0.328756537,19.37008002,200.0,0.009931429,0.003834286,0.0158,0.0061,1.590909091,0.00%,0.00%,,,0.0105263157894736,0.009931428570861,0.0038342857140666,4.3210190389202086e-08,7.457278567060676e-08,Data/E288_200.csv,69,0.380934651,0.421022764,9.0,10.0,0.381699087,0.424110097,0.386075949,,0.009931428570861062,0.003834285714066612,1.0000000432101923,1.0000000745727913
E288_200,E288_200:70,0.3,9.5,0.4,0.402904592,0.73166113,0.328756537,19.37008002,200.0,0.003507429,0.002036571,0.00186,0.00108,0.53030303,0.00%,0.00%,,,0.031578947368421,0.0035074285734328,0.0020365714297351,1.216181948331651e-07,2.1100913887011434e-07,Data/E288_200.csv,70,0.380934651,0.421022764,9.0,10.0,0.381699087,0.424110097,0.580645161,,0.0035074285734328164,0.0020365714297351837,1.0000001216182097,0.9999997889908612
E288_200,E288_200:71,0.5,9.5,0.4,0.402904592,0.73166113,0.328756537,19.37008002,200.0,0.013451429,0.004557143,0.00428,0.00145,0.318181818,0.00%,0.00%,,,0.0526315789473684,0.0134514285791151,0.0045571428597469,3.1289233273938166e-08,3.0776532775307496e-08,Data/E288_200.csv,71,0.380934651,0.421022764,9.0,10.0,0.381699087,0.424110097,0.338785047,,0.013451428579115101,0.004557142859746939,1.0000000312892343,1.0000000307765338
E288_200,E288_200:72,0.7,9.5,0.4,0.402904592,0.73166113,0.328756537,19.37008002,200.0,0.009988,0.004136,0.00227,0.00094,0.227272727,0.00%,0.00%,,,0.0736842105263157,0.0099880000119855,0.0041360000049632,1.199999826128363e-09,1.199999996113792e-09,Data/E288_200.csv,72,0.380934651,0.421022764,9.0,10.0,0.381699087,0.424110097,0.414096916,,0.009988000011985599,0.0041360000049632,0.9999999988000001,0.9999999988
E288_200,E288_200:73,0.9,9.5,0.4,0.402904592,0.73166113,0.328756537,19.37008002,200.0,0.024721714,0.007637143,0.00437,0.00135,0.176767677,0.00%,0.00%,,,0.0947368421052631,0.0247217142532228,0.0076371428471054,1.0242933985464431e-08,2.0019859569174904e-08,Data/E288_200.csv,73,0.380934651,0.421022764,9.0,10.0,0.381699087,0.424110097,0.308924485,,0.024721714253222886,0.0076371428471054695,0.999999989757066,1.00000002001986
E288_200,E288_200:74,1.1,9.5,0.4,0.402904592,0.73166113,0.328756537,19.37008002,200.0,0.008435429,0.004286857,0.00122,0.00062,0.144628099,0.00%,0.00%,,,0.1157894736842105,0.008435428581551,0.0042868571480013,4.960612132562273e-08,3.4524446806885606e-08,Data/E288_200.csv,74,0.380934651,0.421022764,9.0,10.0,0.381699087,0.424110097,0.508196721,,0.008435428581551085,0.004286857148001371,1.0000000496061239,0.9999999654755531
E288_200,E288_200:75,1.3,9.5,0.4,0.402904592,0.73166113,0.328756537,19.37008002,200.0,0.017977143,0.007517714,0.0022,0.00092,0.122377622,0.00%,0.00%,,,0.1368421052631579,0.0179771429126151,0.0075177143089118,4.860884631753257e-09,4.109118695246759e-08,Data/E288_200.csv,75,0.380934651,0.421022764,9.0,10.0,0.381699087,0.424110097,0.418181818,,0.017977142912615183,0.007517714308911804,1.0000000048608846,0.9999999589088131
E288_200,E288_200:76,1.5,9.5,0.4,0.402904592,0.73166113,0.328756537,19.37008002,200.0,0.0033,0.0033,0.00035,0.00035,0.106060606,0.00%,0.00%,,,0.1578947368421052,0.0033000000018857,0.0033000000018857,5.714285575542868e-10,5.714285575542868e-10,Data/E288_200.csv,76,0.380934651,0.421022764,9.0,10.0,0.381699087,0.424110097,1.0,,0.0033000000018857142,0.0033000000018857142,0.9999999994285714,0.9999999994285714
E288_200,E288_200:77,1.9,9.5,0.4,0.402904592,0.73166113,0.328756537,19.37008002,200.0,0.004418857,0.004418857,0.00037,0.00037,0.083732057,0.00%,0.00%,,,0.1999999999999999,0.0044188571648251,0.0044188571648251,3.7300408015416636e-08,3.7300408015416636e-08,Data/E288_200.csv,77,0.380934651,0.421022764,9.0,10.0,0.381699087,0.424110097,1.0,,0.004418857164825175,0.004418857164825175,0.999999962699592,0.999999962699592
E288_200,E288_200:78,2.1,9.5,0.4,0.402904592,0.73166113,0.328756537,19.37008002,200.0,0.005544,0.005676,0.00042,0.00043,0.075757576,0.00%,0.00%,,,0.2210526315789474,0.0055439999822592,0.0056759999818368,3.199999870313595e-09,3.199999866675211e-09,Data/E288_200.csv,78,0.380934651,0.421022764,9.0,10.0,0.381699087,0.424110097,1.023809524,,0.005543999982259201,0.0056759999818368,1.0000000031999998,1.0000000031999998
E288_200,E288_200:79,2.3,9.5,0.4,0.402904592,0.73166113,0.328756537,19.37008002,200.0,0.005493714,0.005638286,0.00038,0.00039,0.06916996,0.00%,0.00%,,,0.2421052631578947,0.0054937143233854,0.0056382857529482,5.8864631542264785e-08,4.3816818607928605e-08,Data/E288_200.csv,79,0.380934651,0.421022764,9.0,10.0,0.381699087,0.424110097,1.026315789,,0.00549371432338547,0.005638285752948245,0.9999999411353685,1.0000000438168206
E288_200,E288_200:80,0.1,10.5,0.4,0.445315602,0.808678091,0.363362489,19.37008002,200.0,0.001313714,0.001332571,0.00209,0.00212,1.590909091,0.00%,0.00%,,,0.0095238095238095,0.0013137142856392,0.0013325714284952,2.1742872053328797e-07,3.21555206869231e-07,Data/E288_200.csv,80,0.382673426,0.418928252,10.0,11.0,0.424110097,0.466521107,1.014354067,,0.0013137142856392162,0.0013325714284952814,0.9999997825712794,0.9999996784447931
E288_200,E288_200:81,0.3,10.5,0.4,0.445315602,0.808678091,0.363362489,19.37008002,200.0,0.002319429,0.001659429,0.00123,0.00088,0.53030303,0.00%,0.00%,,,0.0285714285714285,0.0023194285727539,0.0016594285723768,1.842031125174704e-07,2.576929676460449e-07,Data/E288_200.csv,81,0.382673426,0.418928252,10.0,11.0,0.424110097,0.466521107,0.715447154,,0.002319428572753959,0.0016594285723768164,1.0000001842031465,1.000000257693034
E288_200,E288_200:82,0.5,10.5,0.4,0.445315602,0.808678091,0.363362489,19.37008002,200.0,0.00132,0.00132,0.00042,0.00042,0.318181818,0.00%,0.00%,,,0.0476190476190476,0.0013200000007542,0.0013200000007542,5.71428590408898e-10,5.71428590408898e-10,Data/E288_200.csv,82,0.382673426,0.418928252,10.0,11.0,0.424110097,0.466521107,1.0,,0.0013200000007542857,0.0013200000007542857,0.9999999994285714,0.9999999994285714
E288_200,E288_200:83,0.7,10.5,0.4,0.445315602,0.808678091,0.363362489,19.37008002,200.0,0.001408,0.001452,0.00032,0.00033,0.227272727,0.00%,0.00%,,,0.0666666666666666,0.0014080000016896,0.0014520000017424,1.2000000452646398e-09,1.2000000405977916e-09,Data/E288_200.csv,83,0.382673426,0.418928252,10.0,11.0,0.424110097,0.466521107,1.03125,,0.0014080000016896,0.0014520000017424,0.9999999987999999,0.9999999988
E288_200,E288_200:84,0.9,10.5,0.4,0.445315602,0.808678091,0.363362489,19.37008002,200.0,0.001470857,0.001527429,0.00026,0.00027,0.176767677,0.00%,0.00%,,,0.0857142857142857,0.001470857140924,0.001527428569421,9.581081142562119e-08,2.818978206496537e-07,Data/E288_200.csv,84,0.382673426,0.418928252,10.0,11.0,0.424110097,0.466521107,1.038461538,,0.001470857140924016,0.0015274285694210938,0.9999999041891886,1.0000002818979001
E288_200,E288_200:85,1.1,10.5,0.4,0.445315602,0.808678091,0.363362489,19.37008002,200.0,0.004909143,0.002904,0.00071,0.00042,0.144628099,0.00%,0.00%,,,0.1047619047619047,0.0049091428630338,0.0029040000034848,2.7900220448072626e-08,1.2000000405977916e-09,Data/E288_200.csv,85,0.382673426,0.418928252,10.0,11.0,0.424110097,0.466521107,0.591549296,,0.0049091428630338284,0.0029040000034848,1.0000000279002212,0.9999999988
E288_200,E288_200:86,1.3,10.5,0.4,0.445315602,0.808678091,0.363362489,19.37008002,200.0,0.002533143,0.002533143,0.00031,0.00031,0.122377622,0.00%,0.00%,,,0.1238095238095238,0.0025331428649594,0.0025331428649594,5.3309500353156456e-08,5.3309500353156456e-08,Data/E288_200.csv,86,0.382673426,0.418928252,10.0,11.0,0.424110097,0.466521107,1.0,,0.002533142864959412,0.002533142864959412,1.0000000533095033,1.0000000533095033
E288_200,E288_200:87,1.5,10.5,0.4,0.445315602,0.808678091,0.363362489,19.37008002,200.0,0.003394286,0.003394286,0.00036,0.00036,0.106060606,0.00%,0.00%,,,0.1428571428571428,0.0033942857162253,0.0033942857162253,8.36036484296883e-08,8.36036484296883e-08,Data/E288_200.csv,87,0.382673426,0.418928252,10.0,11.0,0.424110097,0.466521107,1.0,,0.0033942857162253064,0.0033942857162253064,1.0000000836036553,1.0000000836036553
E288_200,E288_200:88,1.9,10.5,0.4,0.445315602,0.808678091,0.363362489,19.37008002,200.0,0.007285143,0.005493714,0.00061,0.00046,0.083732057,0.00%,0.00%,,,0.1809523809523809,0.0072851428933604,0.0054937143130258,1.4637952287575486e-08,5.6978917437603346e-08,Data/E288_200.csv,88,0.382673426,0.418928252,10.0,11.0,0.424110097,0.466521107,0.754098361,,0.007285142893360424,0.0054937143130258945,1.0000000146379524,0.9999999430210825
