endpoint,profile,optimizer_success,data_chi2,data_chi2_per_row,total_chi2,total_chi2_per_row,matching_nuisance_sigma,nnlo_scale_nuisance_sigma,max_whitened_pull,min_prediction,max_prediction,all_positive
exactbaseline_matched_reference_distance_b0p1_2p0_lam1e00_s303,early_0p18_0p28,True,11.244546031707953,2.8111365079269883,18.274573004524314,4.568643251131078,0.8699724578302793,2.504630690427853,2.998562439609434,0.007959934947996156,0.9812970633333011,True
exactbaseline_matched_reference_distance_b0p1_2p0_lam1e00_s303,central_0p20_0p30,True,14.361211930282943,3.5903029825707358,26.163127417456387,6.540781854364097,2.5544529022581175,2.297103797680576,3.158546839510082,0.007839354837731459,0.9562574351309705,True
exactbaseline_matched_reference_distance_b0p1_2p0_lam1e00_s303,late_0p22_0p32,True,15.407762294826476,3.851940573706619,30.4987647739582,7.62469119348955,3.240260847412124,2.142828065865245,3.150219181709401,0.007749715444459602,0.9503542326519163,True
exactbaseline_matched_reference_distance_b0p1_2p0_lam1e00_s304,early_0p18_0p28,True,11.304754768921894,2.8261886922304735,18.251249593391105,4.562812398347776,0.8171406295586142,2.5057485939323128,3.0056700074807132,0.00796058448756208,0.9807551978468676,True
exactbaseline_matched_reference_distance_b0p1_2p0_lam1e00_s304,central_0p20_0p30,True,15.105327830360377,3.776331957590094,26.870054404141364,6.717513601035341,2.561556617391054,2.2810423647273823,3.1989176784317483,0.007830022604540535,0.9518825342665995,True
exactbaseline_matched_reference_distance_b0p1_2p0_lam1e00_s304,late_0p22_0p32,True,16.455243683929,4.11381092098225,31.814208826590967,7.953552206647742,3.3059201587135054,2.1047225581709426,3.1939693859011165,0.007727574861816818,0.9444064666490655,True
exactbaseline_matched_reference_distance_b0p1_2p0_lam1e00_s305,early_0p18_0p28,True,11.246166821262332,2.811541705315583,18.274067547073592,4.568516886768398,0.8686615884273917,2.5046612087470153,2.998756445637124,0.007959952680166868,0.981282273173071,True
exactbaseline_matched_reference_distance_b0p1_2p0_lam1e00_s305,central_0p20_0p30,True,14.378897437783978,3.5947243594459946,26.18080095319978,6.545200238299945,2.5548102351573885,2.29670376360358,3.1595392173242622,0.007839122404467146,0.9561491372461844,True
exactbaseline_matched_reference_distance_b0p1_2p0_lam1e00_s305,late_0p22_0p32,True,15.43206336516451,3.8580158412911274,30.530882023088765,7.632720505772191,3.2420929280941686,2.141880506360249,3.151218786506664,0.007749164880491326,0.9502095590643923,True
exactbaseline_matched_reference_distance_b0p1_2p0_lam1e00_s306,early_0p18_0p28,True,11.183708094324594,2.7959270235811484,18.289637871179778,4.5724094677949445,0.9157400333436045,2.5034675888029865,2.9911673245625647,0.007959259146800856,0.9818608612388333,True
exactbaseline_matched_reference_distance_b0p1_2p0_lam1e00_s306,central_0p20_0p30,True,13.768135691209551,3.4420339228023877,25.5412651727031,6.385316293175775,2.5362611196648914,2.310954135064073,3.123712127097845,0.00784740234996853,0.9600311598550887,True
exactbaseline_matched_reference_distance_b0p1_2p0_lam1e00_s306,late_0p22_0p32,True,14.604094408057305,3.6510236020143263,29.384385666603023,7.346096416650756,3.1703764835899753,2.1746273728722767,3.1135376580152885,0.00776819191222958,0.9553239577904512,True
exactbaseline_matched_reference_distance_b0p1_2p0_lam1e00_s307,early_0p18_0p28,True,11.331129039581356,2.832782259895339,18.237412515836642,4.5593531289591605,0.7906334308404828,2.5062286915388814,3.0087218680633843,0.007960863440432099,0.9805225397351092,True
exactbaseline_matched_reference_distance_b0p1_2p0_lam1e00_s307,central_0p20_0p30,True,15.503806702978883,3.8759516757447208,27.221075637148644,6.805268909287161,2.5594948786228233,2.2729397045397617,3.219288155619634,0.007825314686227266,0.9496752747214527,True
exactbaseline_matched_reference_distance_b0p1_2p0_lam1e00_s307,late_0p22_0p32,True,17.034637812283915,4.258659453070979,32.48837980296869,8.122094950742172,3.3326529727073004,2.0849858882472,3.2166426323380355,0.007716107192233574,0.9413253633704615,True
exactbaseline_matched_reference_distance_b0p1_2p0_lam1e00_s308,early_0p18_0p28,True,11.210501793182267,2.802625448295567,18.283887665813456,4.570971916453364,0.8963531309252006,2.5039842126722323,2.994451863857381,0.007959559322659003,0.9816104500484715,True
exactbaseline_matched_reference_distance_b0p1_2p0_lam1e00_s308,central_0p20_0p30,True,14.013680327207346,3.5034200818018366,25.805924281160536,6.451481070290134,2.545333959626667,2.305107153241346,3.138503670879544,0.007844005056713826,0.9584337253170399,True
exactbaseline_matched_reference_distance_b0p1_2p0_lam1e00_s308,late_0p22_0p32,True,14.934036222795456,3.733509055698864,29.854745369908798,7.4636863424771995,3.2014076503728663,2.1614111601561206,3.129364628672448,0.007760512847769551,0.9532372158773863,True
exactbaseline_matched_reference_distance_b0p1_2p0_lam1e00_s309,early_0p18_0p28,True,11.216283011948487,2.804070752987122,18.282472311587448,4.570618077896862,0.8920193793266382,2.504094791844885,2.9951548358926745,0.007959623572880528,0.9815568607047618,True
exactbaseline_matched_reference_distance_b0p1_2p0_lam1e00_s309,central_0p20_0p30,True,14.069788693242584,3.517447173310646,25.864841252987407,6.466210313246852,2.547107941977598,2.303756430627914,3.1417013975589305,0.007843220241408645,0.958075781442909,True
exactbaseline_matched_reference_distance_b0p1_2p0_lam1e00_s309,late_0p22_0p32,True,15.008747005188603,3.7521867512971507,29.95844037984417,7.4896100949610425,3.208166108617688,2.1580925823913137,3.1318487898407836,0.0077585846423813,0.9527676895503231,True
exactbaseline_matched_reference_distance_b0p1_2p0_lam1e00_s310,early_0p18_0p28,True,11.283694575744196,2.820923643936049,18.26056077053534,4.565140192633835,0.8366788470170716,2.5053611918734044,3.0032067000319036,0.007960359393925486,0.9809429998706662,True
exactbaseline_matched_reference_distance_b0p1_2p0_lam1e00_s310,central_0p20_0p30,True,14.822561354524176,3.705640338631044,26.60983457526069,6.652458643815173,2.5606744906202454,2.286967287440566,3.1838892056343173,0.007833465184076169,0.9535032728118897,True
exactbaseline_matched_reference_distance_b0p1_2p0_lam1e00_s310,late_0p22_0p32,True,16.051069858224082,4.0127674645560205,31.322406841547917,7.830601710386979,3.2836111613720296,2.118781424365634,3.1768934775212703,0.007735743536312498,0.9466350168173273,True
exactbaseline_matched_reference_distance_b0p1_2p0_lam1e00_s311,early_0p18_0p28,True,11.18690473127344,2.79672618281836,18.289019078063856,4.572254769515964,0.9134845403764398,2.5035295766744317,2.991561541374667,0.007959295163840745,0.9818308059551478,True
exactbaseline_matched_reference_distance_b0p1_2p0_lam1e00_s311,central_0p20_0p30,True,13.79629951680839,3.4490748792020973,25.572159802114637,6.393039950528659,2.5374264186911177,2.310265667631023,3.1254115169503853,0.007847002327215373,0.9598451993764643,True
exactbaseline_matched_reference_distance_b0p1_2p0_lam1e00_s311,late_0p22_0p32,True,14.64145187961952,3.66036296990488,29.438570293725512,7.359642573431378,3.1741212800312053,2.173033021782931,3.1151619077701516,0.007767265540579097,0.9550826365652997,True
exactbaseline_matched_reference_distance_b0p1_2p0_lam1e00_s312,early_0p18_0p28,True,11.241766029695555,2.8104415074238887,18.275426007582993,4.568856501895748,0.8722084741254839,2.504578278982539,2.9982293234608814,0.007959904495182203,0.9813224584368448,True
exactbaseline_matched_reference_distance_b0p1_2p0_lam1e00_s312,central_0p20_0p30,True,14.331148007469213,3.5827870018673034,26.132970660041522,6.5332426650103805,2.5538241578900713,2.297782588311909,3.156846251470891,0.007839749237937085,0.9564420462643307,True
exactbaseline_matched_reference_distance_b0p1_2p0_lam1e00_s312,late_0p22_0p32,True,15.366403360784556,3.841600840196139,30.443887157496523,7.610971789374131,3.2371229497273206,2.14441572580054,3.1484333440588377,0.00775063792832435,0.9506006920111322,True
exactbaseline_matched_reference_distance_b0p1_2p0_lam1e00_s313,early_0p18_0p28,True,11.294163933563453,2.8235409833908633,18.256105741798635,4.564026435449659,0.82712742134124,2.5055542375092523,3.004434195547876,0.007960471559938037,0.9808494127150498,True
exactbaseline_matched_reference_distance_b0p1_2p0_lam1e00_s313,central_0p20_0p30,True,14.959594784322398,3.7398986960805995,26.737191818635928,6.684297954658982,2.5613505655544677,2.284092886606702,3.1912800767948384,0.00783179506043627,0.9527119381499737,True
exactbaseline_matched_reference_distance_b0p1_2p0_lam1e00_s313,late_0p22_0p32,True,16.246797151397416,4.061699287849354,31.56305410838409,7.890763527096023,3.2947386420791434,2.112097118358234,3.18571372476456,0.007731859729521265,0.9455498134758494,True
exactbaseline_matched_reference_distance_b0p1_2p0_lam1e00_s314,early_0p18_0p28,True,11.25056821419993,2.8126420535499825,18.272664752931206,4.5681661882328015,0.8650747648116694,2.5047439370157805,2.999282486307539,0.007960000748075744,0.9812421672816145,True
exactbaseline_matched_reference_distance_b0p1_2p0_lam1e00_s314,central_0p20_0p30,True,14.427446576658827,3.606861644164707,26.229106959658434,6.557276739914609,2.5557334969122136,2.2956233741100642,3.1622902716227133,0.00783849466180434,0.9558530577801576,True
exactbaseline_matched_reference_distance_b0p1_2p0_lam1e00_s314,late_0p22_0p32,True,15.499352933390533,3.874838233347633,30.61946898042908,7.65486724510727,3.2470142628599166,2.1393958081249993,3.154313522379668,0.00774772118717903,0.9498128868708081,True
exactbaseline_matched_reference_distance_b0p1_2p0_lam1e00_s315,early_0p18_0p28,True,11.273860821595957,2.818465205398989,18.264455471902565,4.566113867975641,0.8453834603603164,2.505178926794616,3.0020481459662944,0.007960253491779472,0.9810313212369559,True
exactbaseline_matched_reference_distance_b0p1_2p0_lam1e00_s315,central_0p20_0p30,True,14.699436868066297,3.674859217016574,26.493446869937415,6.623361717484354,2.5596152231703377,2.289624403954889,3.17726197713574,0.007835009058212392,0.9542244278588595,True
exactbaseline_matched_reference_distance_b0p1_2p0_lam1e00_s315,late_0p22_0p32,True,15.877829219384294,3.9694573048460735,31.10589267741041,7.776473169352602,3.272886259704337,2.1251538742088,3.1699350454586686,0.0077394461441748965,0.9476165898901512,True
exactbaseline_matched_reference_distance_b0p1_2p0_lam1e00_s316,early_0p18_0p28,True,11.245203648895624,2.811300912223906,18.274368543506398,4.5685921358765995,0.869441042552081,2.5046431219111285,2.9986411960630504,0.007959942171106396,0.9812910617086221,True
exactbaseline_matched_reference_distance_b0p1_2p0_lam1e00_s316,central_0p20_0p30,True,14.36837548169108,3.59209387042277,26.170293279834873,6.542573319958718,2.554598456447453,2.2969424295049454,3.1589512233915196,0.00783926107738959,0.9562135441561662,True
exactbaseline_matched_reference_distance_b0p1_2p0_lam1e00_s316,late_0p22_0p32,True,15.417628756241985,3.8544071890604963,30.511820018088386,7.6279550045220965,3.2410024735757177,2.1424505194105365,3.1506449325930515,0.0077494960772607965,0.9502955834700603,True
exactbaseline_matched_reference_distance_b0p1_2p0_lam1e00_s317,early_0p18_0p28,True,11.269402032189056,2.817350508047264,18.266134041351982,4.566533510337996,0.8492500203204214,2.5050960884063294,3.0015211057356703,0.007960205359887448,0.9810715034855744,True
exactbaseline_matched_reference_distance_b0p1_2p0_lam1e00_s317,central_0p20_0p30,True,14.645295854686221,3.6613239636715553,26.44165094448384,6.61041273612096,2.5590121773701884,2.2908102858745654,3.174336369147485,0.007835698095525786,0.9545446591821531,True
exactbaseline_matched_reference_distance_b0p1_2p0_lam1e00_s317,late_0p22_0p32,True,15.802244900593797,3.950561225148449,31.010301866779756,7.752575466694939,3.267962429103376,2.1280222104467605,3.1670214444727103,0.007741112744080436,0.9480504265592449,True
exactbaseline_matched_reference_distance_b0p1_2p0_lam1e00_s318,early_0p18_0p28,True,11.258296681940267,2.814574170485067,18.27009077291291,4.567522693228227,0.8586768679137896,2.5048888453347398,3.0002035542505006,0.007960084944686828,0.9811719501855406,True
exactbaseline_matched_reference_distance_b0p1_2p0_lam1e00_s318,central_0p20_0p30,True,14.514842122939559,3.6287105307348897,26.315162165583803,6.578790541395951,2.557222320619081,2.293672610808222,3.167143834401837,0.007837361202661177,0.9553242136353465,True
exactbaseline_matched_reference_distance_b0p1_2p0_lam1e00_s318,late_0p22_0p32,True,15.620227862636979,3.9050569656592446,30.776875369275288,7.694218842318822,3.2556738751025756,2.1347681667133998,3.159289132931139,0.007745032371747501,0.9491029078244528,True
exactbaseline_matched_reference_distance_b0p1_2p0_lam1e00_s319,early_0p18_0p28,True,11.308276479601911,2.827069119900478,18.249551448545777,4.562387862136444,0.8137417419665208,2.5058131108135653,3.0060797287328866,0.007960621974041796,0.9807239711820206,True
exactbaseline_matched_reference_distance_b0p1_2p0_lam1e00_s319,central_0p20_0p30,True,15.155567372326317,3.7888918430815792,26.915229360161607,6.728807340040402,2.5615178385162594,2.2799755153944705,3.201452550068283,0.007829402729166816,0.9515993501529681,True
exactbaseline_matched_reference_distance_b0p1_2p0_lam1e00_s319,late_0p22_0p32,True,16.526572781898217,4.131643195474554,31.898820252056147,7.974705063014037,3.3096741834371803,2.101976277137152,3.1960961401358934,0.00772597918009341,0.9440153130085398,True
exactbaseline_matched_reference_distance_b0p1_2p0_lam1e00_s320,early_0p18_0p28,True,11.23894779134746,2.809736947836865,18.276273048198927,4.569068262049732,0.8744593299794119,2.5045251320486734,2.9978911796651673,0.007959873615024643,0.9813482388014464,True
exactbaseline_matched_reference_distance_b0p1_2p0_lam1e00_s320,central_0p20_0p30,True,14.300969851106226,3.5752424627765564,26.10258530843182,6.525646327107955,2.5531581522323465,2.2984775193625677,3.1551642127444532,0.007840153016269644,0.9566280702177739,True
exactbaseline_matched_reference_distance_b0p1_2p0_lam1e00_s320,late_0p22_0p32,True,15.325333947195194,3.8313334867987985,30.389219630033697,7.597304907508424,3.2339018535496122,2.146104490570505,3.1469334547214487,0.007751619157501339,0.9508482436982086,True
exactbaseline_matched_reference_distance_b0p1_2p0_lam1e00_s321,early_0p18_0p28,True,11.241586246750623,2.810396561687656,18.27548055439891,4.568870138599728,0.8723523885534783,2.504574937555937,2.998207803488107,0.007959902553700871,0.9813241025686921,True
exactbaseline_matched_reference_distance_b0p1_2p0_lam1e00_s321,central_0p20_0p30,True,14.329236698922603,3.582309174730651,26.131033083116172,6.532758270779043,2.553787081757567,2.2978180792311944,3.1567162690051043,0.007839769859355854,0.9564537772230614,True
exactbaseline_matched_reference_distance_b0p1_2p0_lam1e00_s321,late_0p22_0p32,True,15.363516877376224,3.840879219344056,30.43999670498195,7.609999176245488,3.2369430805150206,2.1444531519974173,3.1481137930573215,0.007750659674204541,0.9506166411558611,True
exactbaseline_matched_reference_distance_b0p1_2p0_lam1e00_s322,early_0p18_0p28,True,11.242681888520345,2.810670472130086,18.27514680735096,4.56878670183774,0.8714733364315865,2.504595604627504,2.998339121898889,0.007959914561965127,0.981314089328226,True
exactbaseline_matched_reference_distance_b0p1_2p0_lam1e00_s322,central_0p20_0p30,True,14.340985143931139,3.5852462859827847,26.142879042024056,6.535719760506014,2.554026409931665,2.297573284024796,3.1574401059792625,0.007839627625100865,0.9563816142980416,True
exactbaseline_matched_reference_distance_b0p1_2p0_lam1e00_s322,late_0p22_0p32,True,15.380370794376011,3.845092698594003,30.46253384503812,7.61563346125953,3.2381182808924907,2.1440039761185075,3.1493679037803144,0.007750398687899151,0.9505195474259494,True
exactbaseline_matched_reference_distance_b0p1_2p0_lam1e00_s323,early_0p18_0p28,True,11.248109021680317,2.8120272554200794,18.27345387520899,4.568363468802247,0.8670834807418105,2.5046978043175865,2.998988744793666,0.007959973943425217,0.9812645662224103,True
exactbaseline_matched_reference_distance_b0p1_2p0_lam1e00_s323,central_0p20_0p30,True,14.400226019993038,3.6000565049982596,26.20206357885308,6.55051589471327,2.555225137825908,2.2962277878909596,3.160748177662607,0.007838845846556258,0.9560188524852999,True
exactbaseline_matched_reference_distance_b0p1_2p0_lam1e00_s323,late_0p22_0p32,True,15.461582219776648,3.865395554944162,30.56981820189641,7.642454550474103,3.24426922978491,2.1407833021561498,3.152564726973827,0.00774852736791567,0.9500351496186823,True
exactbaseline_matched_reference_distance_b0p1_2p0_lam1e00_s324,early_0p18_0p28,True,11.259552409554644,2.814888102388661,18.26965913585124,4.56741478396281,0.8576252408251696,2.5049123083645393,3.000352884865385,0.007960098577496933,0.9811605651412726,True
exactbaseline_matched_reference_distance_b0p1_2p0_lam1e00_s324,central_0p20_0p30,True,14.52931237665474,3.632328094163685,26.329292335955806,6.5823230839889515,2.557449632092479,2.29334501081087,3.16792453136711,0.007837170856035348,0.9552371422248169,True
exactbaseline_matched_reference_distance_b0p1_2p0_lam1e00_s324,late_0p22_0p32,True,15.640077698712947,3.9100194246782367,30.802485674112773,7.700621418528193,3.257094146520454,2.1339507248533227,3.1599358501353554,0.007744557410510823,0.9489859821762815,True
exactbaseline_matched_reference_distance_b0p1_2p0_lam1e00_s325,early_0p18_0p28,True,11.179940276386128,2.794985069096532,18.29034495338315,4.572586238345788,0.9183797605022054,2.503394354171339,2.9907018164675923,0.007959216595014713,0.981896349718979,True
exactbaseline_matched_reference_distance_b0p1_2p0_lam1e00_s325,central_0p20_0p30,True,13.735307986298219,3.4338269965745547,25.50506645469573,6.376266613673932,2.5348620036387848,2.3117597390096303,3.12172204122386,0.007847870432978394,0.9602488342719405,True
exactbaseline_matched_reference_distance_b0p1_2p0_lam1e00_s325,late_0p22_0p32,True,14.560619139190893,3.640154784797723,29.320998506216732,7.330249626554183,3.1659562628187077,2.1764880677239744,3.1116308895045535,0.0077692730385714075,0.9556060010221741,True
exactbaseline_matched_reference_distance_b0p1_2p0_lam1e00_s326,early_0p18_0p28,True,11.32336428204674,2.830841070511685,18.2417678214835,4.560441955370875,0.7987031948936372,2.5060879365863156,3.007827239353656,0.007960781657066696,0.9805907478489911,True
exactbaseline_matched_reference_distance_b0p1_2p0_lam1e00_s326,central_0p20_0p30,True,15.380827517215398,3.8452068793038494,27.114508381227484,6.778627095306871,2.560544225964454,2.275366812382606,3.2129724587974224,0.00782672491758302,0.9503472520893406,True
exactbaseline_matched_reference_distance_b0p1_2p0_lam1e00_s326,late_0p22_0p32,True,16.85294962407784,4.21323740601946,32.280208907819805,8.070052226954951,3.325097629905159,2.0906900859144706,3.208586493146787,0.007719421523087691,0.942270779546572,True
lambda1_start_expansion48_s327_cont320000,early_0p18_0p28,True,11.306312081153159,2.8265780202882897,18.250504053439826,4.5626260133599565,0.8156427413475709,2.505777103170529,3.0058512203840566,0.007960601052389136,0.9807413828850369,True
lambda1_start_expansion48_s327_cont320000,central_0p20_0p30,True,15.127384304113427,3.7818460760283568,26.889950177337305,6.722487544334326,2.5615402571261323,2.2805870701084987,3.200070566582223,0.007829758063041257,0.9517580869907081,True
lambda1_start_expansion48_s327_cont320000,late_0p22_0p32,True,16.487031700456736,4.121757925114184,31.85210975761782,7.963027439404455,3.307538318418506,2.1036321753943503,3.1952793784544795,0.00772694131272016,0.9442341516046047,True
lambda1_start_expansion48_s328_cont240000,early_0p18_0p28,True,11.322827369971083,2.830706842492771,18.242059771147296,4.560514942786824,0.7992525955505946,2.5060781491569357,3.007765125677857,0.007960775970240771,0.980595473575371,True
lambda1_start_expansion48_s328_cont240000,central_0p20_0p30,True,15.37233373870621,3.8430834346765526,27.107181416956905,6.776795354239226,2.560579589054287,2.275583407913073,3.2126674625394767,0.007826850766877062,0.9503941481149781,True
lambda1_start_expansion48_s328_cont240000,late_0p22_0p32,True,16.84221391520567,4.210553478801417,32.26827100262632,8.06706775065658,3.3244111230388182,2.0914941483151304,3.2093474558226323,0.00771988871040808,0.9423347414872082,True
lambda1_start_expansion48_s329_cont200000,early_0p18_0p28,True,11.289701292853337,2.8224253232133343,18.258045087019784,4.564511271754946,0.831236119960962,2.5054720726918296,3.003911662302214,0.007960423819413358,0.9808892498860895,True
lambda1_start_expansion48_s329_cont200000,central_0p20_0p30,True,14.900326148934218,3.7250815372335544,26.68242874838046,6.670607187095115,2.561109946152237,2.285348648054893,3.188146069517543,0.00783252470010795,0.9530528605575785,True
lambda1_start_expansion48_s329_cont200000,late_0p22_0p32,True,16.162582305986483,4.040645576496621,31.460205321773497,7.865051330443374,3.2899617382070887,2.115129966909931,3.182387542451055,0.0077336219166187475,0.9460175037377827,True
lambda1_start_expansion48_s330_cont120000,early_0p18_0p28,True,11.269229499763794,2.8173073749409485,18.266197934524744,4.566549483631186,0.8493987144051779,2.5050928642922163,3.0015006483591025,0.00796020348656862,0.9810730601069784,True
lambda1_start_expansion48_s330_cont120000,central_0p20_0p30,True,14.643167095834325,3.6607917739585814,26.439641957679683,6.609910489419921,2.558977531178862,2.290875129021024,3.1742716040564427,0.007835735771576568,0.9545573577972937,True
lambda1_start_expansion48_s330_cont120000,late_0p22_0p32,True,15.799906826833231,3.949976706708308,31.007468739460872,7.751867184865218,3.2677150853405137,2.128285703016792,3.1673934635377585,0.007741265842133068,0.9480669031165894,True
lambda1_start_expansion48_s331_cont120000,early_0p18_0p28,True,11.322107655683809,2.830526913920952,18.24244930996658,4.560612327491645,0.7999871477585877,2.5060650864859535,3.0076820031883456,0.007960768380389227,0.9806018097973384,True
lambda1_start_expansion48_s331_cont120000,central_0p20_0p30,True,15.361187510176258,3.8402968775440645,27.09745438076701,6.774363595191753,2.560649950673133,2.275816051597413,3.212121968680251,0.007826985940688699,0.9504555371668878,True
lambda1_start_expansion48_s331_cont120000,late_0p22_0p32,True,16.826229090157682,4.2065572725394205,32.24988832834903,8.062472082087258,3.3236642824733327,2.092107782979255,3.2089203064430385,0.007720245252803539,0.9424203851525362,True
lambda1_start_expansion48_s332_cont120000,early_0p18_0p28,True,11.27832624490875,2.8195815612271873,18.262720411978318,4.5656801029945795,0.8414615040372525,2.505261803543281,3.0025748569780015,0.007960301645960167,0.9809911654108606,True
lambda1_start_expansion48_s332_cont120000,central_0p20_0p30,True,14.75462290269866,3.688655725674665,26.545899256904576,6.636474814226144,2.5601308410788675,2.2884506616404745,3.1803039686627295,0.007834327074418288,0.9539000828806795,True
lambda1_start_expansion48_s332_cont120000,late_0p22_0p32,True,15.956082891412521,3.9890207228531303,31.204325024285357,7.801081256071339,3.2777053009696377,2.122472636541723,3.173645408881871,0.00773788825483698,0.9471749913897737,True
lambda1_start_expansion48_s333_cont120000,early_0p18_0p28,True,11.208713597926815,2.8021783994817038,18.284312437661363,4.571078109415341,0.897682177308849,2.5039499891724257,2.994234091860214,0.007959539437653616,0.9816270573356929,True
lambda1_start_expansion48_s333_cont120000,central_0p20_0p30,True,13.996652036424681,3.4991630091061703,25.787855973885115,6.446963993471279,2.5447933870307353,2.3054783787286035,3.1374143709349127,0.007844220751217771,0.9585427326842164,True
lambda1_start_expansion48_s333_cont120000,late_0p22_0p32,True,14.910092354586038,3.7275230886465094,29.821084362088037,7.455271090522009,3.199431517120555,2.162089261514811,3.127534161751738,0.007760906847484572,0.9533815003003491,True
lambda1_start_expansion48_s334_cont120000,early_0p18_0p28,True,11.315279934333319,2.8288199835833296,18.246044485542956,4.561511121385739,0.8068611221260221,2.5059408773574794,3.0068922780218093,0.00796069621070457,0.9806620186646682,True
lambda1_start_expansion48_s334_cont120000,central_0p20_0p30,True,15.257835972672279,3.8144589931680697,27.006458664242494,6.7516146660606235,2.5612085629832864,2.2779010927762657,3.206799675326117,0.007828197419798342,0.9510275867973794,True
lambda1_start_expansion48_s334_cont120000,late_0p22_0p32,True,16.675348971622547,4.168837242905637,32.074321897228344,8.018580474307086,3.3168000129524255,2.097095753580315,3.202624667949288,0.007723143431623213,0.9432197281444404,True
lambda1_start_expansion48_s335_cont120000,early_0p18_0p28,True,11.202587778636081,2.8006469446590203,18.285722050187957,4.571430512546989,0.9021961227478372,2.503832348151658,2.993486370582943,0.007959471084260625,0.9816840606565636,True
lambda1_start_expansion48_s335_cont120000,central_0p20_0p30,True,13.938869892707448,3.484717473176862,25.726375010120783,6.431593752530196,2.542827707297083,2.306844677999712,3.1339822249683325,0.007845014617085389,0.9589147925397637,True
lambda1_start_expansion48_s335_cont120000,late_0p22_0p32,True,14.832258893043349,3.7080647232608372,29.71153839662602,7.427884599156505,3.192352604625446,2.165216929391556,3.123955946640738,0.007762724127801627,0.9538692220679726,True
lambda1_start_expansion48_s336_cont120000,early_0p18_0p28,True,11.319103428884688,2.829775857221172,18.244053122003372,4.561013280500843,0.8030322644996942,2.506010549716656,3.007334866443503,0.007960736692690498,0.9806282801452747,True
lambda1_start_expansion48_s336_cont120000,central_0p20_0p30,True,15.315280032197691,3.828820008049423,27.057170632637934,6.7642926581594836,2.5609313789443657,2.2767347392215793,3.209750731406954,0.007827519729122354,0.9507089058520063,True
lambda1_start_expansion48_s336_cont120000,late_0p22_0p32,True,16.758918414167802,4.1897296035419505,32.17180352773718,8.042950881934296,3.320675261897025,2.0942781378304334,3.2059926603388016,0.007721506302028554,0.9427750745747852,True
lambda1_start_expansion48_s337_cont120000,early_0p18_0p28,True,11.383170070043867,2.845792517510967,18.200108113611734,4.550027028402933,0.728758852498622,2.5071594641092854,3.014640248057092,0.007961404250626311,0.980071351839223,True
lambda1_start_expansion48_s337_cont120000,central_0p20_0p30,True,16.501715797958887,4.125428949489722,28.031443209416054,7.007860802354013,2.5396390400860107,2.2538768727524072,3.2671595104468603,0.007814238539283383,0.9444850317975495,True
lambda1_start_expansion48_s337_cont120000,late_0p22_0p32,True,18.543329292868638,4.635832323217159,34.102942933809445,8.525735733452361,3.3778910433304237,2.037023745646797,3.2712933559859287,0.007688239572925409,0.9338543170815224,True
lambda1_start_expansion48_s338_cont120000,early_0p18_0p28,True,11.327834441787623,2.8319586104469057,18.239291519030374,4.5598228797575935,0.7940869534843171,2.5061689862315246,3.0083426052285844,0.007960828749638781,0.9805514511577255,True
lambda1_start_expansion48_s338_cont120000,central_0p20_0p30,True,15.450934002781736,3.862733500695434,27.175477138511027,6.793869284627757,2.5599815126620094,2.273991598612014,3.2166149953991967,0.007825925872091131,0.9499632680828608,True
lambda1_start_expansion48_s338_cont120000,late_0p22_0p32,True,16.95680647781865,4.239201619454662,32.39971164977808,8.09992791244452,3.3294295627763804,2.0875353789744757,3.2135119974081445,0.007717588532164723,0.9417307396932786,True
lambda1_start_expansion48_s339_cont120000,early_0p18_0p28,True,11.318847143032258,2.8297117857580645,18.24418818879161,4.561047047197903,0.8032906185134786,2.5060058315908975,3.0073052350648415,0.007960733951300616,0.980630538576236,True
lambda1_start_expansion48_s339_cont120000,central_0p20_0p30,True,15.311454846430298,3.8278637116075744,27.05377535746309,6.763443839365772,2.5609598997610927,2.2767970710734065,3.209512489221637,0.007827555946026422,0.9507300101981169,True
lambda1_start_expansion48_s339_cont120000,late_0p22_0p32,True,16.75278660339466,4.188196650848665,32.16453338482762,8.041133346206905,3.3204667178501728,2.0943370208928305,3.205353552499254,0.007721540515069874,0.9428051472067119,True
lambda1_start_expansion48_s340_cont120000,early_0p18_0p28,True,11.31366608573949,2.8284165214348724,18.246868258591146,4.5617170646477865,0.8084613865449586,2.50591148273786,3.006705263943017,0.007960679131441117,0.9806762775786579,True
lambda1_start_expansion48_s340_cont120000,central_0p20_0p30,True,15.233939155470644,3.808484788867661,26.985253304879457,6.746313326219864,2.5613014429802208,2.2783873831278676,3.2055647326266454,0.00782847997086168,0.9511606845865312,True
lambda1_start_expansion48_s340_cont120000,late_0p22_0p32,True,16.6406326040826,4.16015815102065,32.03360782824627,8.008401957061567,3.3151571737384056,2.0982631240086294,3.201197038576887,0.007723821713137008,0.9434051290959735,True
lambda1_start_expansion48_s341_cont120000,early_0p18_0p28,True,11.307564874147818,2.8268912185369546,18.24989821199311,4.562474552998277,0.8144321868200848,2.505799982224588,3.0059968752571047,0.00796061434588968,0.9807302758664834,True
lambda1_start_expansion48_s341_cont120000,central_0p20_0p30,True,15.14523697028038,3.786309242570095,26.906020649962215,6.726505162490554,2.56151607983435,2.2802234654594495,3.2010136366068367,0.007829546796500836,0.9516575771855456,True
lambda1_start_expansion48_s341_cont120000,late_0p22_0p32,True,16.512943104486425,4.128235776121606,31.882962227876114,7.970740556969028,3.3088227916993733,2.1027864505271223,3.196454071851652,0.007726449918104291,0.9440946988224357,True
lambda1_start_expansion48_s342_cont120000,early_0p18_0p28,True,11.264604409038007,2.816151102259502,18.267881912648825,4.566970478162206,0.8533575742389783,2.5050066574961005,3.0009526912540228,0.007960153397518262,0.981114832522618,True
lambda1_start_expansion48_s342_cont120000,central_0p20_0p30,True,14.58811357439227,3.6470283935980676,26.386552151778112,6.596638037944528,2.558274294504693,2.292088831494617,3.1712783035092724,0.007836440973568257,0.954885055926081,True
lambda1_start_expansion48_s342_cont120000,late_0p22_0p32,True,15.723304850475817,3.930826212618954,30.909810550791423,7.727452637697856,3.2625805723856613,2.1312141396413584,3.164423664206187,0.007742967362386269,0.9485096545259565,True
lambda1_start_expansion48_s343_cont120000,early_0p18_0p28,True,11.315088202565025,2.8287720506412564,18.24614265197527,4.561535662993817,0.8070514123554847,2.5059374427996524,3.0068700947519127,0.007960694215110862,0.9806637130770338,True
lambda1_start_expansion48_s343_cont120000,central_0p20_0p30,True,15.254992091414618,3.8137480228536544,27.00393858389028,6.75098464597257,2.5612201894485787,2.277959093934009,3.206653387584735,0.007828231120423372,0.951043410689901,True
lambda1_start_expansion48_s343_cont120000,late_0p22_0p32,True,16.671221695202007,4.167805423800502,32.06948973319867,8.017372433299668,3.316604924650112,2.097236231754375,3.202460037045319,0.007723225054170988,0.9432417745877925,True
lambda1_start_expansion48_s344_cont120000,early_0p18_0p28,True,11.302869599008268,2.825717399752067,18.252140890276245,4.563035222569061,0.81894332497321,2.5057140941755107,3.0054504588690225,0.00796056444204208,0.9807719353352975,True
lambda1_start_expansion48_s344_cont120000,central_0p20_0p30,True,15.078805557458328,3.769701389364582,26.846084231852497,6.711521057963124,2.5615531618231655,2.2816055911458304,3.197568100260801,0.00783034985804846,0.9520326044078294,True
lambda1_start_expansion48_s344_cont120000,late_0p22_0p32,True,16.41759674135156,4.10439918533789,31.76930236967777,7.942325592419443,3.3039084056326447,2.1061564223761176,3.1927835363681827,0.007728407985185436,0.9446134493994439,True
lambda1_start_expansion48_s345_cont120000,early_0p18_0p28,True,11.291134321049286,2.8227835802623216,18.25742882897756,4.56435720724439,0.8299227604483662,2.5054984972292518,3.0040796054035614,0.007960439172959079,0.9808764487007071,True
lambda1_start_expansion48_s345_cont120000,central_0p20_0p30,True,14.919263013052102,3.7298157532630256,26.699953682616037,6.674988420654009,2.5612018475167724,2.2849367093730644,3.1891218765589384,0.007832285349867508,0.9529436637959728,True
lambda1_start_expansion48_s345_cont120000,late_0p22_0p32,True,16.189105634265825,4.047276408566456,31.492603987795743,7.873150996948936,3.2915312702737753,2.1140766897962395,3.1831830059439237,0.007733009927161251,0.9458682270785044,True
lambda1_start_expansion48_s346_cont120000,early_0p18_0p28,True,11.329980009012377,2.8324950022530944,18.238073232733438,4.5595183081833595,0.7918431469834469,2.506207823444898,3.0085896343652605,0.007960851315367053,0.9805326171561155,True
lambda1_start_expansion48_s346_cont120000,central_0p20_0p30,True,15.485256708187867,3.871314177046967,27.20510948349292,6.80127737087323,2.559673271892083,2.2733071760029104,3.2183490191271544,0.00782552819951684,0.9497761480404386,True
lambda1_start_expansion48_s346_cont120000,late_0p22_0p32,True,17.007268186715898,4.251817046678974,32.4572551681848,8.1143137920462,3.3315355702793696,2.0858709752600277,3.215517514898475,0.0077166214575810094,0.9414674935561828,True
lambda1_start_expansion48_s347_cont120000,early_0p18_0p28,True,11.298902794474337,2.8247256986185842,18.253977962093387,4.563494490523347,0.8227007423450547,2.5056413662302006,3.0049879283915186,0.007960522184657754,0.9808072004531406,True
lambda1_start_expansion48_s347_cont120000,central_0p20_0p30,True,15.023901649429526,3.7559754123573814,26.796127300933474,6.6990318252333685,2.5615087632314735,2.2827392552353225,3.1946590470663203,0.00783100855504481,0.9523444113040521,True
lambda1_start_expansion48_s347_cont120000,late_0p22_0p32,True,16.338497197053105,4.084624299263276,31.674122120686164,7.918530530171541,3.299773627809331,2.1088193210531587,3.189313222133414,0.007729955218952833,0.9450441827262326,True
lambda1_start_expansion48_s348_cont120000,early_0p18_0p28,True,11.341451743793922,2.8353629359484804,18.23121391799052,4.55780347949763,0.7795165901551522,2.506414981576172,3.009906562352712,0.007960971681214488,0.9804322235037293,True
lambda1_start_expansion48_s348_cont120000,central_0p20_0p30,True,15.676098171635388,3.919024542908847,27.36762197575992,6.84190549393998,2.557500619986947,2.2695185354807994,3.2278266380502947,0.007823326871843778,0.948746464689737,True
lambda1_start_expansion48_s348_cont120000,late_0p22_0p32,True,17.288756403563042,4.3221891008907605,32.77363697841068,8.19340924460267,3.342625773925247,2.0764714085048896,3.2259758411680375,0.007711159992896742,0.9400125382112684,True
lambda1_start_expansion48_s349_cont160000,early_0p18_0p28,True,11.298263302242134,2.8245658255605335,18.25426952987229,4.563567382468072,0.8233023858798704,2.505629543455031,3.0049132247036106,0.007960515315227413,0.9808128903507508,True
lambda1_start_expansion48_s349_cont160000,central_0p20_0p30,True,15.015114283386545,3.7537785708466362,26.788113503106317,6.697028375776579,2.561490638012252,2.282929024541796,3.194213588627956,0.007831118817399708,0.9523945095783057,True
lambda1_start_expansion48_s349_cont160000,late_0p22_0p32,True,16.326139539679584,4.081534884919896,31.659255387736565,7.914813846934141,3.2990787616516357,2.1093115399286306,3.1889677052572347,0.007730241214688099,0.9451129874133606,True
lambda1_start_expansion48_s350_cont120000,early_0p18_0p28,True,11.330954220592558,2.8327385551481394,18.237513646393758,4.5593784115984395,0.7908181712477353,2.506225457899905,3.0087017340075786,0.007960861561579007,0.9805240715359138,True
lambda1_start_expansion48_s350_cont120000,central_0p20_0p30,True,15.50098393330221,3.8752459833255526,27.218641741475274,6.8046604353688185,2.5595244542849316,2.2729919436923844,3.2191351274392304,0.007825345038933366,0.9496905986962741,True
lambda1_start_expansion48_s350_cont120000,late_0p22_0p32,True,17.03033332012651,4.257583330031627,32.48345414136145,8.120863535340362,3.332495162316453,2.0850891622116245,3.21637021918528,0.007716167197883218,0.9413471033862055,True
lambda1_start_expansion96_s351_cont120000,early_0p18_0p28,True,11.291842561094942,2.8229606402737355,18.257122122924596,4.564280530731149,0.8292716815158778,2.5055115326147437,3.004162521890831,0.007960446746956834,0.9808701251993034,True
lambda1_start_expansion96_s351_cont120000,central_0p20_0p30,True,14.928607043372406,3.7321517608431014,26.708617822079884,6.677154455519971,2.561235219689789,2.2847505176994876,3.1896496621845025,0.007832177166237748,0.9528899278422803,True
lambda1_start_expansion96_s351_cont120000,late_0p22_0p32,True,16.20280531563565,4.050701328908913,31.509447287080924,7.877361821770231,3.2922515246499207,2.113698623239734,3.1840317031566014,0.007732790257765795,0.9457940623001992,True
lambda1_start_expansion96_s352_cont120000,early_0p18_0p28,True,11.32155785633607,2.8303894640840177,18.242745214552922,4.560686303638231,0.8005466524487169,2.506055150125393,3.0076185457471034,0.007960762607029272,0.9806066519054012,True
lambda1_start_expansion96_s352_cont120000,central_0p20_0p30,True,15.3527649703394,3.83819124258485,27.090067209680864,6.772516802420216,2.560708766175325,2.275977340435161,3.211668225680878,0.007827079654932586,0.9505019099645007,True
lambda1_start_expansion96_s352_cont120000,late_0p22_0p32,True,16.813605751057118,4.203401437764279,32.23521431461022,8.058803578652554,3.32314272811239,2.092446169474101,3.2081916994638107,0.007720441866747498,0.9424856333205144,True
lambda1_start_expansion96_s353_cont120000,early_0p18_0p28,True,11.297856518835873,2.8244641297089683,18.25445386663224,4.56361346665806,0.8236839261137183,2.5056221059166637,3.0048657602112727,0.007960510993767267,0.9808165117378742,True
lambda1_start_expansion96_s353_cont120000,central_0p20_0p30,True,15.00958860176749,3.7523971504418725,26.78304852400274,6.695762131000685,2.5614837548937617,2.283037646568844,3.193902921953724,0.007831181930453759,0.9524259937580098,True
lambda1_start_expansion96_s353_cont120000,late_0p22_0p32,True,16.317980931014738,4.079495232753684,31.649336280709818,7.9123340701774545,3.2986724466276742,2.1095296725939825,3.1884546403917535,0.007730367957109248,0.9451566324005779,True
lambda1_start_expansion96_s354_cont120000,early_0p18_0p28,True,11.268456499788524,2.817114124947131,18.266483176447746,4.5666207941119366,0.8500639177497166,2.5050784443604206,3.001409142350342,0.007960195108102856,0.9810800348150372,True
lambda1_start_expansion96_s354_cont120000,central_0p20_0p30,True,14.633901134259997,3.658475283564999,26.430730272440062,6.6076825681100155,2.558866565626292,2.291076392768249,3.173762181913961,0.007835852712588461,0.954612360977202,True
lambda1_start_expansion96_s354_cont120000,late_0p22_0p32,True,15.786911085425812,3.946727771356453,30.990935986501015,7.747733996625254,3.266866563715516,2.1287573266938584,3.166828010432282,0.007741539871364804,0.9481413951124354,True
lambda1_start_expansion96_s355_cont120000,early_0p18_0p28,True,11.322476820348253,2.8306192050870633,18.242249477517966,4.560562369379491,0.7996102862717747,2.5060718360131022,3.0077246591223425,0.007960772302091697,0.980598560377387,True
lambda1_start_expansion96_s355_cont120000,central_0p20_0p30,True,15.366895331753526,3.8417238329383814,27.102443473784774,6.7756108684461935,2.5606127145140714,2.275700039174787,3.212410094286314,0.007826918533566051,0.950424105623061,True
lambda1_start_expansion96_s355_cont120000,late_0p22_0p32,True,16.834530711986353,4.208632677996588,32.25946766804907,8.064866917012267,3.324037642433452,2.09181995108283,3.209224695990865,0.007720078012782985,0.942376412272057,True
lambda1_start_expansion96_s356_cont120000,early_0p18_0p28,True,11.247662329313922,2.8119155823284805,18.27359603706449,4.568399009266122,0.8674475064288475,2.5046893083456365,2.9989352737049524,0.00795996900697953,0.9812686361665582,True
lambda1_start_expansion96_s356_cont120000,central_0p20_0p30,True,14.395261881407727,3.5988154703519317,26.19714656686515,6.549286641716288,2.555123357053392,2.296351304939561,3.1605030692455536,0.007838917614119213,0.9560491933349562,True
lambda1_start_expansion96_s356_cont120000,late_0p22_0p32,True,15.455144916387477,3.863786229096869,30.56142371457836,7.64035592864459,3.2437291326602073,2.1411445799203617,3.152594863438431,0.007748737282457676,0.9500752808789084,True
lambda1_start_expansion96_s357_cont120000,early_0p18_0p28,True,11.208747679654811,2.802186919913703,18.284304547237596,4.571076136809399,0.8976571960047505,2.503950563817839,2.9942382059943298,0.007959539771541943,0.9816267395279363,True
lambda1_start_expansion96_s357_cont120000,central_0p20_0p30,True,13.99697412048614,3.499243530121535,25.7881942906363,6.447048572659075,2.544804599889635,2.305469522359972,3.137429824824264,0.007844215605369482,0.9585406623768505,True
lambda1_start_expansion96_s357_cont120000,late_0p22_0p32,True,14.910485479375403,3.7276213698438507,29.821627474560238,7.455406868640059,3.199473820131921,2.1620613472969006,3.1275200517600426,0.007760890628384343,0.9533788315876401,True
lambda1_start_expansion96_s358_cont120000,early_0p18_0p28,True,11.314011484564574,2.8285028711411435,18.246692632849477,4.561673158212369,0.8081193515289132,2.505917848208395,3.006745332001816,0.007960682829993767,0.980673226228146,True
lambda1_start_expansion96_s358_cont120000,central_0p20_0p30,True,15.239033062884682,3.8097582657211704,26.989783189943367,6.747445797485842,2.5612818956769674,2.278285578661307,3.2058336266742877,0.00782842081903976,0.9511322947928164,True
lambda1_start_expansion96_s358_cont120000,late_0p22_0p32,True,16.64810044670531,4.162025111676328,32.0423943921725,8.010598598043124,3.315503251427566,2.098030537251645,3.2015544632202753,0.00772368657240208,0.9433655205990117,True
lambda1_start_expansion96_s359_cont120000,early_0p18_0p28,True,11.203043149190261,2.8007607872975653,18.285619650861456,4.571404912715364,0.9018625936854846,2.503841121912907,2.9935420417418728,0.007959476182111246,0.9816798174281096,True
lambda1_start_expansion96_s359_cont120000,central_0p20_0p30,True,13.943125335798126,3.4857813339495314,25.73092165038713,6.432730412596783,2.5429769906224147,2.306743232298292,3.1342345203931385,0.007844955673718092,0.9588872933804625,True
lambda1_start_expansion96_s359_cont120000,late_0p22_0p32,True,14.837966505611503,3.7094916264028757,29.7196038047261,7.429900951181525,3.1928811171628717,2.164982094794174,3.124207141809787,0.007762587680995763,0.953833240366245,True
lambda1_start_expansion96_s360_cont120000,early_0p18_0p28,True,11.31894470835774,2.829736177089435,18.244137044487037,4.561034261121759,0.803192469411619,2.5060076203415185,3.0073164923452893,0.007960734990624937,0.9806296788504911,True
lambda1_start_expansion96_s360_cont120000,central_0p20_0p30,True,15.312873749032235,3.8282184372580588,27.05505050659154,6.763762626647885,2.5609450455321263,2.276782209901457,3.209623992183669,0.007827547311185276,0.9507222140834595,True
lambda1_start_expansion96_s360_cont120000,late_0p22_0p32,True,16.75536507950934,4.188841269877335,32.16766212023176,8.04191553005794,3.3205189339968295,2.094385601958479,3.2058179204591264,0.007721568742304306,0.9427937235929091,True
lambda1_start_expansion96_s361_cont120000,early_0p18_0p28,True,11.379410170768843,2.8448525426922107,18.20340286025052,4.55085071506263,0.7338101984000939,2.5070929943274325,3.014217134397495,0.00796136562944561,0.9801036113041188,True
lambda1_start_expansion96_s361_cont120000,central_0p20_0p30,True,16.416647824830605,4.104161956207651,27.965778301012648,6.991444575253162,2.542069652920898,2.255440612359516,3.2632336165905977,0.007815147124632271,0.9449107432809942,True
lambda1_start_expansion96_s361_cont120000,late_0p22_0p32,True,18.411427682317488,4.602856920579372,33.968881034808206,8.492220258702051,3.375145563256948,2.0410403669005808,3.2667285656816625,0.007690573365077651,0.9344795463289604,True
lambda1_start_expansion96_s362_cont120000,early_0p18_0p28,True,11.336245612950123,2.8340614032375306,18.234401254384764,4.558600313596191,0.7851813953929979,2.506321172109302,3.009309774879144,0.00796091717475651,0.980477722272382,True
lambda1_start_expansion96_s362_cont120000,central_0p20_0p30,True,15.587922440606551,3.8969806101516378,27.29299453371037,6.823248633427593,2.5586019747696427,2.2712613297039823,3.223470078841537,0.007824339493951775,0.9492199642384458,True
lambda1_start_expansion96_s362_cont120000,late_0p22_0p32,True,17.158345477437724,4.289586369359431,32.627979107568464,8.156994776892116,3.3376439398811213,2.080809112029636,3.2211728250052207,0.007713680344656388,0.9406831183869149,True
lambda1_start_expansion96_s363_cont120000,early_0p18_0p28,True,11.314466857939152,2.828616714484788,18.246460842615836,4.561615210653959,0.8076686175825306,2.505926054146253,3.006798087964448,0.007960687597919883,0.9806692007003576,True
lambda1_start_expansion96_s363_cont120000,central_0p20_0p30,True,15.245799910687127,3.811449977671782,26.995769423651087,6.748942355912772,2.5612616544431974,2.2781370130970733,3.206153312947757,0.007828334497446063,0.951094549071932,True
lambda1_start_expansion96_s363_cont120000,late_0p22_0p32,True,16.657533963044024,4.164383490761006,32.05336344534883,8.013340861337207,3.316001811276851,2.0976085120711745,3.201663522091552,0.0077234413615664054,0.9433133696997733,True
lambda1_start_expansion96_s364_cont120000,early_0p18_0p28,True,11.294781021788875,2.8236952554472188,18.25583261392101,4.563958153480253,0.8265546014290813,2.505565621369464,3.0045063888531542,0.007960478174344013,0.9808439110678423,True
lambda1_start_expansion96_s364_cont120000,central_0p20_0p30,True,14.96789781937466,3.741974454843665,26.744825155284914,6.686206288821229,2.5613781917762193,2.2839152993496583,3.1917112138457076,0.007831691876262148,0.952664337472229,True
lambda1_start_expansion96_s364_cont120000,late_0p22_0p32,True,16.258536632155568,4.064634158038892,31.577306924650255,7.894326731162564,3.2954040623421563,2.111653939070865,3.186117034504522,0.007731602227437412,0.9454844971145633,True
lambda1_start_expansion96_s365_cont120000,early_0p18_0p28,True,11.287208145102083,2.8218020362755207,18.25910215311111,4.564775538277778,0.8335071727843533,2.5054260717343197,3.0036192605094802,0.007960397091308604,0.9809115411812305,True
lambda1_start_expansion96_s365_cont120000,central_0p20_0p30,True,14.867745640342145,3.716936410085536,26.652137099647653,6.663034274911913,2.5609394596092176,2.2860403634936017,3.18640945880239,0.007832926610061726,0.9532411707305414,True
lambda1_start_expansion96_s365_cont120000,late_0p22_0p32,True,16.116339858033555,4.029084964508389,31.40336467025395,7.8508411675634875,3.287285337697574,2.1167852798002307,3.180501063264077,0.007734583709127624,0.9462753614046325,True
lambda1_start_expansion96_s366_cont120000,early_0p18_0p28,True,11.273765246991472,2.818441311747868,18.26449199687967,4.5661229992199175,0.8454667831129871,2.505177173083927,3.0020368122500187,0.007960252472814528,0.9810321825263061,True
lambda1_start_expansion96_s366_cont120000,central_0p20_0p30,True,14.698171962357732,3.674542990589433,26.49230171236232,6.62307542809058,2.5595866418561504,2.289682504810687,3.177279227213712,0.007835042816765348,0.9542320029532309,True
lambda1_start_expansion96_s366_cont120000,late_0p22_0p32,True,15.877125344788604,3.969281336197151,31.105242094828547,7.776310523707137,3.2726857396007203,2.125475193892892,3.1706897920274972,0.00773963284172732,0.9476256824664813,True
lambda1_start_expansion96_s367_cont120000,early_0p18_0p28,True,11.322515709595496,2.830628927398874,18.242228382845244,4.560557095711311,0.7995705740058366,2.506072538940907,3.0077291823494106,0.007960772710516413,0.9805982176402221,True
lambda1_start_expansion96_s367_cont120000,central_0p20_0p30,True,15.367549968853236,3.841887492213309,27.102988517406963,6.775747129351741,2.560615354761289,2.27567298914287,3.2124047711777064,0.007826902816586974,0.9504204458501759,True
lambda1_start_expansion96_s367_cont120000,late_0p22_0p32,True,16.834968983668855,4.208742245917214,32.25984475820583,8.064961189551457,3.3241227232236152,2.091670121095914,3.208881873783299,0.007719990956517148,0.9423718396789684,True
lambda1_start_expansion96_s368_cont120000,early_0p18_0p28,True,11.304250578678047,2.826062644669512,18.251489279113848,4.562872319778462,0.8176240472639638,2.5057393355597655,3.0056112736397402,0.007960579108135985,0.9807596724882461,True
lambda1_start_expansion96_s368_cont120000,central_0p20_0p30,True,15.098180731367481,3.7745451828418703,26.86361753881209,6.715904384703022,2.5615536579095237,2.281201364433869,3.198575029443752,0.007830114988722105,0.9519229637560387,True
lambda1_start_expansion96_s368_cont120000,late_0p22_0p32,True,16.44536289350297,4.111340723375743,31.80250262135384,7.95062565533846,3.3053583641882276,2.1051712073230044,3.1938519719285687,0.007727835542076179,0.9444619617631022,True
lambda1_start_expansion96_s369_cont120000,early_0p18_0p28,True,11.28668265709713,2.8216706642742824,18.25932265101968,4.56483066275492,0.8339835940229352,2.5054164042775677,3.003557625248785,0.007960391474190814,0.9809162432411369,True
lambda1_start_expansion96_s369_cont120000,central_0p20_0p30,True,14.860955864933445,3.715238966233361,26.645788067387837,6.661447016846959,2.560905474534947,2.286174829918161,3.186018719498967,0.007833004739580679,0.9532804583917267,True
lambda1_start_expansion96_s369_cont120000,late_0p22_0p32,True,16.10635711049334,4.026589277623335,31.390979231232507,7.847744807808127,3.2867516835787636,2.117046407434501,3.1798352524619946,0.007734735433072973,0.9463294984436088,True
lambda1_start_expansion96_s370_cont120000,early_0p18_0p28,True,11.33193939233576,2.83298484808394,18.236943236317828,4.559235809079457,0.7897771571784373,2.506243381234395,3.0088150890063945,0.007960871975639664,0.9805154352552811,True
lambda1_start_expansion96_s370_cont120000,central_0p20_0p30,True,15.516977818758434,3.8792444546896085,27.232380906696683,6.808095226674171,2.55936660648246,2.272673681275142,3.219938533009092,0.007825160117755893,0.9496037355430472,True
lambda1_start_expansion96_s370_cont120000,late_0p22_0p32,True,17.053881567864774,4.263470391966194,32.510166622074884,8.127541655518721,3.3334569307756476,2.08431042430678,3.217287781726429,0.007715714724947347,0.9412246984952227,True
lambda1_start_expansion96_s371_cont120000,early_0p18_0p28,True,11.292730183233946,2.8231825458084865,18.256735526954007,4.564183881738502,0.8284538425621437,2.5055278035703537,3.0042664134992467,0.007960456200929743,0.9808622016411541,True
lambda1_start_expansion96_s371_cont120000,central_0p20_0p30,True,14.940429291881639,3.7351073229704097,26.71952420755906,6.679881051889765,2.5612844142280395,2.284494925603896,3.1902599079492537,0.007832028658626705,0.9528219367907967,True
lambda1_start_expansion96_s371_cont120000,late_0p22_0p32,True,16.219420620711112,4.054855155177778,31.5296833400605,7.882420835015125,3.2932176099643127,2.113050045022675,3.184553399536446,0.007732413411989843,0.9457009764612054,True
lambda1_start_expansion96_s372_cont120000,early_0p18_0p28,True,11.346329107327707,2.8365822768319267,18.22810875680711,4.5570271892017775,0.7740952418494179,2.506502783965239,3.010464467003888,0.00796102269735806,0.9803896948510507,True
lambda1_start_expansion96_s372_cont120000,central_0p20_0p30,True,15.761212325402166,3.9403030813505415,27.43893560331604,6.85973390082901,2.5562799598831067,2.267852738740744,3.232008169680978,0.007822358987865295,0.9482930006055004,True
lambda1_start_expansion96_s372_cont120000,late_0p22_0p32,True,17.41537729866079,4.353844324665197,32.91363377334334,8.228408443335836,3.347193988709184,2.0723293359482358,3.230684331332435,0.007708753309314706,0.9393677378621029,True
lambda1_start_expansion96_s373_cont120000,early_0p18_0p28,True,11.291660334379602,2.8229150835949004,18.257201358235456,4.564300339558864,0.8294394074285341,2.5055081906193113,3.0041412426604106,0.007960444805144993,0.980871751754932,True
lambda1_start_expansion96_s373_cont120000,central_0p20_0p30,True,14.926267100903047,3.7315667752257617,26.706406165613032,6.676601541403258,2.5612383191176553,2.2847751174663458,3.189455798973291,0.007832191459530347,0.9529032944852021,True
lambda1_start_expansion96_s373_cont120000,late_0p22_0p32,True,16.198587605591523,4.049646901397881,31.50408459506947,7.876021148767368,3.2921359825842664,2.1136077359935728,3.1832196104251755,0.007732737449216412,0.9458133655127596,True
lambda1_start_expansion96_s374_cont120000,early_0p18_0p28,True,11.311098911829195,2.8277747279572987,18.24815951787465,4.562039879468663,0.8109890172774393,2.505864605261192,3.0064074274577157,0.007960651894049226,0.9806989800188939,True
lambda1_start_expansion96_s374_cont120000,central_0p20_0p30,True,15.196264553963305,3.799066138490826,26.951718429887563,6.737929607471891,2.5614135276440826,2.2791697208251422,3.2036491782325816,0.007828934535398124,0.9513712126275575,True
lambda1_start_expansion96_s374_cont120000,late_0p22_0p32,True,16.58648543425658,4.146621358564145,31.969976877698667,7.992494219424667,3.3124867756347194,2.1002197039088992,3.1993082620689317,0.00772495855191965,0.9436974551379775,True
lambda1_start_expansion96_s375_cont120000,early_0p18_0p28,True,11.275335077561545,2.818833769390386,18.263888611790136,4.565972152947534,0.8440940656022368,2.50520632735982,3.00222211998142,0.007960269412430186,0.9810180553085224,True
lambda1_start_expansion96_s375_cont120000,central_0p20_0p30,True,14.717458874645933,3.6793647186614833,26.51067294808623,6.627668237021558,2.5597794418456234,2.28926697493866,3.1783320932160097,0.007834801379922518,0.9541183922110643,True
lambda1_start_expansion96_s375_cont120000,late_0p22_0p32,True,15.90429127509613,3.9760728187740324,31.139467402628227,7.784866850657057,3.274397160772011,2.1244997907884797,3.1718678721746647,0.007739066099690539,0.9474713077071449,True
lambda1_start_expansion96_s376_cont120000,early_0p18_0p28,True,11.320830508792838,2.8302076271982095,18.243135496558526,4.560783874139632,0.8012857933775334,2.5060419120790907,3.0075344965770636,0.007960754915278763,0.9806130583396608,True
lambda1_start_expansion96_s376_cont120000,central_0p20_0p30,True,15.341594710233856,3.835398677558464,27.080282369012412,6.770070592253103,2.5607778447126877,2.2762039646761,3.2111009772917027,0.007827211331244989,0.9505635196317187,True
lambda1_start_expansion96_s376_cont120000,late_0p22_0p32,True,16.797342015251232,4.199335503812808,32.21639969431443,8.054099923578608,3.322408660110965,2.093002239435703,3.207570643751774,0.0077207649621131025,0.9425717894506375,True
lambda1_start_expansion96_s377_cont120000,early_0p18_0p28,True,11.288455542568833,2.8221138856422083,18.258575545267746,4.5646438863169365,0.8323730700671251,2.5054490764982513,3.003765596192409,0.007960410457850812,0.9809003846216732,True
lambda1_start_expansion96_s377_cont120000,central_0p20_0p30,True,14.884009619974435,3.721002404993609,26.6672705211504,6.6668176302876,2.5610292734990883,2.2856924468214657,3.1872706329573868,0.007832724458763965,0.9531470772112741,True
lambda1_start_expansion96_s377_cont120000,late_0p22_0p32,True,16.13933066525736,4.03483266631434,31.4316370534142,7.85790926335355,3.288633157842915,2.1159391156866905,3.1813804514259725,0.007734092059294863,0.9461466549026675,True
lambda1_start_expansion96_s378_cont120000,early_0p18_0p28,True,11.286084211372895,2.8215210528432237,18.25957281684404,4.56489320421101,0.8345253795997367,2.5054053556810048,3.0034873752410345,0.007960385054584303,0.9809215991432944,True
lambda1_start_expansion96_s378_cont120000,central_0p20_0p30,True,14.853209035259157,3.7133022588147893,26.63855657009394,6.659639142523485,2.5608599843916737,2.2863384865711063,3.185601106125325,0.0078330998296049,0.9533253570452158,True
lambda1_start_expansion96_s378_cont120000,late_0p22_0p32,True,16.095333951010137,4.023833487752534,31.37737002047307,7.844342505118267,3.2861109552700696,2.1174302489378403,3.179352278720382,0.007734958457906931,0.9463909565724113,True
lambda1_start_expansion96_s379_cont120000,early_0p18_0p28,True,11.32101237904799,2.8302530947619977,18.24303809730864,4.56075952432716,0.8011012706074171,2.5060451856444717,3.0075554738990196,0.007960756817330442,0.9806114558463015,True
lambda1_start_expansion96_s379_cont120000,central_0p20_0p30,True,15.344348566245582,3.8360871415613955,27.08271419207956,6.77067854801989,2.5607563079955105,2.276157454328496,3.211267094121027,0.007827184307167442,0.9505483625628299,True
lambda1_start_expansion96_s379_cont120000,late_0p22_0p32,True,16.801701735000833,4.200425433750208,32.22153244070015,8.055383110175038,3.322561107270736,2.092944909487868,3.207981808033244,0.007720731651483622,0.9425502227316084,True
lambda1_start_expansion96_s380_cont120000,early_0p18_0p28,True,11.247571046385461,2.8118927615963654,18.27362496331139,4.568406240827848,0.8675215883501332,2.5046876473269863,2.9989244021122845,0.007959968041871782,0.9812694689617792,True
lambda1_start_expansion96_s380_cont120000,central_0p20_0p30,True,14.39428232062319,3.5985705801557977,26.196153080235394,6.5490382700588485,2.5551086343908214,2.296364654420912,3.1604238081430083,0.007838925370617235,0.9560551420464881,True
lambda1_start_expansion96_s380_cont120000,late_0p22_0p32,True,15.45349935049057,3.8633748376226427,30.559198615659177,7.639799653914794,3.243652717464008,2.1411250112165243,3.152306503531991,0.007748725912382043,0.9500835846650554,True
lambda1_start_expansion96_s381_cont120000,early_0p18_0p28,True,11.202210253401782,2.8005525633504456,18.285806662543873,4.571451665635968,0.9024722708152697,2.5038251156084406,2.99344022793166,0.007959466881909561,0.9816875798694247,True
lambda1_start_expansion96_s381_cont120000,central_0p20_0p30,True,13.935343847459087,3.483835961864772,25.722607785090275,6.430651946272569,2.5427030393470265,2.3069298193327388,3.1337758568946112,0.007845064087065827,0.9589375937263207,True
lambda1_start_expansion96_s381_cont120000,late_0p22_0p32,True,14.82756218922261,3.7068905473056524,29.704903332980884,7.426225833245221,3.191911542962408,2.165419554188428,3.123773578870913,0.007762841859629178,0.9538990118827891,True
lambda1_start_expansion96_s382_cont120000,early_0p18_0p28,True,11.318410670653373,2.8296026676633432,18.24441798696241,4.561104496740603,0.8037297922193395,2.505997952395033,3.0072547371822953,0.007960729373222597,0.9806343890538567,True
lambda1_start_expansion96_s382_cont120000,central_0p20_0p30,True,15.304782635164122,3.8261956587910304,27.047933849277072,6.761983462319268,2.560986896351457,2.2769491278526814,3.2092176112908932,0.007827644296133576,0.9507670154515595,True
lambda1_start_expansion96_s382_cont120000,late_0p22_0p32,True,16.743691756019743,4.185922939004936,32.15411147249117,8.038527868122792,3.319970099302958,2.0948074508664827,3.205426530265565,0.007721813850719745,0.9428561738023091,True
lambda1_start_expansion96_s383_cont120000,early_0p18_0p28,True,11.202611829451698,2.8006529573629244,18.285716563339157,4.571429140834789,0.9021783331083789,2.5038328596688015,2.9934893360057804,0.007959471381469305,0.9816838372128818,True
lambda1_start_expansion96_s383_cont120000,central_0p20_0p30,True,13.939096906716735,3.4847742266791837,25.72661883345252,6.43165470836313,2.5428356302341375,2.306839587909732,3.1339965397599743,0.007845011659571773,0.9589133263365597,True
lambda1_start_expansion96_s383_cont120000,late_0p22_0p32,True,14.832573398693526,3.7081433496733816,29.711984903256628,7.427996225814157,3.1923801454877543,2.1652068056559144,3.1239772222259266,0.007762718245570443,0.9538672888604287,True
lambda1_start_expansion96_s384_cont120000,early_0p18_0p28,True,11.320614069482819,2.8301535173707046,18.243251040047255,4.560812760011814,0.8015052996518707,2.506037953661995,3.007509490358343,0.007960752615305187,0.9806149646422907,True
lambda1_start_expansion96_s384_cont120000,central_0p20_0p30,True,15.338313035001192,3.834578258750298,27.077390601358537,6.769347650339634,2.5608015887392557,2.27626289990147,3.2109126788347004,0.00782724557459475,0.9505816014284356,True
lambda1_start_expansion96_s384_cont120000,late_0p22_0p32,True,16.792280410385548,4.198070102596387,32.21046606489732,8.05261651622433,3.3222158261403623,2.093100011718092,3.2071761732420123,0.0077208217711002905,0.94259736381371,True
lambda1_start_expansion96_s385_cont120000,early_0p18_0p28,True,11.376387893466402,2.8440969733666006,18.205968446238373,4.551492111559593,0.7377896242441507,2.5070394937315297,3.013876538929657,0.007961334543798503,0.9801295797792594,True
lambda1_start_expansion96_s385_cont120000,central_0p20_0p30,True,16.35007707228626,4.087519268071565,27.913977372013434,6.978494343003359,2.5438813324134797,2.256671900459921,3.2601429742232857,0.007815862544465087,0.9452459136409956,True
lambda1_start_expansion96_s385_cont120000,late_0p22_0p32,True,18.308644953080062,4.5771612382700155,33.86354871249095,8.465887178122738,3.3728591072058873,2.044193044296257,3.2631485603813557,0.007692405176767052,0.9349701893433792,True
lambda1_start_expansion96_s386_cont120000,early_0p18_0p28,True,11.343185618962966,2.8357964047407416,18.23012363186312,4.55753090796578,0.7776022659530645,2.506446234987859,3.010105028681263,0.007960989840498702,0.9804170947594532,True
lambda1_start_expansion96_s386_cont120000,central_0p20_0p30,True,15.706049891624783,3.9265124729061958,27.392806087928754,6.848201521982189,2.557086070949103,2.268935217687374,3.2293138933075674,0.007822987944570692,0.9485865115529207,True
lambda1_start_expansion96_s386_cont120000,late_0p22_0p32,True,17.333410815649216,4.333352703912304,32.82321612630186,8.205804031575465,3.3442451178239967,2.07504937352416,3.2277555288417377,0.00771033374270571,0.9397852054529306,True
lambda1_start_expansion96_s387_cont120000,early_0p18_0p28,True,11.314116522641065,2.8285291306602662,18.246639436419564,4.561659859104891,0.8080157983373635,2.5059196681888527,3.0067574810903075,0.007960683887463675,0.9806722962556539,True
lambda1_start_expansion96_s387_cont120000,central_0p20_0p30,True,15.240610363175112,3.810152590793778,26.99116646229681,6.747791615574203,2.561280562536659,2.2782444950210223,3.2058900146876548,0.007828396948061835,0.9511234689416366,True
lambda1_start_expansion96_s387_cont120000,late_0p22_0p32,True,16.65006124051525,4.162515310128812,32.04461219076042,8.011153047690105,3.315639226579685,2.0978768956760168,3.2014015904362836,0.007723597301474899,0.9433535755057787,True
lambda1_start_expansion96_s388_cont120000,early_0p18_0p28,True,11.307565026866028,2.826891256716507,18.249897791809225,4.562474447952306,0.8144316031086861,2.5058000576265083,3.0059969449953594,0.007960614389700733,0.9807302755546738,True
lambda1_start_expansion96_s388_cont120000,central_0p20_0p30,True,15.145273720056771,3.7863184300141928,26.90604027809044,6.72651006952261,2.561519543173216,2.2802158204817693,3.2009962816707596,0.007829542354511465,0.9516573430950677,True
lambda1_start_expansion96_s388_cont120000,late_0p22_0p32,True,16.512744275460257,4.128186068865064,31.88266516696057,7.970666291740143,3.3088461636920057,2.1027263151729967,3.1962678010261345,0.007726414977439323,0.9440946444515962,True
lambda1_start_expansion96_s389_cont120000,early_0p18_0p28,True,11.303212500700866,2.8258031251752165,18.251979532312493,4.562994883078123,0.8186160223060569,2.50572042327859,3.0054904456457088,0.007960568119464015,0.9807688905337191,True
lambda1_start_expansion96_s389_cont120000,central_0p20_0p30,True,15.083634375203353,3.770908593800838,26.850444018222024,6.712611004555506,2.5615579292306836,2.2814974508454053,3.1977986944881973,0.007830287024893795,0.9520052300602289,True
lambda1_start_expansion96_s389_cont120000,late_0p22_0p32,True,16.424245903058697,4.106061475764674,31.777197653005715,7.944299413251429,3.304293107293768,2.1058487151355183,3.192849257695403,0.007728229196920892,0.9445759299165775,True
lambda1_start_expansion96_s390_cont120000,early_0p18_0p28,True,11.280027093158163,2.8200067732895406,18.26204519700864,4.56551129925216,0.8399547270440199,2.505293228419956,3.002775131499567,0.007960319904871309,0.9809758909541424,True
lambda1_start_expansion96_s390_cont120000,central_0p20_0p30,True,14.775908933120864,3.693977233280216,26.566031633870075,6.641507908467519,2.560305181259303,2.288003513888468,3.1814826523554363,0.007834067266522898,0.9537755148728099,True
lambda1_start_expansion96_s390_cont120000,late_0p22_0p32,True,15.986463138379353,3.9966157845948382,31.242363012286212,7.810590753071553,3.2795211206132646,2.121471445331842,3.1751719023056286,0.007737306529042865,0.9470049408771659,True
lambda1_start_expansion96_s391_cont120000,early_0p18_0p28,True,11.304338740974352,2.826084685243588,18.25144723683696,4.56286180920924,0.8175393517173458,2.50574098906016,3.005621588727376,0.007960580068875373,0.9807588902901012,True
lambda1_start_expansion96_s391_cont120000,central_0p20_0p30,True,15.099476130049695,3.7748690325124237,26.864761869799743,6.716190467449936,2.561560333421584,2.2811607567182004,3.1986041505471388,0.007830091394272402,0.9519155873853281,True
lambda1_start_expansion96_s391_cont120000,late_0p22_0p32,True,16.44672400498967,4.111681001247417,31.804009035419842,7.9510022588549605,3.305495634498433,2.104990175925288,3.1935509618925124,0.007727730356740394,0.9444522987800285,True
lambda1_start_expansion96_s392_cont120000,early_0p18_0p28,True,11.306578730133111,2.826644682533278,18.25037529473046,4.562593823682615,0.815385223706928,2.50578201397443,3.0058822338809,0.007960603905731506,0.980739019097252,True
lambda1_start_expansion96_s392_cont120000,central_0p20_0p30,True,15.131159584019999,3.7827898960049997,26.89336433580528,6.72334108395132,2.561532400456803,2.28051672065681,3.200288685622538,0.007829717187641787,0.9517368431045113,True
lambda1_start_expansion96_s392_cont120000,late_0p22_0p32,True,16.492751184774605,4.123187796193651,31.858984111030388,7.964746027757597,3.30779094127982,2.1035094520926085,3.1957094065983607,0.007726870006350849,0.9442044283572221,True
lambda1_start_expansion96_s393_cont120000,early_0p18_0p28,True,11.274911828853815,2.818727957213454,18.264051989495208,4.566012997373802,0.8444647859665746,2.505198472357793,3.0021721957583907,0.007960264848409601,0.9810218630258192,True
lambda1_start_expansion96_s393_cont120000,central_0p20_0p30,True,14.712280398424824,3.678070099606206,26.505722428243878,6.6264306070609695,2.559734619599158,2.289366879083518,3.1780171850210683,0.00783485942759356,0.9541488286612346,True
lambda1_start_expansion96_s393_cont120000,late_0p22_0p32,True,15.896586917558878,3.9741467293897195,31.129682946248916,7.782420736562229,3.2739723504932345,2.1246649328531415,3.1712390528572083,0.007739162052788967,0.9475131338119316,True
lambda1_start_expansion96_s394_cont120000,early_0p18_0p28,True,11.327581402743057,2.8318953506857643,18.239433730304835,4.559858432576209,0.7943501649402331,2.5061644285683258,3.0083134618858773,0.007960826101483047,0.9805536740352834,True
lambda1_start_expansion96_s394_cont120000,central_0p20_0p30,True,15.44690827059379,3.8617270676484474,27.17199831553181,6.792999578882952,2.5600146335085046,2.274074563676472,3.216418412359375,0.007825974077586275,0.9499852654325873,True
lambda1_start_expansion96_s394_cont120000,late_0p22_0p32,True,16.950990816231226,4.237747704057806,32.393088446565486,8.098272111641371,3.329172005931947,2.0877527117102055,3.213347490971142,0.007717714809799836,0.9417615585889028,True
lambda1_start_expansion96_s395_cont120000,early_0p18_0p28,True,11.29972126949897,2.8249303173747426,18.253603132388523,4.563400783097131,0.8219294956233546,2.505656354553411,3.005083423017689,0.007960530893378063,0.9807999183928088,True
lambda1_start_expansion96_s395_cont120000,central_0p20_0p30,True,15.035153745883797,3.758788436470949,26.806389966420276,6.701597491605069,2.5615253582103494,2.282503901372749,3.195249540854604,0.007830871806528389,0.9522803563169019,True
lambda1_start_expansion96_s395_cont120000,late_0p22_0p32,True,16.35459680739454,4.088649201848635,31.69352979176838,7.923382447942095,3.300637482786351,2.108251690761713,3.1899567468759407,0.007729625406646456,0.9449558831393252,True
lambda1_start_expansion96_s396_cont120000,early_0p18_0p28,True,11.336720562764702,2.8341801406911755,18.23411570363069,4.558528925907672,0.7846697200064888,2.5063297012506007,3.009364268096255,0.007960922130474704,0.9804735663684216,True
lambda1_start_expansion96_s396_cont120000,central_0p20_0p30,True,15.595873209597155,3.8989683023992887,27.299747490991194,6.824936872747799,2.5585114058504437,2.2710996604128204,3.223853266373574,0.007824245558651648,0.9491770957802199,True
lambda1_start_expansion96_s396_cont120000,late_0p22_0p32,True,17.169927341688194,4.292481835422048,32.64093700011972,8.16023425002993,3.3381156039033235,2.0803831073647645,3.221496535538661,0.007713432821606322,0.9406226703038316,True
lambda1_start_expansion96_s397_cont120000,early_0p18_0p28,True,11.294732741835258,2.8236831854588145,18.255853955789355,4.563963488947339,0.8265993272038109,2.505564759933437,3.004500803496489,0.007960477673820684,0.9808443414710333,True
lambda1_start_expansion96_s397_cont120000,central_0p20_0p30,True,14.967323661286912,3.741830915321728,26.744254399793277,6.686063599948319,2.561387633360336,2.283905455612185,3.1916193765256415,0.007831686156719326,0.952667542010022,True
lambda1_start_expansion96_s397_cont120000,late_0p22_0p32,True,16.256934303384394,4.064233575846099,31.575170340420616,7.893792585105154,3.2954230341450113,2.111497824546052,3.1854859636651573,0.007731511519643513,0.9454897415275842,True
lambda1_start_expansion96_s398_cont120000,early_0p18_0p28,True,11.29105660576129,2.8227641514403223,18.25746266517322,4.564365666293305,0.8299943845052671,2.5054970327465274,3.0040704495140864,0.00796043832204532,0.9808771425271053,True
lambda1_start_expansion96_s398_cont120000,central_0p20_0p30,True,14.918169839717748,3.729542459929437,26.69897606287892,6.67474401571973,2.5611884226607273,2.2849770429459078,3.1891119906807788,0.007832308785031002,0.9529500259172361,True
lambda1_start_expansion96_s398_cont120000,late_0p22_0p32,True,16.188168349788285,4.047042087447071,31.49159851906718,7.872899629766795,3.291392434403902,2.1142767113194174,3.183587391308201,0.0077331261463991574,0.9458762739452595,True
