endpoint,profile,optimizer_success,data_chi2,data_chi2_per_row,total_chi2,total_chi2_per_row,matching_nuisance_sigma,nnlo_scale_nuisance_sigma,max_whitened_pull,min_prediction,max_prediction
exactbaseline_matched_reference_distance_b0p1_2p0_lam1e00_s303,early_0p18_0p28,True,40.800015270591516,10.200003817647879,52.16081224781097,13.040203061952743,3.076606895903084,1.3766942236027027,4.735795800842799,0.007304565893215497,0.8612870214971997
exactbaseline_matched_reference_distance_b0p1_2p0_lam1e00_s303,central_0p20_0p30,True,24.47408713292256,6.11852178323064,41.441640209296466,10.360410052324116,3.7275355980875875,1.7530064008336426,3.3129655929012407,0.0075232159352595085,0.9100857187114874
exactbaseline_matched_reference_distance_b0p1_2p0_lam1e00_s303,late_0p22_0p32,True,18.04271061716582,4.510677654291455,35.10286804796944,8.77571701199236,3.631910661902982,1.9670745727498629,3.1608471239729172,0.007647596748907858,0.9372569754721073
exactbaseline_matched_reference_distance_b0p1_2p0_lam1e00_s304,early_0p18_0p28,True,42.90834359884488,10.72708589971122,53.223228674976305,13.305807168744076,2.9204402065688395,1.33638096214649,4.915328889014051,0.007281142531321676,0.8560623442942996
exactbaseline_matched_reference_distance_b0p1_2p0_lam1e00_s304,central_0p20_0p30,True,26.66915551177474,6.667288877943685,43.228738908828106,10.807184727207026,3.700353107381966,1.6932130042442957,3.3630700814207644,0.007488473959131025,0.902310936551098
exactbaseline_matched_reference_distance_b0p1_2p0_lam1e00_s304,late_0p22_0p32,True,19.556080091604585,4.889020022901146,36.82461540293329,9.206153850733322,3.6893917812120867,1.9123084468917175,3.2070031605275813,0.007615775786297545,0.9301331207969677
exactbaseline_matched_reference_distance_b0p1_2p0_lam1e00_s305,early_0p18_0p28,True,40.85483428421593,10.213708571053983,52.189193733152145,13.047298433288036,3.0727844973067415,1.3756289041916674,4.740540233930954,0.007303946906777888,0.8611489529455606
exactbaseline_matched_reference_distance_b0p1_2p0_lam1e00_s305,central_0p20_0p30,True,24.527332730106604,6.131833182526651,41.486830616546925,10.371707654136731,3.727163144070575,1.7515001524185685,3.3142121579870283,0.007522340754228408,0.9098904063329527
exactbaseline_matched_reference_distance_b0p1_2p0_lam1e00_s305,late_0p22_0p32,True,18.07812565315312,4.51953141328828,35.14513495233686,8.786283738084215,3.6335922093668493,1.965710292798073,3.1619006415972057,0.007646804056332737,0.937082684490045
exactbaseline_matched_reference_distance_b0p1_2p0_lam1e00_s306,early_0p18_0p28,True,38.79924599591922,9.699811498979805,51.09674315064181,12.774185787660452,3.2080753068740067,1.4162450282870653,4.559657835186269,0.007327546242059758,0.8664128945523233
exactbaseline_matched_reference_distance_b0p1_2p0_lam1e00_s306,central_0p20_0p30,True,22.65376637240293,5.663441593100733,39.83317545713129,9.958293864282822,3.7306000223883697,1.8061097856122308,3.2684404071740447,0.007554070789332944,0.9169915397076376
exactbaseline_matched_reference_distance_b0p1_2p0_lam1e00_s306,late_0p22_0p32,True,16.86404072849595,4.216010182123988,33.62868401949915,8.407171004874787,3.5652651325337636,2.0133374843135954,3.121672963099043,0.007674477057785773,0.9432808295535453
exactbaseline_matched_reference_distance_b0p1_2p0_lam1e00_s307,early_0p18_0p28,True,43.892596166813235,10.973149041703309,53.69895112184818,13.424737780462046,2.840637734381661,1.318003117235301,4.997173936528718,0.007270464384810239,0.8536805333777024
exactbaseline_matched_reference_distance_b0p1_2p0_lam1e00_s307,central_0p20_0p30,True,27.807130304988224,6.951782576247056,44.09961293528811,11.024903233822027,3.6775509216890483,1.6637613556889428,3.456689650934741,0.007471361559946182,0.8984812630974455
exactbaseline_matched_reference_distance_b0p1_2p0_lam1e00_s307,late_0p22_0p32,True,20.382470585427637,5.095617646356909,37.699021665869736,9.424755416467434,3.710288531650342,1.8842266563091736,3.230685746177949,0.007599459320705797,0.9264797850853974
exactbaseline_matched_reference_distance_b0p1_2p0_lam1e00_s308,early_0p18_0p28,True,39.6679335011106,9.91698337527765,51.565557674772734,12.891389418693183,3.152883596713165,1.3989100039813798,4.636859151259663,0.0073174740094225825,0.864166218315588
exactbaseline_matched_reference_distance_b0p1_2p0_lam1e00_s308,central_0p20_0p30,True,23.41565054894343,5.853912637235857,40.522008284822576,10.130502071205644,3.7316970636731943,1.7834782759686227,3.2875199947870652,0.00754092112042904,0.9140448216726348
exactbaseline_matched_reference_distance_b0p1_2p0_lam1e00_s308,late_0p22_0p32,True,17.349697195782596,4.337424298945649,34.25265475915336,8.56316368978834,3.595398220739796,1.994008324373766,3.1386754328342064,0.007663246165220409,0.9407430928018363
exactbaseline_matched_reference_distance_b0p1_2p0_lam1e00_s309,early_0p18_0p28,True,39.85775899483133,9.964439748707832,51.66659818364302,12.916649545910754,3.14044274948692,1.3951553770124396,4.653578891260644,0.007315292444768844,0.8636796592031297
exactbaseline_matched_reference_distance_b0p1_2p0_lam1e00_s309,central_0p20_0p30,True,23.58754061984159,5.896885154960398,40.67409768540135,10.168524421350337,3.73147348196059,1.7783876739858115,3.2915474632881025,0.007537963309321886,0.913391175186309
exactbaseline_matched_reference_distance_b0p1_2p0_lam1e00_s309,late_0p22_0p32,True,17.45962697306968,4.36490674326742,34.389761190414944,8.597440297603736,3.6017938712910023,1.9892750252481024,3.1412154401086396,0.007660495959100456,0.9401750980567847
exactbaseline_matched_reference_distance_b0p1_2p0_lam1e00_s310,early_0p18_0p28,True,42.1521598022549,10.538039950563725,52.84900604905658,13.212251512264144,2.9786725939101775,1.3506871677372567,4.8516158065115995,0.007289454918332186,0.8579164937427932
exactbaseline_matched_reference_distance_b0p1_2p0_lam1e00_s310,central_0p20_0p30,True,25.845652695381734,6.4614131738454335,42.57576324704333,10.643940811760832,3.7132873870919663,1.7151114635863498,3.344558607915462,0.007501197701134465,0.9051639396300241
exactbaseline_matched_reference_distance_b0p1_2p0_lam1e00_s310,late_0p22_0p32,True,18.975224518531167,4.743806129632792,36.1831259829018,9.04578149572545,3.6706068285599613,1.9324976001277778,3.188974239777643,0.00762750636391632,0.9327926523148728
exactbaseline_matched_reference_distance_b0p1_2p0_lam1e00_s311,early_0p18_0p28,True,38.90196470596864,9.72549117649216,51.15273264034609,12.788183160086522,3.2016961237679347,1.4141816946300887,4.568846709427494,0.007326347375751024,0.8661454870741686
exactbaseline_matched_reference_distance_b0p1_2p0_lam1e00_s311,central_0p20_0p30,True,22.7416377534941,5.685409438373525,39.91381786928949,9.978454467322372,3.7309172517831004,1.8034512957500768,3.2706303399861656,0.007552526117235403,0.9166471729914151
exactbaseline_matched_reference_distance_b0p1_2p0_lam1e00_s311,late_0p22_0p32,True,16.919234112519863,4.229808528129966,33.700672689713,8.42516817242825,3.5689257232582454,2.011021571007818,3.123398540266914,0.007673131434198982,0.9429870281488809
exactbaseline_matched_reference_distance_b0p1_2p0_lam1e00_s312,early_0p18_0p28,True,40.70620568600892,10.17655142150223,52.11215289531796,13.02803822382949,3.0831203758743397,1.3785194801588816,4.727667156037291,0.007305626428714737,0.8615235767778858
exactbaseline_matched_reference_distance_b0p1_2p0_lam1e00_s312,central_0p20_0p30,True,24.38339540106702,6.095848850266755,41.36443255363707,10.341108138409268,3.728136470808883,1.7555727292239247,3.3108217894004754,0.007524707058439638,0.9104191790408
exactbaseline_matched_reference_distance_b0p1_2p0_lam1e00_s312,late_0p22_0p32,True,17.982424576597307,4.495606144149327,35.03060587194777,8.757651467986943,3.6290172104294967,1.9693692852679963,3.1589535218360174,0.007648930054123386,0.9375541411226263
exactbaseline_matched_reference_distance_b0p1_2p0_lam1e00_s313,early_0p18_0p28,True,42.52517503059078,10.631293757647695,53.034554558285635,13.258638639571409,2.9502699381551603,1.3436096232584835,4.883136865594787,0.007285342626752256,0.856999179609553
exactbaseline_matched_reference_distance_b0p1_2p0_lam1e00_s313,central_0p20_0p30,True,26.246719263882582,6.5616798159706455,42.896318584084554,10.724079646021139,3.707368932246024,1.7044104319144922,3.3537227283359106,0.007494980041524874,0.9037656720490368
exactbaseline_matched_reference_distance_b0p1_2p0_lam1e00_s313,late_0p22_0p32,True,19.256922162792865,4.814230540698216,36.497508150507706,9.124377037626926,3.680120807235864,1.9228356226845011,3.19835949903455,0.007621892429789218,0.9314949499173141
exactbaseline_matched_reference_distance_b0p1_2p0_lam1e00_s314,early_0p18_0p28,True,41.00415089010782,10.251037722526956,52.26628665763228,13.06657166440807,3.0623100278274284,1.372731969829517,4.753441583541904,0.007302263690399551,0.8607735019496499
exactbaseline_matched_reference_distance_b0p1_2p0_lam1e00_s314,central_0p20_0p30,True,24.673423152615367,6.168355788153842,41.61035411071565,10.402588527678912,3.726057633419014,1.7474053538146719,3.3176858177100312,0.0075199615384042165,0.9093564985730889
exactbaseline_matched_reference_distance_b0p1_2p0_lam1e00_s314,late_0p22_0p32,True,18.176034612280937,4.544008653070234,35.261718340229066,8.815429585057267,3.6381098445305082,1.9621010389575595,3.165205756901318,0.0076447069583600305,0.9366045331636035
exactbaseline_matched_reference_distance_b0p1_2p0_lam1e00_s315,early_0p18_0p28,True,41.806557320544094,10.451639330136024,52.675438844719956,13.168859711179989,3.0044413448079736,1.3572817429643405,4.822247658106871,0.007293286588519621,0.8587711485592987
exactbaseline_matched_reference_distance_b0p1_2p0_lam1e00_s315,central_0p20_0p30,True,25.483268427603978,6.3708171069009945,42.28201349164076,10.57050337291019,3.717962008773229,1.724964801193265,3.33636283291423,0.0075069228219580295,0.9064430279431446
exactbaseline_matched_reference_distance_b0p1_2p0_lam1e00_s315,late_0p22_0p32,True,18.72505546756196,4.68126386689049,35.89995245633985,8.974988114084962,3.661282678727432,1.9416246123358565,3.1816694805267165,0.007632809465234266,0.9339671262187499
exactbaseline_matched_reference_distance_b0p1_2p0_lam1e00_s316,early_0p18_0p28,True,40.822258074496574,10.205564518624143,52.17233259120066,13.043083147800164,3.0750573874149056,1.3762618140488727,4.737721293515113,0.007304314648709351,0.8612309858757754
exactbaseline_matched_reference_distance_b0p1_2p0_lam1e00_s316,central_0p20_0p30,True,24.49567368747579,6.1239184218689475,41.45997485879457,10.364993714698642,3.7273860314217835,1.7523967998374523,3.3134750256004817,0.007522861736560896,0.9100065017456817
exactbaseline_matched_reference_distance_b0p1_2p0_lam1e00_s316,late_0p22_0p32,True,18.057086660411954,4.514271665102989,35.12005402645309,8.780013506613273,3.6325929242889736,1.9665289248945268,3.1612984903705312,0.007647279709136813,0.9371862800375332
exactbaseline_matched_reference_distance_b0p1_2p0_lam1e00_s317,early_0p18_0p28,True,41.651269007639414,10.412817251909853,52.59693125345619,13.149232813364048,3.0158521705652195,1.360256568120085,4.808999879320102,0.007295015062070924,0.8591566764409525
exactbaseline_matched_reference_distance_b0p1_2p0_lam1e00_s317,central_0p20_0p30,True,25.323200969814337,6.330800242453584,42.150968424149646,10.537742106037411,3.7198206982189155,1.7293644576657197,3.3327417854932113,0.0075094791704656974,0.9070128229910629
exactbaseline_matched_reference_distance_b0p1_2p0_lam1e00_s317,late_0p22_0p32,True,18.615657461523952,4.653914365380988,35.774788366058125,8.943697091514531,3.6569509169376024,1.9457237459730512,3.1786269140367427,0.007635191199858725,0.9344867635381644
exactbaseline_matched_reference_distance_b0p1_2p0_lam1e00_s318,early_0p18_0p28,True,41.26804733971523,10.317011834928808,52.40180569141562,13.100451422853904,3.043575126881873,1.3676288965674763,4.776167707682307,0.007299298633059368,0.8601121414063375
exactbaseline_matched_reference_distance_b0p1_2p0_lam1e00_s318,central_0p20_0p30,True,24.93500921224959,6.233752303062397,41.829660075804554,10.457415018951139,3.723808782962428,1.740085920719676,3.323759836189204,0.007515708701396029,0.9084068316713914
exactbaseline_matched_reference_distance_b0p1_2p0_lam1e00_s318,late_0p22_0p32,True,18.35176392173617,4.587940980434042,35.468542757188104,8.867135689297026,3.64595917921334,1.955443811251532,3.170448898063018,0.00764083888497338,0.9357506728499068
exactbaseline_matched_reference_distance_b0p1_2p0_lam1e00_s319,early_0p18_0p28,True,43.03718208222664,10.75929552055666,53.28623113071106,13.321557782677765,2.910257884501143,1.3339595549278633,4.926111496416469,0.007279735612220482,0.8557485602537913
exactbaseline_matched_reference_distance_b0p1_2p0_lam1e00_s319,central_0p20_0p30,True,26.813497765536223,6.703374441384056,43.341090018815066,10.835272504703767,3.6977841380963037,1.689374061989299,3.3661135709560766,0.007486243404457945,0.9018177869614458
exactbaseline_matched_reference_distance_b0p1_2p0_lam1e00_s319,late_0p22_0p32,True,19.658247436608185,4.914561859152046,36.9344282882776,9.2336070720694,3.692417524220483,1.9084636958818189,3.2091341859358495,0.007613541856542338,0.929669518409879
exactbaseline_matched_reference_distance_b0p1_2p0_lam1e00_s320,early_0p18_0p28,True,40.61138503299944,10.15284625824986,52.06284752501175,13.015711881252937,3.089668024508036,1.3803673389155913,4.719438150167703,0.0073067000968533,0.8617630494471458
exactbaseline_matched_reference_distance_b0p1_2p0_lam1e00_s320,central_0p20_0p30,True,24.292367727939133,6.073091931984783,41.28667991552716,10.32166997888179,3.728689757326348,1.7581765785033099,3.3087176438595365,0.007526219982519329,0.9107550528902401
exactbaseline_matched_reference_distance_b0p1_2p0_lam1e00_s320,late_0p22_0p32,True,17.92244663419685,4.480611658549212,34.95863299700719,8.739658249251798,3.6260527525469026,1.9717828984341494,3.1573980889199205,0.007650332444617738,0.9378523379191671
exactbaseline_matched_reference_distance_b0p1_2p0_lam1e00_s321,early_0p18_0p28,True,40.70014688144982,10.175036720362455,52.109006680431406,13.027251670107852,3.083539989152039,1.378637346905209,4.727141781696257,0.007305694913261875,0.8615388669599199
exactbaseline_matched_reference_distance_b0p1_2p0_lam1e00_s321,central_0p20_0p30,True,24.377502106885206,6.094375526721302,41.359384702540936,10.339846175635234,3.7281776959103685,1.755725964771321,3.3106445560447053,0.007524796093450748,0.9104407983618801
exactbaseline_matched_reference_distance_b0p1_2p0_lam1e00_s321,late_0p22_0p32,True,17.978264010579824,4.494566002644956,35.025447846023404,8.756361961505851,3.628839574206337,1.9694433680909817,3.1585897626422605,0.007648973098737248,0.9375736952308007
exactbaseline_matched_reference_distance_b0p1_2p0_lam1e00_s322,early_0p18_0p28,True,40.737096474699406,10.184274118674852,52.12818933598879,13.032047333997198,3.0809794225773537,1.3779182337658133,4.730345033142873,0.007305277084321764,0.8614456425131869
exactbaseline_matched_reference_distance_b0p1_2p0_lam1e00_s322,central_0p20_0p30,True,24.413291085707186,6.103322771426797,41.38995276481226,10.347488191203064,3.7279372901538497,1.7547493381635575,3.311593231373491,0.007524228640517335,0.9103092871317789
exactbaseline_matched_reference_distance_b0p1_2p0_lam1e00_s322,late_0p22_0p32,True,18.002707672405855,4.500676918101464,35.055221775821316,8.763805443955329,3.62995544213493,1.9687401025860343,3.159986894218478,0.0076485644778062,0.9374557378658411
exactbaseline_matched_reference_distance_b0p1_2p0_lam1e00_s323,early_0p18_0p28,True,40.92065961290773,10.230164903226932,52.22321623290542,13.055804058226355,3.0681779979320747,1.3743508987893964,4.746231503379907,0.007303204342620132,0.8609833264136058
exactbaseline_matched_reference_distance_b0p1_2p0_lam1e00_s323,central_0p20_0p30,True,24.591554698030233,6.147888674507558,41.541220382847214,10.385305095711804,3.726691246509458,1.7496965559795687,3.31573861585587,0.007521292803986352,0.9096553640336422
exactbaseline_matched_reference_distance_b0p1_2p0_lam1e00_s323,late_0p22_0p32,True,18.121092313493815,4.530273078373454,35.19638440752995,8.799096101882487,3.6355926555264344,1.9641176484921636,3.163336746972152,0.007645878676380882,0.9368724258334391
exactbaseline_matched_reference_distance_b0p1_2p0_lam1e00_s324,early_0p18_0p28,True,41.31111301551246,10.327778253878115,52.42383130276491,13.105957825691227,3.0404903366335887,1.3667980099818036,4.779867298874955,0.007298815859984555,0.8600044777262071
exactbaseline_matched_reference_distance_b0p1_2p0_lam1e00_s324,central_0p20_0p30,True,24.97808337017019,6.244520842542547,41.86553368335177,10.466383420837943,3.723407488597784,1.7388752074359803,3.32472334678712,0.00751500523622429,0.9082511783715894
exactbaseline_matched_reference_distance_b0p1_2p0_lam1e00_s324,late_0p22_0p32,True,18.380621397468904,4.595155349367226,35.502130833568465,8.875532708392116,3.647228647388072,1.9542857083270435,3.1711076721870084,0.0076401659881912614,0.9356104720004025
exactbaseline_matched_reference_distance_b0p1_2p0_lam1e00_s325,early_0p18_0p28,True,38.67844442344049,9.669611105860122,51.0307042865167,12.757676071629175,3.2155275242273267,1.4186763563310312,4.5488304555224515,0.007328958925494421,0.8667279862135593
exactbaseline_matched_reference_distance_b0p1_2p0_lam1e00_s325,central_0p20_0p30,True,22.551143963236377,5.637785990809094,39.73857954552582,9.934644886381456,3.7301659533135694,1.8092256749863223,3.265871697244979,0.007555881225943481,0.9173952211997118
exactbaseline_matched_reference_distance_b0p1_2p0_lam1e00_s325,late_0p22_0p32,True,16.79976500996623,4.199941252491557,33.54442572041375,8.386106430103437,3.560931432385245,2.016042669265283,3.119645021364838,0.00767604886130214,0.9436244203336752
exactbaseline_matched_reference_distance_b0p1_2p0_lam1e00_s326,early_0p18_0p28,True,43.59787861290672,10.89946965322668,53.55785217038638,13.389463042596596,2.8650272628627005,1.3234773668382571,4.972793091625909,0.007273645108098689,0.854390059720145
exactbaseline_matched_reference_distance_b0p1_2p0_lam1e00_s326,central_0p20_0p30,True,27.457803311685577,6.864450827921394,43.83587231689467,10.958968079223668,3.685156890959265,1.6726289768578502,3.4168456100622797,0.007476513946338988,0.8996430735557608
exactbaseline_matched_reference_distance_b0p1_2p0_lam1e00_s326,late_0p22_0p32,True,20.124105346006655,5.031026336501664,37.42923304467243,9.357308261168107,3.7045688571361755,1.8924315790544577,3.222144571544904,0.007604226657007336,0.9276005965549561
lambda1_start_expansion48_s327_cont320000,early_0p18_0p28,True,42.9652220265108,10.7413055066277,53.25106983381484,13.31276745845371,2.9159545378444176,1.3353115518591852,4.920091564952401,0.007280521167947251,0.855923743317132
lambda1_start_expansion48_s327_cont320000,central_0p20_0p30,True,26.732834003545456,6.683208500886364,43.27841220770178,10.819603051925444,3.6992249020505836,1.6915417015862089,3.3644804959333667,0.007487502876028831,0.9020932768036795
lambda1_start_expansion48_s327_cont320000,late_0p22_0p32,True,19.601610524522894,4.900402631130723,36.87393168541162,9.218482921352905,3.690713196945533,1.9107478271035154,3.2083813445465506,0.0076148690136684585,0.929928047728122
lambda1_start_expansion48_s328_cont240000,early_0p18_0p28,True,43.57767846698263,10.894419616745658,53.54813885224341,13.387034713060853,2.866682960994794,1.3238539142982904,4.971117632069202,0.0072738638948479616,0.8544388082985003
lambda1_start_expansion48_s328_cont240000,central_0p20_0p30,True,27.43453036884795,6.858632592211987,43.81830895045255,10.954577237613137,3.6856237673487247,1.673306913617101,3.414095215174615,0.007476907850416194,0.8997214493716353
lambda1_start_expansion48_s328_cont240000,late_0p22_0p32,True,20.10884245577085,5.027210613942713,37.41419003200089,9.353547508000222,3.7040770964189744,1.893451990417084,3.2231012173461844,0.007604819550357167,0.9276735283334822
lambda1_start_expansion48_s329_cont200000,early_0p18_0p28,True,42.36551413411961,10.591378533529902,52.95536170944007,13.238840427360017,2.962502983999956,1.3466341912753508,4.869666975278709,0.0072871000025802705,0.857391171000021
lambda1_start_expansion48_s329_cont200000,central_0p20_0p30,True,26.073947582179635,6.518486895544909,42.75886685688213,10.689716714220532,3.7100024336258057,1.7090351714324346,3.3498740913078913,0.007497667170858507,0.9043660880155043
lambda1_start_expansion48_s329_cont200000,late_0p22_0p32,True,19.135770322896803,4.783942580724201,36.363350459669924,9.090837614917481,3.676085404987404,1.9271679304128408,3.194877294125637,0.0076244096464095235,0.932052925096133
lambda1_start_expansion48_s330_cont120000,early_0p18_0p28,True,41.64528157592411,10.411320393981027,52.59389813732818,13.148474534332045,3.016290061261078,1.3603715770853635,4.808488212778784,0.007295081886151076,0.8591715617158723
lambda1_start_expansion48_s330_cont120000,central_0p20_0p30,True,25.317200884899304,6.329300221224826,42.14608875364255,10.536522188410638,3.7198794651125597,1.7295619774316113,3.3326933565676398,0.007509593936098408,0.9070344449018931
lambda1_start_expansion48_s330_cont120000,late_0p22_0p32,True,18.612192333724746,4.6530480834311865,35.77118407124094,8.942796017810235,3.6567559709866244,1.946054343066982,3.179080984581962,0.007635383287898553,0.9345056488917323
lambda1_start_expansion48_s331_cont120000,early_0p18_0p28,True,43.55061673046279,10.887654182615698,53.53511776111729,13.383779440279323,2.8688981770817295,1.3243580634373882,4.968872828015097,0.0072741568224679795,0.8545041345332239
lambda1_start_expansion48_s331_cont120000,central_0p20_0p30,True,27.402953792791106,6.850738448197776,43.794319734424604,10.948579933606151,3.6862779264785357,1.6741329070269801,3.4104527047262296,0.00747738778039116,0.8998272381503359
lambda1_start_expansion48_s331_cont120000,late_0p22_0p32,True,20.08607688932836,5.02151922233209,37.3904404686401,9.347610117160025,3.7035085738539792,1.8943040470583923,3.2226823819572403,0.00760531462394691,0.9277745092433403
lambda1_start_expansion48_s332_cont120000,early_0p18_0p28,True,41.96295768032095,10.490739420080237,52.75418264125328,13.18854566031332,2.992843925463939,1.3542932469542674,4.835557459677436,0.007291550171741777,0.8583838100668434
lambda1_start_expansion48_s332_cont120000,central_0p20_0p30,True,25.64638663776571,6.411596659441427,42.414799925206914,10.603699981301729,3.7159261909760852,1.720553931342801,3.3401683195451497,0.007504359958100284,0.9058657005892992
lambda1_start_expansion48_s332_cont120000,late_0p22_0p32,True,18.838067289170656,4.709516822292664,36.02889875587529,9.007224688968822,3.6655220084478057,1.937725437797985,3.1856417340006398,0.007630543913577352,0.933437344221167
lambda1_start_expansion48_s333_cont120000,early_0p18_0p28,True,39.60939172691727,9.902347931729318,51.53429503464043,12.883573758660107,3.1566925078417376,1.400069897776179,4.631692552563219,0.007318147946760634,0.8643165816218296
lambda1_start_expansion48_s333_cont120000,central_0p20_0p30,True,23.362785320998995,5.840696330249749,40.47488348724261,10.118720871810652,3.731749638273631,1.7849769756185203,3.286075236232424,0.007541791915373473,0.9142462482822639
lambda1_start_expansion48_s333_cont120000,late_0p22_0p32,True,17.314772095680585,4.328693023920146,34.208003337360005,8.552000834340001,3.5934555532268924,1.9950710334878374,3.1366300728146688,0.007663863634987616,0.9409191724334011
lambda1_start_expansion48_s334_cont120000,early_0p18_0p28,True,43.295610745107965,10.823902686276991,53.411941216449264,13.352985304112316,2.889598033227402,1.3291176312537685,4.947675790500697,0.007276922291581471,0.8551210027989677
lambda1_start_expansion48_s334_cont120000,central_0p20_0p30,True,27.10760075742621,6.776900189356552,43.56842225066006,10.892105562665016,3.6922288401616488,1.6817454281526731,3.3763670322573707,0.007481810911410841,0.9008204059947688
lambda1_start_expansion48_s334_cont120000,late_0p22_0p32,True,19.870894799808635,4.967723699952159,37.16261150528548,9.29065287632137,3.6981397020123117,1.9014414137377844,3.2160529142127556,0.00760946167423908,0.9287231429824778
lambda1_start_expansion48_s335_cont120000,early_0p18_0p28,True,39.40948335753292,9.85237083938323,51.42718246695656,12.85679561673914,3.169600848602404,1.4040404445608246,4.614009906561842,0.007320454968095391,0.8648311723599177
lambda1_start_expansion48_s335_cont120000,central_0p20_0p30,True,23.18441478660615,5.796103696651538,40.31535919369358,10.078839798423395,3.7317558573874874,1.7902353554607322,3.281671362539503,0.007544847211064522,0.9149298997875992
lambda1_start_expansion48_s335_cont120000,late_0p22_0p32,True,17.200365946239398,4.300091486559849,34.062876033668736,8.515719008417184,3.586642320292874,1.9996267035908197,3.132804650459933,0.007666510632666207,0.9415113024721795
lambda1_start_expansion48_s336_cont120000,early_0p18_0p28,True,43.438038613550276,10.859509653387569,53.480845669082825,13.370211417270706,2.878075552087614,1.3264569996830364,4.959524917405095,0.0072753763750791536,0.8547761749953111
lambda1_start_expansion48_s336_cont120000,central_0p20_0p30,True,27.27187539795968,6.81796884948992,43.69434347692605,10.923585869231513,3.6889672921125793,1.6774946785876712,3.3953696864401213,0.00747934108282877,0.9002669052811679
lambda1_start_expansion48_s336_cont120000,late_0p22_0p32,True,19.9901387088573,4.997534677214325,37.28911125501121,9.322277813752802,3.70118401875337,1.897421778487472,3.2195844486444076,0.007607126130853401,0.9281955409032105
lambda1_start_expansion48_s337_cont120000,early_0p18_0p28,True,46.015833196984204,11.503958299246051,54.681096041472856,13.670274010368214,2.651187849495577,1.2792442421897643,5.169784481075951,0.00724794417374334,0.8486573126604336
lambda1_start_expansion48_s337_cont120000,central_0p20_0p30,True,30.552044282858628,7.638011070714657,46.06810653832221,11.517026634580553,3.60107378651225,1.596348909091591,3.757645179797171,0.007432192659297626,0.8897176878515245
lambda1_start_expansion48_s337_cont120000,late_0p22_0p32,True,22.500357676816925,5.625089419204231,39.77021011316572,9.94255252829143,3.7375073402391235,1.8168355231025906,3.28704551585533,0.00756030280385471,0.91772806253265
lambda1_start_expansion48_s338_cont120000,early_0p18_0p28,True,43.76699069597187,10.941747673992968,53.6389566899492,13.4097391724873,2.851085019783375,1.3203333684884904,4.9867959388852565,0.007271818339227107,0.8539825488717973
lambda1_start_expansion48_s338_cont120000,central_0p20_0p30,True,27.65746339615844,6.91436584903961,43.98703563391364,10.99675890847841,3.6808667848640746,1.6675706731169189,3.4396466675503867,0.00747357490159756,0.8989777684969991
lambda1_start_expansion48_s338_cont120000,late_0p22_0p32,True,20.27188496546104,5.06797124136526,37.58428102922184,9.39607025730546,3.707882028377145,1.887857761431879,3.227405846575654,0.007601569115008995,0.9269593425839262
lambda1_start_expansion48_s339_cont120000,early_0p18_0p28,True,43.42846926075383,10.857117315188457,53.47622398407838,13.369055996019595,2.8788527566779494,1.326635416643293,4.958729725808863,0.00727548004133877,0.8547993190508252
lambda1_start_expansion48_s339_cont120000,central_0p20_0p30,True,27.260658093772022,6.815164523443006,43.68572999113068,10.92143249778267,3.689200569536906,1.6777577462456326,3.394100862383963,0.007479493933993186,0.9003044389739435
lambda1_start_expansion48_s339_cont120000,late_0p22_0p32,True,19.981394089593778,4.995348522398444,37.27954433376232,9.31988608344058,3.7010087736857415,1.8975469167505974,3.2188620728198987,0.007607198840396566,0.9282321248340453
lambda1_start_expansion48_s340_cont120000,early_0p18_0p28,True,43.235798771422736,10.808949692855684,53.3829255477541,13.345731386938525,2.8944079171988286,1.3302366651044106,4.942692300868754,0.007277572487916577,0.8552660309394697
lambda1_start_expansion48_s340_cont120000,central_0p20_0p30,True,27.03909254543476,6.75977313635869,43.515689484734054,10.878922371183513,3.693554984128166,1.683522651621081,3.3711590128798523,0.0074828435380692405,0.9010520070612184
lambda1_start_expansion48_s340_cont120000,late_0p22_0p32,True,19.821313540585166,4.9553283851462915,37.10973681497734,9.277434203744335,3.6968357324474446,1.9031103072843525,3.2145519339214257,0.007610431357566389,0.9289433373356805
lambda1_start_expansion48_s341_cont120000,early_0p18_0p28,True,43.011083808447104,10.752770952111776,53.273487619624575,13.318371904906144,2.9123267423582226,1.334449982922782,4.923928738140583,0.007280020567393863,0.8558120748568059
lambda1_start_expansion48_s341_cont120000,central_0p20_0p30,True,26.784398203943766,6.696099550985942,43.31856137909543,10.829640344773857,3.6982960260957563,1.690198118125802,3.365640878211588,0.007486722208811869,0.9019173766770985
lambda1_start_expansion48_s341_cont120000,late_0p22_0p32,True,19.63870471398435,4.909676178496087,36.91409897996221,9.228524744990553,3.6917616490482943,1.9095261696541581,3.2096311101383552,0.007614159189568077,0.9297618900328691
lambda1_start_expansion48_s342_cont120000,early_0p18_0p28,True,41.48510822688387,10.371277056720967,52.51256930676483,13.128142326691208,3.027948285861029,1.3634479300773539,4.794788376579449,0.007296869350792775,0.8595702452886682
lambda1_start_expansion48_s342_cont120000,central_0p20_0p30,True,25.153889980101088,6.288472495025272,42.01151215705629,10.502878039264072,3.721639931975703,1.7340756597331846,3.32897972511594,0.007512216537451026,0.9076189651491017
lambda1_start_expansion48_s342_cont120000,late_0p22_0p32,True,18.501166268198396,4.625291567049599,35.643190070828865,8.910797517707216,3.6522011913419603,1.9502436413409565,3.1759772117060505,0.007637817411212021,0.9350365308967035
lambda1_start_expansion48_s343_cont120000,early_0p18_0p28,True,43.28851107394041,10.822127768485103,53.408499547879316,13.352124886969829,2.890169864926033,1.3292503999669676,4.947084471909269,0.0072769994346729774,0.8551382108910678
lambda1_start_expansion48_s343_cont120000,central_0p20_0p30,True,27.099455627328588,6.774863906832147,43.56215983662001,10.890539959155003,3.6923874753520116,1.681956878506409,3.3754223382744395,0.007481933771184008,0.9008479195657482
lambda1_start_expansion48_s343_cont120000,late_0p22_0p32,True,19.865001203270417,4.966250300817604,37.156338723282566,9.289084680820642,3.6979854482726835,1.9016416971594914,3.2158804860226025,0.007609578045648847,0.9287493123975152
lambda1_start_expansion48_s344_cont120000,early_0p18_0p28,True,42.83969369548453,10.709923423871132,53.18956915347026,13.297392288367565,2.925834282112383,1.3376730585616399,4.9095749033850264,0.0072818932828322335,0.8562297904234191
lambda1_start_expansion48_s344_cont120000,central_0p20_0p30,True,26.592746399313903,6.648186599828476,43.1690216603977,10.792255415099426,3.701676585910667,1.6952479802095473,3.361442982644007,0.007489656348666317,0.9025728250855061
lambda1_start_expansion48_s344_cont120000,late_0p22_0p32,True,19.502105249628414,4.8755263124071035,36.76627565580797,9.191568913951993,3.687755194692796,1.9143228646693473,3.205803463627017,0.0076169462308338185,0.9303787565449666
lambda1_start_expansion48_s345_cont120000,early_0p18_0p28,True,42.41668451060845,10.604171127652112,52.9807791971803,13.245194799295074,2.9585948105596493,1.3456639378022155,4.873987716742043,0.0072865362526526025,0.8572654343417387
lambda1_start_expansion48_s345_cont120000,central_0p20_0p30,True,26.129037006619765,6.532259251654941,42.80276413357737,10.700691033394342,3.7091822692305256,1.7075403423004354,3.351055827087164,0.007496798624815259,0.9041741796560279
lambda1_start_expansion48_s345_cont120000,late_0p22_0p32,True,19.173969570783296,4.793492392695824,36.40555427861375,9.101388569653437,3.67740491450734,1.9256889163589512,3.1956754779173737,0.007623550289459009,0.9318752947139533
lambda1_start_expansion48_s346_cont120000,early_0p18_0p28,True,43.84868857448085,10.962172143620213,53.67800247800906,13.419500619502266,2.8442987026997404,1.3188171948184397,4.993548318614452,0.00727093739128877,0.8537860445205259
lambda1_start_expansion48_s346_cont120000,central_0p20_0p30,True,27.754650720476864,6.938662680119216,44.060202478231744,11.015050619557936,3.6787247122925817,1.6650934655216019,3.4507235102596843,0.007472135560599207,0.8986551096238454
lambda1_start_expansion48_s346_cont120000,late_0p22_0p32,True,20.343595653742035,5.085898913435509,37.65874572307055,9.414686430767638,3.7094580175085663,1.8854896673463724,3.2295038152685387,0.0076001931726327205,0.9266479421430702
lambda1_start_expansion48_s347_cont120000,early_0p18_0p28,True,42.69586636657753,10.673966591644383,53.11884480683598,13.279711201708995,2.9370646353434697,1.340384186743927,4.897500790238185,0.007283468539565635,0.8565811680769447
lambda1_start_expansion48_s347_cont120000,central_0p20_0p30,True,26.43352100463483,6.6083802511587075,43.04394542412555,10.760986356031388,3.7043670661902843,1.6994378654177102,3.3578617030183953,0.007492090813008305,0.9031200682606211
lambda1_start_expansion48_s347_cont120000,late_0p22_0p32,True,19.388653152428404,4.847163288107101,36.642243931090974,9.160560982772743,3.6843261772518576,1.9181583350389209,3.202124158091858,0.0076191747682246005,0.930892374570414
lambda1_start_expansion48_s348_cont120000,early_0p18_0p28,True,44.29163812496356,11.07290953124089,53.888154183491146,13.472038545872786,2.806914663450598,1.3106281435378992,5.030017764980633,0.007266179276842498,0.8527247323570186
lambda1_start_expansion48_s348_cont120000,central_0p20_0p30,True,28.291272962034682,7.072818240508671,44.45978722287862,11.114946805719654,3.666207236086624,1.651495916710064,3.5113867177839824,0.007464234927031578,0.8968889052634113
lambda1_start_expansion48_s348_cont120000,late_0p22_0p32,True,20.74256325778546,5.185640814446365,38.06720771649326,9.516801929123314,3.7174578354910635,1.8722050368626553,3.240342340890902,0.007592474355146723,0.9249316766567763
lambda1_start_expansion48_s349_cont160000,early_0p18_0p28,True,42.672744163912455,10.668186040978114,53.10744956744089,13.276862391860222,2.938861240249706,1.3408206494853792,4.895557137015718,0.007283722139110224,0.8566377294855805
lambda1_start_expansion48_s349_cont160000,central_0p20_0p30,True,26.40813171400957,6.602032928502393,43.02395472020292,10.75598868005073,3.704782023335501,1.7001215149992843,3.3573262393703462,0.00749248803642758,0.9032076624223443
lambda1_start_expansion48_s349_cont160000,late_0p22_0p32,True,19.370902138153397,4.842725534538349,36.62292040695368,9.15573010173842,3.6837545097522284,1.9188462629091483,3.2017820906982415,0.007619574477473595,0.9309740348863031
lambda1_start_expansion48_s350_cont120000,early_0p18_0p28,True,43.885894123009834,10.971473530752458,53.695754384164445,13.423938596041111,2.8411970414704393,1.3181273203656125,4.996620724016552,0.0072705365510097614,0.8536966338076956
lambda1_start_expansion48_s350_cont120000,central_0p20_0p30,True,27.79907609511452,6.94976902377863,44.093559521386304,11.023389880346576,3.6777334147440732,1.6639592411915276,3.4557808286259855,0.0074714765380842225,0.8985078839511068
lambda1_start_expansion48_s350_cont120000,late_0p22_0p32,True,20.376353324941405,5.094088331235351,37.692612213414364,9.423153053353591,3.710169137512822,1.8843842122880154,3.2303871629530403,0.007599550866033008,0.9265057368227321
lambda1_start_expansion96_s351_cont120000,early_0p18_0p28,True,42.44200181197826,10.610500452994565,52.99334247870351,13.248335619675878,2.9566568610153583,1.3451843267508226,4.876124013174986,0.007286257582487519,0.8572032623396156
lambda1_start_expansion96_s351_cont120000,central_0p20_0p30,True,26.156498217531055,6.539124554382764,42.82465759349141,10.706164398372852,3.7087604776046033,1.7068260297166882,3.3517254003505865,0.0074963835851595715,0.9040788325215685
lambda1_start_expansion96_s351_cont120000,late_0p22_0p32,True,19.193650621811702,4.798412655452926,36.42761336991731,9.106903342479328,3.678027441563872,1.9251173697228767,3.1966062690831967,0.007623218201624575,0.9317861676225067
lambda1_start_expansion96_s352_cont120000,early_0p18_0p28,True,43.529982486388434,10.882495621597108,53.52518333670584,13.38129583417646,2.870585014763346,1.3247424366017448,4.967160701613219,0.007274380156214885,0.854553961727385
lambda1_start_expansion96_s352_cont120000,central_0p20_0p30,True,27.37879335933374,6.844698339833435,43.77590883615011,10.943977209037527,3.6867822862227686,1.6747393381688929,3.407688764284446,0.007477740137297737,0.8999080714219587
lambda1_start_expansion96_s352_cont120000,late_0p22_0p32,True,20.068090593682477,5.017022648420619,37.37133945989881,9.342834864974703,3.7030993922658824,1.8948096889176986,3.22188928962434,0.007605608418887616,0.9278523637727886
lambda1_start_expansion96_s353_cont120000,early_0p18_0p28,True,42.65808074883956,10.66452018720989,53.10021879166267,13.275054697915667,2.9399992734440232,1.3410974293360376,4.894324307149784,0.007283882957520164,0.8566736084312043
lambda1_start_expansion96_s353_cont120000,central_0p20_0p30,True,26.391963136420728,6.597990784105182,43.011185264666835,10.752796316166709,3.7050496795805232,1.700537856116814,3.356932584583217,0.007492729944631354,0.9032633536675634
lambda1_start_expansion96_s353_cont120000,late_0p22_0p32,True,19.359201390534228,4.839800347633557,36.60994137250994,9.152485343127484,3.683408565026954,1.9191772521218,3.201218904566888,0.007619766793347599,0.9310264441717071
lambda1_start_expansion96_s354_cont120000,early_0p18_0p28,True,41.61845616147952,10.40461404036988,52.58030123859391,13.145075309648478,3.018250117220506,1.3608862211855899,4.806196234803094,0.007295380911696782,0.8592382617331099
lambda1_start_expansion96_s354_cont120000,central_0p20_0p30,True,25.289709536341206,6.322427384085302,42.123487917861056,10.530871979465264,3.720186267238376,1.7303157280019286,3.3320576384267726,0.0075100318905518175,0.9071325955104049
lambda1_start_expansion96_s354_cont120000,late_0p22_0p32,True,18.593377265167238,4.648344316291809,35.7495094386617,8.937377359665424,3.6560025693798037,1.946735058035051,3.17848134670188,0.007635778806208599,0.9345950489593348
lambda1_start_expansion96_s355_cont120000,early_0p18_0p28,True,43.56451228129241,10.891128070323102,53.54180564875126,13.385451412187814,2.8677612544569593,1.3240992239610647,4.970025590059721,0.00727400642801942,0.8544705878730445
lambda1_start_expansion96_s355_cont120000,central_0p20_0p30,True,27.41918828604823,6.854797071512057,43.80666454233638,10.951666135584095,3.6859407124286028,1.6737136316435592,3.41232048871708,0.007477144167280132,0.8997728738775502
lambda1_start_expansion96_s355_cont120000,late_0p22_0p32,True,20.097902455356657,5.024475613839164,37.402846753459045,9.350711688364761,3.703795240809781,1.8938968061267778,3.2229974487924333,0.0076050780032574745,0.9277224645386905
lambda1_start_expansion96_s356_cont120000,early_0p18_0p28,True,40.90548687088843,10.226371717722108,52.215378392557966,13.053844598139491,3.0692411765747982,1.3746454530850052,4.744920008830576,0.0073033754885808945,0.8610214891086255
lambda1_start_expansion96_s356_cont120000,central_0p20_0p30,True,24.57681724318099,6.1442043107952475,41.5287882756906,10.38219706892265,3.7267956033856118,1.7501330129722368,3.3154511810683345,0.007521546400190704,0.9097093984427429
lambda1_start_expansion96_s356_cont120000,late_0p22_0p32,True,18.111649140427385,4.527912285106846,35.185396826794744,8.796349206698686,3.635115339609905,1.964607888129364,3.1634080143161407,0.007646163522112089,0.9369202519232223
lambda1_start_expansion96_s357_cont120000,early_0p18_0p28,True,39.61048684358024,9.90262171089506,51.53487960736168,12.88371990184042,3.1566212825986852,1.4000481570383465,4.631789256229653,0.007318135314660137,0.8643137674083546
lambda1_start_expansion96_s357_cont120000,central_0p20_0p30,True,23.363758521638456,5.840939630409614,40.47574711280771,10.118936778201927,3.731749746566735,1.7849460552544332,3.286092834845386,0.007541773949601126,0.9142425170200466
lambda1_start_expansion96_s357_cont120000,late_0p22_0p32,True,17.315360874058435,4.328840218514609,34.20871897449576,8.55217974362394,3.5934939518258573,1.9950336635325998,3.1366110979184905,0.0076638419217857105,0.940915975033472
lambda1_start_expansion96_s358_cont120000,early_0p18_0p28,True,43.24859663587362,10.812149158968404,53.38913758470268,13.34728439617567,2.8933801348328347,1.3299971218704896,4.94375892054955,0.007277433305234386,0.8552349889923733
lambda1_start_expansion96_s358_cont120000,central_0p20_0p30,True,27.05374223554079,6.763435558885197,43.5269816400229,10.881745410005726,3.6932722494523977,1.683145714401145,3.3714901225683453,0.007482624524856345,0.9010024654369834
lambda1_start_expansion96_s358_cont120000,late_0p22_0p32,True,19.83198120620075,4.957995301550188,37.12116619806683,9.280291549516708,3.697112693941756,1.9027723773906358,3.214934307621352,0.007610235008923056,0.9288961702123469
lambda1_start_expansion96_s359_cont120000,early_0p18_0p28,True,39.424313385963046,9.856078346490762,51.435147660307,12.85878691507675,3.1686484628355815,1.4037454161327332,4.615323727853364,0.007320283546647695,0.8647929381127504
lambda1_start_expansion96_s359_cont120000,central_0p20_0p30,True,23.197566018015955,5.799391504503989,40.327162569564024,10.081790642391006,3.7317622392652074,1.7898455634893167,3.281994647166969,0.0075446207288083125,0.9148793324753541
lambda1_start_expansion96_s359_cont120000,late_0p22_0p32,True,17.208764567181454,4.3021911417953635,34.07356449517265,8.518391123793162,3.5871515916327583,1.9992857191101439,3.13307182583335,0.00766631250920503,0.9414676143434508
lambda1_start_expansion96_s360_cont120000,early_0p18_0p28,True,43.43209759815342,10.858024399538355,53.47797610788142,13.369494026970354,2.8785580032105007,1.3265678768464024,4.959031201362732,0.007275440798443314,0.854790543707037
lambda1_start_expansion96_s360_cont120000,central_0p20_0p30,True,27.264979218849344,6.816244804712336,43.689068168397796,10.922267042099449,3.689107011762476,1.6776705294286454,3.394575851650987,0.0074794432580867045,0.900290073937791
lambda1_start_expansion96_s360_cont120000,late_0p22_0p32,True,19.985072627500962,4.9962681568752405,37.2837282141501,9.320932053537526,3.7010609495657167,1.8975783078041484,3.2193970450445453,0.007607217079655335,0.9282177287323872
lambda1_start_expansion96_s361_cont120000,early_0p18_0p28,True,45.85121440823874,11.462803602059685,54.60713467575683,13.651783668939208,2.666807715644557,1.2822078128356398,5.156586462853036,0.007249666108045571,0.8490413947820699
lambda1_start_expansion96_s361_cont120000,central_0p20_0p30,True,30.323580138026923,7.580895034506731,45.910767794914875,11.477691948728719,3.6085291548867864,1.601781818856741,3.733392132809515,0.007435349362748767,0.8904239078577627
lambda1_start_expansion96_s361_cont120000,late_0p22_0p32,True,22.31709268062326,5.579273170155815,39.59948294609855,9.899870736524637,3.736458972813432,1.8224337052297062,3.2823762912592374,0.007563555536111398,0.9184546529163338
lambda1_start_expansion96_s362_cont120000,early_0p18_0p28,True,44.089282234883434,11.022320558720859,53.79247303923833,13.448118259809583,2.8241178735511956,1.3143625986171295,5.013386477438633,0.007268349120949307,0.8532087254438474
lambda1_start_expansion96_s362_cont120000,central_0p20_0p30,True,28.044036104383423,7.011009026095856,44.27659443937663,11.069148609844158,3.6721202632405183,1.657736742456894,3.4835482356687306,0.007467861056863397,0.8976993979405014
lambda1_start_expansion96_s362_cont120000,late_0p22_0p32,True,20.55794434952515,5.139486087381288,37.87931825198399,9.469829562995997,3.7139273861832165,1.878328318643239,3.2353715548893205,0.007596032187977496,0.9257219338804843
lambda1_start_expansion96_s363_cont120000,early_0p18_0p28,True,43.26544517609858,10.816361294024645,53.39731288122604,13.34932822030651,2.892025945096078,1.329681780734999,4.945163052185034,0.0072772500814199444,0.855194129426861
lambda1_start_expansion96_s363_cont120000,central_0p20_0p30,True,27.072938672103163,6.768234668025791,43.5417353894002,10.88543384735005,3.692906389947039,1.682628631750146,3.372361737849737,0.007482324082430556,0.9009374243100122
lambda1_start_expansion96_s363_cont120000,late_0p22_0p32,True,19.845458910945936,4.961364727736484,37.13531851019718,9.283829627549295,3.6974992044406236,1.902198526025137,3.2150124692391975,0.007609901581963246,0.9288348712728198
lambda1_start_expansion96_s364_cont120000,early_0p18_0p28,True,42.54734011463585,10.636835028658963,53.04552232393564,13.26138058098391,2.948562753054764,1.3431901952433647,4.8850041319399535,0.007285098924957074,0.8569448375188775
lambda1_start_expansion96_s364_cont120000,central_0p20_0p30,True,26.270835926213103,6.567708981553276,42.91542918306801,10.728857295767002,3.706991434474812,1.7037628243347958,3.3542474071485406,0.007494603759721902,0.9036820889266878
lambda1_start_expansion96_s364_cont120000,late_0p22_0p32,True,19.273802151986008,4.818450537996502,36.51607272895619,9.129018182239047,3.68067702556632,1.9222089403700229,3.1987733795979945,0.007621528306269705,0.9314171970846772
lambda1_start_expansion96_s365_cont120000,early_0p18_0p28,True,42.2767559709396,10.5691889927349,52.91119001583357,13.227797503958392,2.969254186087825,1.3483188136690456,4.862164531709758,0.0072880788248972095,0.8576095027059588
lambda1_start_expansion96_s365_cont120000,central_0p20_0p30,True,25.978691596387602,6.4946728990969005,42.682698648927996,10.670674662231999,3.7113958947277763,1.7115921141259696,3.3477339479459616,0.007499152840632894,0.9046984741165732
lambda1_start_expansion96_s365_cont120000,late_0p22_0p32,True,19.069181763078355,4.767295440769589,36.289137944962064,9.072284486240516,3.673803686751101,1.9295394924949654,3.1928938084718936,0.007625787603808569,0.9323609128528527
lambda1_start_expansion96_s366_cont120000,early_0p18_0p28,True,41.803231212906816,10.450807803226704,52.67376004160763,13.168440010401907,3.0046865824693256,1.3573457075592856,4.8219639231359785,0.007293323754102401,0.8587793987107512
lambda1_start_expansion96_s366_cont120000,central_0p20_0p30,True,25.480054834923035,6.370013708730759,42.279472534997225,10.569868133749306,3.7179864300998338,1.7251071287510489,3.336438079491978,0.0075070055190600005,0.9064547865825852
lambda1_start_expansion96_s366_cont120000,late_0p22_0p32,True,18.723914216687064,4.680978554171766,35.89928960405689,8.974822401014222,3.6611459186448654,1.9420056513202715,3.182568338762829,0.007633030861710393,0.9339765299945126
lambda1_start_expansion96_s367_cont120000,early_0p18_0p28,True,43.56597494306194,10.891493735765485,53.54250872782488,13.38562718195622,2.86764145856707,1.3240718446784785,4.970147050108276,0.007273990519734622,0.8544670561031297
lambda1_start_expansion96_s367_cont120000,central_0p20_0p30,True,27.420779308629683,6.855194827157421,43.807839331329745,10.951959832832436,3.685913851459961,1.6736484404783651,3.4125270273443453,0.00747710628901875,0.899767385065559
lambda1_start_expansion96_s367_cont120000,late_0p22_0p32,True,20.098520448073447,5.024630112018362,37.40320666096667,9.350801665241667,3.7038501795600087,1.8937212203137266,3.2225900361383344,0.007604975981989684,0.927717905335664
lambda1_start_expansion96_s368_cont120000,early_0p18_0p28,True,42.88995647105334,10.722489117763335,53.21421889047756,13.30355472261939,2.921886968172105,1.3367269596481732,4.913788237665059,0.007281343567516802,0.8561071765070865
lambda1_start_expansion96_s368_cont120000,central_0p20_0p30,True,26.648714023770378,6.662178505942594,43.21279843679022,10.803199609197556,3.7007063440111034,1.693770045908185,3.362670737177943,0.007488797619088367,0.902381026632608
lambda1_start_expansion96_s368_cont120000,late_0p22_0p32,True,19.54190670801903,4.885476677004758,36.8094704640635,9.202367616015875,3.6889429028105387,1.9129202847605085,3.206917628435658,0.007616131284694434,0.9301985482567775
lambda1_start_expansion96_s369_cont120000,early_0p18_0p28,True,42.25807915141924,10.56451978785481,52.90188173880953,13.225470434702382,2.970670353665054,1.3486735102484346,4.860584658512039,0.007288284915549303,0.8576554820684194
lambda1_start_expansion96_s369_cont120000,central_0p20_0p30,True,25.9586407144944,6.4896601786236,42.66660456770146,10.666651141925366,3.7116884515149415,1.7121135161249317,3.347234231318555,0.007499455792745243,0.9047684496967066
lambda1_start_expansion96_s369_cont120000,late_0p22_0p32,True,19.05482917563852,4.76370729390963,36.272892541791336,9.068223135447834,3.67333543880619,1.9299404447193047,3.1921592933056457,0.007626020570547394,0.9324261210049374
lambda1_start_expansion96_s370_cont120000,early_0p18_0p28,True,43.92361492293983,10.980903730734957,53.71373392475291,13.428433481188227,2.8380454292218356,1.3174282308672949,4.999733868824072,0.007270130356479134,0.8536060354346722
lambda1_start_expansion96_s370_cont120000,central_0p20_0p30,True,27.84425189195868,6.96106297298967,44.127433632252504,11.031858408063126,3.6767162973586602,1.6628105752102518,3.4609140084350436,0.007470809124483768,0.8983583805994707
lambda1_start_expansion96_s370_cont120000,late_0p22_0p32,True,20.409786141089484,5.102446535272371,37.72715224304737,9.431788060761843,3.710879681473742,1.8832785485910528,3.2313444417996484,0.007598908438207243,0.9263610784402697
lambda1_start_expansion96_s371_cont120000,early_0p18_0p28,True,42.47376472478939,10.618441181197348,53.00909199246415,13.252272998116037,2.9542215108752203,1.3445826610353455,4.878803221273404,0.007285907994454111,0.8571252944718593
lambda1_start_expansion96_s371_cont120000,central_0p20_0p30,True,26.19085743372977,6.547714358432443,42.85196530532117,10.712991326330293,3.7082370117911916,1.7058974576372803,3.3524653661130435,0.0074958440535247,0.9039594167188999
lambda1_start_expansion96_s371_cont120000,late_0p22_0p32,True,19.21756266312591,4.804390665781478,36.45396964170247,9.113492410425618,3.678837175886683,1.9242047738976877,3.197133942822792,0.0076226879527311825,0.9316754043484896
lambda1_start_expansion96_s372_cont120000,early_0p18_0p28,True,44.48337384312295,11.120843460780737,53.9783097791316,13.4945774447829,2.790416828552054,1.3070997892059144,5.045730968139706,0.007264129184207411,0.852267454543433
lambda1_start_expansion96_s372_cont120000,central_0p20_0p30,True,28.528878150176773,7.132219537544193,44.63442428770217,11.158606071925542,3.660291348827608,1.6455434905292423,3.53795897608794,0.00746077636705545,0.8961151550041356
lambda1_start_expansion96_s372_cont120000,late_0p22_0p32,True,20.92147197838961,5.230367994597403,38.247581618844045,9.561895404711011,3.720593789643069,1.8663578148157596,3.2452204953364747,0.007589076922313691,0.9241727224893038
lambda1_start_expansion96_s373_cont120000,early_0p18_0p28,True,42.43546574164316,10.60886643541079,52.99009925950771,13.247524814876927,2.95715744712326,1.3453079018529506,4.875572799542146,0.007286329383781527,0.8572193090179238
lambda1_start_expansion96_s373_cont120000,central_0p20_0p30,True,26.14922901855344,6.53730725463836,42.81880595360927,10.704701488402318,3.7088824442310298,1.7069762593342344,3.3514426725227726,0.007496470873624256,0.9041038110307916
lambda1_start_expansion96_s373_cont120000,late_0p22_0p32,True,19.18764600034714,4.796911500086785,36.42043619612248,9.10510904903062,3.677901498833199,1.9250534435843194,3.195667358441712,0.00762318105838625,0.9318105326067267
lambda1_start_expansion96_s374_cont120000,early_0p18_0p28,True,43.14096188793659,10.785240471984148,53.33682033005918,13.334205082514796,2.9019992098881238,1.3320131485579614,4.934781206261679,0.007278604684601436,0.8554962536674995
lambda1_start_expansion96_s374_cont120000,central_0p20_0p30,True,26.931155435974237,6.732788858993559,43.432380206964126,10.858095051741032,3.695596949334815,1.686353450216503,3.368847022012628,0.007484488327340907,0.9014180030133828
lambda1_start_expansion96_s374_cont120000,late_0p22_0p32,True,19.743920973864757,4.935980243466189,37.02717462178961,9.256793655447403,3.6947129693902996,1.9058724306059873,3.2126102277608126,0.007612036244192302,0.9292899184199555
lambda1_start_expansion96_s375_cont120000,early_0p18_0p28,True,41.85811008287701,10.464527520719253,52.70143052797348,13.17535763199337,3.0006301371810107,1.356296142049197,4.826638158029794,0.007292713921211535,0.8586433712010105
lambda1_start_expansion96_s375_cont120000,central_0p20_0p30,True,25.537051376218233,6.384262844054558,42.32595870460535,10.581489676151337,3.717292672457658,1.7235551965863223,3.3377485494819634,0.007506103794232588,0.9062526428413973
lambda1_start_expansion96_s375_cont120000,late_0p22_0p32,True,18.763182692179203,4.690795673044801,35.944112096572105,8.986028024143026,3.6626500055020417,1.9405989646469453,3.1838169124814963,0.007632213529402604,0.933791475652308
lambda1_start_expansion96_s376_cont120000,early_0p18_0p28,True,43.50267800101493,10.875669500253732,53.5120273624845,13.378006840621126,2.8728136218968867,1.3252513932508312,4.964894209840431,0.0072746758771600325,0.8546199203874129
lambda1_start_expansion96_s376_cont120000,central_0p20_0p30,True,27.34697879253943,6.836744698134858,43.75167337844994,10.937918344612484,3.687437003987232,1.6755604816109055,3.404024931138998,0.007478217249278118,0.9000147455687835
lambda1_start_expansion96_s376_cont120000,late_0p22_0p32,True,20.044915509717516,5.011228877429379,37.34695781049483,9.336739452623707,3.702532489725438,1.8955989721734012,3.2212427727071185,0.007606067019027303,0.9279544151532676
lambda1_start_expansion96_s377_cont120000,early_0p18_0p28,True,42.32112992462978,10.580282481157445,52.93328634390768,13.23332158597692,2.9658833363206822,1.3474763280344488,4.865916675905229,0.0072875893123845355,0.8575003116020739
lambda1_start_expansion96_s377_cont120000,central_0p20_0p30,True,26.026224186062443,6.506556046515611,42.72073421804859,10.680183554512148,3.710706912116148,1.710311154252228,3.3487915086169817,0.007498408559827762,0.9045324642927389
lambda1_start_expansion96_s377_cont120000,late_0p22_0p32,True,19.102300326205004,4.775575081551251,36.32603955659522,9.081509889148805,3.6749517395347806,1.9283332031784628,3.193810639070225,0.007625086709110685,0.9322072859471213
lambda1_start_expansion96_s378_cont120000,early_0p18_0p28,True,42.23682334892201,10.559205837230502,52.89128301873174,13.222820754682935,2.9722802431308,1.3490773981147437,4.858785948480664,0.007288519587994929,0.8577078275586697
lambda1_start_expansion96_s378_cont120000,central_0p20_0p30,True,25.935933790352045,6.483983447588011,42.64839024407738,10.662097561019346,3.7120127511938614,1.7127223326329104,3.3467168062902095,0.007499809535629798,0.9048478642453905
lambda1_start_expansion96_s378_cont120000,late_0p22_0p32,True,19.038949836901693,4.759737459225423,36.25510812215203,9.063777030538008,3.6727852342441283,1.9304939545019666,3.1916470026229495,0.007626342178362855,0.9324996272901622
lambda1_start_expansion96_s379_cont120000,early_0p18_0p28,True,43.50950529979258,10.877376324948145,53.51531779328684,13.37882944832171,2.8722566739703868,1.325124179964592,4.965460895919723,0.007274601961958591,0.8546034262347946
lambda1_start_expansion96_s379_cont120000,central_0p20_0p30,True,27.355007264436445,6.838751816109111,43.757815802619675,10.939453950654919,3.6872679434678957,1.6753697058432389,3.404933784425943,0.007478106402135386,0.8999879273537243
lambda1_start_expansion96_s379_cont120000,late_0p22_0p32,True,20.051131513574532,5.012782878393633,37.353696292447864,9.338424073111966,3.70265759447067,1.8954924207134158,3.221705248730158,0.007606005109042415,0.9279282881162929
lambda1_start_expansion96_s380_cont120000,early_0p18_0p28,True,40.90238852903592,10.22559713225898,52.213778875083676,13.053444718770919,3.0694584179153774,1.374705556377869,4.744652354272041,0.00730341041061719,0.8610292818591617
lambda1_start_expansion96_s380_cont120000,central_0p20_0p30,True,24.573732068040492,6.143433017010123,41.5261536157479,10.381538403936975,3.7268224764885645,1.750204495608171,3.315336619752366,0.007521587934008364,0.9097205887784136
lambda1_start_expansion96_s380_cont120000,late_0p22_0p32,True,18.10930310025973,4.5273257750649325,35.18242856341673,8.795607140854182,3.635032925756801,1.9646020186849427,3.163074548913122,0.007646160111767309,0.936930625281089
lambda1_start_expansion96_s381_cont120000,early_0p18_0p28,True,39.397191963129394,9.849297990782349,51.42057821271154,12.855144553177885,3.170389521863993,1.4042850598212413,4.612920752843023,0.007320597097795705,0.8648628687917219
lambda1_start_expansion96_s381_cont120000,central_0p20_0p30,True,23.17353086673377,5.793382716683443,40.30558786969756,10.07639696742439,3.7317492276820468,1.7905598858061802,3.281408552239702,0.007545035774119268,0.9149717782292728
lambda1_start_expansion96_s381_cont120000,late_0p22_0p32,True,17.193445779754654,4.298361444938664,34.05408495279376,8.51352123819844,3.586218813897788,1.9999184463084116,3.1326137432222385,0.007666680145005502,0.9415474435406748
lambda1_start_expansion96_s382_cont120000,early_0p18_0p28,True,43.41216801175366,10.853042002938414,53.468349104152345,13.367087276038086,2.8801756450784812,1.3269398426060774,4.957374463867613,0.007275656923070453,0.8548387553097346
lambda1_start_expansion96_s382_cont120000,central_0p20_0p30,True,27.24192876255112,6.81048219063778,43.671447158174004,10.917861789543501,3.6895696482394604,1.6782711957288172,3.3919093085045224,0.007479792265426178,0.9003676307173892
lambda1_start_expansion96_s382_cont120000,late_0p22_0p32,True,19.968423427481284,4.992105856870321,37.26617701948173,9.316544254870433,3.7006347309063194,1.8981717994982328,3.218997246520116,0.007607561918307167,0.9282916218480066
lambda1_start_expansion96_s383_cont120000,early_0p18_0p28,True,39.41027859538324,9.85256964884581,51.427610073462496,12.856902518365624,3.169549842790958,1.4040246693498915,4.614080414591044,0.007320445802166828,0.8648291215526728
lambda1_start_expansion96_s383_cont120000,central_0p20_0p30,True,23.185122566475375,5.796280641618844,40.31599526239876,10.07899881559969,3.731756053537448,1.7902149180503422,3.2816902424866115,0.007544835336241141,0.914927180746593
lambda1_start_expansion96_s383_cont120000,late_0p22_0p32,True,17.200826713105236,4.300206678276309,34.06346851271482,8.515867128178705,3.5866693165979058,1.9996112154578192,3.132828224151937,0.007666501633539586,0.941508943015033
lambda1_start_expansion96_s384_cont120000,early_0p18_0p28,True,43.494571535917125,10.873642883979281,53.50811937426223,13.377029843565557,2.87347460228114,1.325402409983606,4.9642211474298525,0.00727476362296516,0.8546395078793623
lambda1_start_expansion96_s384_cont120000,central_0p20_0p30,True,27.33747957692994,6.834369894232485,43.744412079395445,10.936103019848861,3.687635126391711,1.6757922535527754,3.4029435368424026,0.007478351916578037,0.9000465244290173
lambda1_start_expansion96_s384_cont120000,late_0p22_0p32,True,20.037699193893847,5.009424798473462,37.33919670000235,9.334799175000587,3.702377249917326,1.8957584776028593,3.2208037995249383,0.0076061596970509425,0.9279851884258413
lambda1_start_expansion96_s385_cont120000,early_0p18_0p28,True,45.720454042382315,11.430113510595579,54.54811943528558,13.637029858821395,2.6790957218860503,1.2845666607362685,5.146081382788136,0.007251036678077195,0.8493471076420734
lambda1_start_expansion96_s385_cont120000,central_0p20_0p30,True,30.144101502462554,7.536025375615639,45.786381049033515,11.446595262258379,3.6142515638099675,1.6060713496193646,3.7142435469061774,0.0074378417245120725,0.8909814877063809
lambda1_start_expansion96_s385_cont120000,late_0p22_0p32,True,22.174038593100413,5.543509648275103,39.46518402180623,9.866296005451558,3.7354819500254948,1.8268333338702647,3.2787099341627304,0.007566111868447797,0.9190255786546566
lambda1_start_expansion96_s386_cont120000,early_0p18_0p28,True,44.35955084746593,11.089887711866483,53.92014388022787,13.480035970056967,2.801093386163644,1.3093772851062564,5.03558829879419,0.007265452485988472,0.8525626196660369
lambda1_start_expansion96_s386_cont120000,central_0p20_0p30,True,28.375100436392152,7.093775109098038,44.52156837807068,11.13039209451767,3.664143894031796,1.649399122561923,3.5207735966658724,0.007463016619051161,0.8966154078334068
lambda1_start_expansion96_s386_cont120000,late_0p22_0p32,True,20.805708803640016,5.201427200910004,38.13116134379794,9.532790335949485,3.7185832434344994,1.8701848041854274,3.2422033874262635,0.0075913005319580475,0.9246636734622432
lambda1_start_expansion96_s387_cont120000,early_0p18_0p28,True,43.25246514406427,10.813116286016067,53.391015043365414,13.347753760841353,2.8930693703727397,1.3299246285080306,4.944081392853831,0.0072773911841505935,0.8552256061439953
lambda1_start_expansion96_s387_cont120000,central_0p20_0p30,True,27.058093664616866,6.7645234161542165,43.530309859859614,10.882577464964903,3.693192433526849,1.6830168876701102,3.37154259962064,0.007482549672189167,0.9009876421306172
lambda1_start_expansion96_s387_cont120000,late_0p22_0p32,True,19.83478482553785,4.958696206384462,37.12396835031895,9.280992087579737,3.6972127931707934,1.9025774850962895,3.214743029124551,0.007610121769939756,0.9288825214536316
lambda1_start_expansion96_s388_cont120000,early_0p18_0p28,True,43.01111438003051,10.752778595007628,53.27350210695551,13.318375526738878,2.912324284064434,1.3344493213957505,4.923931343727585,0.00728002018302439,0.8558120000428191
lambda1_start_expansion96_s388_cont120000,central_0p20_0p30,True,26.78437398226183,6.696093495565457,43.318525463935686,10.829631365983921,3.698299709789088,1.690186598647558,3.3656073247566862,0.007486715515607251,0.9019173788838414
lambda1_start_expansion96_s388_cont120000,late_0p22_0p32,True,19.638427364763317,4.909606841190829,36.91365571417229,9.228413928543073,3.6917739700446983,1.9094589033308333,3.2094118618661787,0.007614120105569969,0.9297622222791115
lambda1_start_expansion96_s389_cont120000,early_0p18_0p28,True,42.852174368106645,10.713043592026661,53.19569289415219,13.298923223538047,2.9248552267285852,1.3374380093013731,4.910621503882225,0.007281756711300008,0.8561993349351358
lambda1_start_expansion96_s389_cont120000,central_0p20_0p30,True,26.606565598595846,6.651641399648962,43.1798197805641,10.794954945141026,3.7014416728567574,1.6948698252100747,3.3617110107904487,0.007489436627882519,0.9025253519133016
lambda1_start_expansion96_s389_cont120000,late_0p22_0p32,True,19.51165010204725,4.877912525511812,36.77649008249665,9.194122520624163,3.6880633091938937,1.9139041271252812,3.205845309731994,0.007616702930225559,0.9303345280527441
lambda1_start_expansion96_s390_cont120000,early_0p18_0p28,True,42.02274710626237,10.505686776565593,52.78419972755156,13.19604993188789,2.9883825491806535,1.3531527485992574,4.840636951892261,0.007290887503807114,0.8582359868951648
lambda1_start_expansion96_s390_cont120000,central_0p20_0p30,True,25.709229058058067,6.427307264514517,42.465745130892365,10.616436282723091,3.715105864759337,1.7188672102478069,3.3416467382569617,0.007503379916367245,0.905644123932896
lambda1_start_expansion96_s390_cont120000,late_0p22_0p32,True,18.881895032497518,4.720473758124379,36.078723958239266,9.019680989559816,3.6671140843732144,1.9362601111248854,3.1872856231897897,0.007629692509455808,0.9332332777053184
lambda1_start_expansion96_s391_cont120000,early_0p18_0p28,True,42.89318083440357,10.723295208600893,53.21579969415134,13.303949923537836,2.921633491659286,1.3366662261621416,4.914058634093644,0.007281308279317064,0.8560993124631069
lambda1_start_expansion96_s391_cont120000,central_0p20_0p30,True,26.652200252271058,6.6630500630677645,43.21548756194623,10.803871890486558,3.700651772776629,1.6936539688851329,3.3626816658059284,0.007488730174430696,0.9023689312669098
lambda1_start_expansion96_s391_cont120000,late_0p22_0p32,True,19.543876255295103,4.885969063823776,36.81131985016192,9.20282996254048,3.6890415678726685,1.9126985924014215,3.20655407277524,0.0076160024739714005,0.9301878291432715
lambda1_start_expansion96_s392_cont120000,early_0p18_0p28,True,42.9749971473061,10.743749286826525,53.255850626796786,13.313962656699196,2.915182142730197,1.3351279167921186,4.920909571973557,0.007280414469791931,0.8558999360651508
lambda1_start_expansion96_s392_cont120000,central_0p20_0p30,True,26.743865751252475,6.685966437813119,43.287025373887374,10.821756343471844,3.6990241593518607,1.6912657659771158,3.364760672891409,0.007487342548151658,0.9020556991354703
lambda1_start_expansion96_s392_cont120000,late_0p22_0p32,True,19.60979205746372,4.90244801436593,36.8829364460808,9.2207341115202,3.690926245668426,1.910551710279796,3.208859202891499,0.007614755063192374,0.9298922474958062
lambda1_start_expansion96_s393_cont120000,early_0p18_0p28,True,41.84329523087393,10.460823807718482,52.693965414163245,13.173491353540811,3.0017266474000865,1.3565792706574697,4.825376844973274,0.007292878428463355,0.8586800800991995
lambda1_start_expansion96_s393_cont120000,central_0p20_0p30,True,25.52155622735575,6.380389056838937,42.31330039161668,10.57832509790417,3.7174882554597604,1.7239562740335608,3.337336510981467,0.007506336833730132,0.9063074288849737
lambda1_start_expansion96_s393_cont120000,late_0p22_0p32,True,18.752093479316283,4.688023369829071,35.931227558851845,8.982806889712961,3.662262327945356,1.9408680328265038,3.1831133363624113,0.007632369867072051,0.9338421727549332
lambda1_start_expansion96_s394_cont120000,early_0p18_0p28,True,43.75739121128964,10.93934780282241,53.63436320908885,13.408590802272213,2.851880249234353,1.3205116591027202,4.986001970164834,0.007271921932075428,0.8540056538867834
lambda1_start_expansion96_s394_cont120000,central_0p20_0p30,True,27.64610349834504,6.91152587458626,43.978473621915455,10.994618405478864,3.681113401472365,1.6678651771264268,3.4383455478520863,0.0074737460183404054,0.8990155711865152
lambda1_start_expansion96_s394_cont120000,late_0p22_0p32,True,20.263619283306248,5.065904820826562,37.5757325523032,9.3939331380758,3.7076899573822937,1.8881600697301693,3.2272427626791536,0.0076017447663063245,0.9269956476635774
lambda1_start_expansion96_s395_cont120000,early_0p18_0p28,True,42.72547049645283,10.681367624113207,53.13342516758058,13.283356291895146,2.934760953887946,1.3398256657724068,4.899988234305051,0.007283144020080764,0.8565087803368074
lambda1_start_expansion96_s395_cont120000,central_0p20_0p30,True,26.466146842529962,6.616536710632491,43.06962728854164,10.76740682213541,3.7038263135545972,1.698573249828291,3.358584844606488,0.007491588442246961,0.9030076926393872
lambda1_start_expansion96_s395_cont120000,late_0p22_0p32,True,19.41176093996176,4.85294023499044,36.667523499984185,9.166880874996046,3.685042946198238,1.917347398020776,3.2027987735143064,0.007618703586520045,0.9307871806026132
lambda1_start_expansion96_s396_cont120000,early_0p18_0p28,True,44.10764923475111,11.026912308687777,53.80117988048322,13.450294970120805,2.8225651111648244,1.3140231500880082,5.0148981048956465,0.007268151889927685,0.853164736016118
lambda1_start_expansion96_s396_cont120000,central_0p20_0p30,True,28.066294480379323,7.016573620094831,44.293140150150734,11.073285037537683,3.671599903719595,1.6571662007106183,3.4860690699670656,0.0074675295529037615,0.8976261571479902
lambda1_start_expansion96_s396_cont120000,late_0p22_0p32,True,20.574346553453896,5.143586638363474,37.89600243408982,9.474000608522456,3.7142641736023054,1.8777373430089501,3.235691706687262,0.007595688811241098,0.9256509155469796
lambda1_start_expansion96_s397_cont120000,early_0p18_0p28,True,42.54560449232594,10.636401123081486,53.044663682658026,13.261165920664507,2.9486965963342144,1.3432228307690057,4.8848581961602715,0.007285117887296018,0.856949090178713
lambda1_start_expansion96_s397_cont120000,central_0p20_0p30,True,26.268768019907846,6.567192004976961,42.91373324645522,10.728433311613806,3.7070341558801596,1.7037790331158715,3.3540954876692166,0.007494613177569312,0.9036889962803456
lambda1_start_expansion96_s397_cont120000,late_0p22_0p32,True,19.27154800596056,4.81788700149014,36.513123562562384,9.128280890640596,3.68066866244807,1.9220441602300824,3.1980348483810186,0.007621432563461723,0.9314246428502791
lambda1_start_expansion96_s398_cont120000,early_0p18_0p28,True,42.41388963936838,10.603472409842094,52.97939229199559,13.244848072998897,2.958808595676862,1.345717038153239,4.8737515874432775,0.007286567105743962,0.8572723009930223
lambda1_start_expansion96_s398_cont120000,central_0p20_0p30,True,26.126155803808505,6.531538950952126,42.80051457180248,10.70012864295062,3.709217889857129,1.7076479185001234,3.35107421267919,0.007496861130208409,0.9041844005204205
lambda1_start_expansion96_s398_cont120000,late_0p22_0p32,True,19.172577347658592,4.793144336914648,36.404366286940274,9.101091571735068,3.677306682479024,1.9259295164353238,3.196159518313898,0.007623690086202239,0.9318839832258378
