endpoint,max_abs_w_shift,max_rel_w_shift,max_matched,min_matched
exactbaseline_matched_reference_distance_b0p1_2p0_lam1e00_s303,0.06083695953957968,0.037494426075236134,1.8780512119761588,1.0920885634698867
exactbaseline_matched_reference_distance_b0p1_2p0_lam1e00_s304,0.074633015075527,0.04697316453917698,1.8928242947085345,1.114523683689003
exactbaseline_matched_reference_distance_b0p1_2p0_lam1e00_s305,0.04847658959945278,0.0359202433105024,1.8666692199836292,1.085465659813309
exactbaseline_matched_reference_distance_b0p1_2p0_lam1e00_s306,0.041777385154567526,0.04338867895234836,1.8599703614942051,1.080150354085046
exactbaseline_matched_reference_distance_b0p1_2p0_lam1e00_s307,0.0783563980253561,0.04392173213218043,1.8965474853781195,1.101658918280338
exactbaseline_matched_reference_distance_b0p1_2p0_lam1e00_s308,0.04764975396712856,0.04640196779414034,1.8658424270501515,1.078005788313876
exactbaseline_matched_reference_distance_b0p1_2p0_lam1e00_s309,0.06252138680093222,0.038532555427982736,1.8782059376433522,1.0985645230339838
exactbaseline_matched_reference_distance_b0p1_2p0_lam1e00_s310,0.0739778408201559,0.044188413448728606,1.8921691542871975,1.0982490168314412
exactbaseline_matched_reference_distance_b0p1_2p0_lam1e00_s311,0.046002520004115866,0.040162627809825935,1.8641952781524014,1.0824463433577447
exactbaseline_matched_reference_distance_b0p1_2p0_lam1e00_s312,0.05411632182397219,0.06211299283830354,1.8639041841005628,1.0668242095443918
exactbaseline_matched_reference_distance_b0p1_2p0_lam1e00_s313,0.07555974809249477,0.04333733840115488,1.8937509798678274,1.0933933374229312
exactbaseline_matched_reference_distance_b0p1_2p0_lam1e00_s314,0.06783546296676235,0.0394133123055996,1.8860270936340295,1.0890185128379257
exactbaseline_matched_reference_distance_b0p1_2p0_lam1e00_s315,0.050123704353175924,0.04439680283130778,1.868316249678246,1.079432869609635
exactbaseline_matched_reference_distance_b0p1_2p0_lam1e00_s316,0.05791180199258261,0.044544847081719574,1.8747998273086937,1.079327506118539
exactbaseline_matched_reference_distance_b0p1_2p0_lam1e00_s317,0.05278409806808071,0.03621482674038834,1.8709765060070265,1.0852560039941506
exactbaseline_matched_reference_distance_b0p1_2p0_lam1e00_s318,0.07481469003280239,0.04519788954970089,1.8930059602838833,1.0955645848914766
exactbaseline_matched_reference_distance_b0p1_2p0_lam1e00_s319,0.06895579186996059,0.04029333448445302,1.8871473646820145,1.0969978984085202
exactbaseline_matched_reference_distance_b0p1_2p0_lam1e00_s320,0.0581075081022604,0.03540979180383966,1.876299641133523,1.091911432055558
exactbaseline_matched_reference_distance_b0p1_2p0_lam1e00_s321,0.03906787721236782,0.04192424493002172,1.8572609934744508,1.0811925957164692
exactbaseline_matched_reference_distance_b0p1_2p0_lam1e00_s322,0.04959858743270473,0.042725626792001266,1.8677911598754822,1.0806222500904537
exactbaseline_matched_reference_distance_b0p1_2p0_lam1e00_s323,0.0711016782911642,0.04253930860430183,1.8892931402869066,1.0926182049006359
exactbaseline_matched_reference_distance_b0p1_2p0_lam1e00_s324,0.05011679021438198,0.034268633193385245,1.8683093358965068,1.0866411151746944
exactbaseline_matched_reference_distance_b0p1_2p0_lam1e00_s325,0.03758986117638918,0.04314444698655811,1.854539824344487,1.080324174631817
exactbaseline_matched_reference_distance_b0p1_2p0_lam1e00_s326,0.06394924012740688,0.03517328046212637,1.8821410714841778,1.1010233290877474
lambda1_start_expansion48_s327_cont320000,0.05204309312423305,0.03179242897214597,1.870235539329619,1.0983934290840247
lambda1_start_expansion48_s328_cont240000,0.05734790650924282,0.037011150021170586,1.8755400787673004,1.112926482227861
lambda1_start_expansion48_s329_cont200000,0.060444963851772116,0.03473967306170224,1.8786369761738388,1.1020882598997854
lambda1_start_expansion48_s330_cont120000,0.06937886563857631,0.03998608346158067,1.8875704166025613,1.0937592856664975
lambda1_start_expansion48_s331_cont120000,0.08396066076275721,0.05911116475541209,1.9017001600238097,1.127725281182419
lambda1_start_expansion48_s332_cont120000,0.07549012986739712,0.04455737916773026,1.8936813652379036,1.0998766003713465
lambda1_start_expansion48_s333_cont120000,0.05035393303506308,0.031033632089260837,1.8681954969040804,1.1074627717302539
lambda1_start_expansion48_s334_cont120000,0.05761410085280971,0.03374613992389669,1.875806259364252,1.0922047359697733
lambda1_start_expansion48_s335_cont120000,0.0463279613645895,0.03119021582738253,1.8645207027066681,1.0888320330916699
lambda1_start_expansion48_s336_cont120000,0.09918372696511679,0.06112792201820264,1.916855884814499,1.1069788007961072
lambda1_start_expansion48_s337_cont120000,0.10073070591561728,0.06208134060352413,1.9184501075210059,1.10105935911705
lambda1_start_expansion48_s338_cont120000,0.055236829200588033,0.044143814089153056,1.8734291104773702,1.0796129223776907
lambda1_start_expansion48_s339_cont120000,0.06743825761397915,0.03785655909573776,1.8856299087934374,1.092546923869691
lambda1_start_expansion48_s340_cont120000,0.0832239872800582,0.05129177497321216,1.8995211267446903,1.102374455186598
lambda1_start_expansion48_s341_cont120000,0.055439842620693014,0.037908082144322904,1.8736321134136031,1.1024025001823794
lambda1_start_expansion48_s342_cont120000,0.06539143411239223,0.03845599981683186,1.8835831909924265,1.1028036020491299
lambda1_start_expansion48_s343_cont120000,0.06339777795394497,0.03738076817653132,1.8815896377889256,1.0913683523976632
lambda1_start_expansion48_s344_cont120000,0.07046390859206753,0.04652633506189963,1.8886554035230507,1.1117180155693576
lambda1_start_expansion48_s345_cont120000,0.06542636243423061,0.037882934781345405,1.8836181175105218,1.0930258311240442
lambda1_start_expansion48_s346_cont120000,0.04503907052596645,0.04997062781192259,1.8632318784280117,1.0754659633834103
lambda1_start_expansion48_s347_cont120000,0.0717188247831686,0.04239089945408611,1.8899102549086793,1.091958855364397
lambda1_start_expansion48_s348_cont120000,0.06266082612594204,0.03448083868734086,1.880852724018055,1.0901555037085693
lambda1_start_expansion48_s349_cont160000,0.06764186708053188,0.03894080880057717,1.8858335077453376,1.1049493363617908
lambda1_start_expansion48_s350_cont120000,0.05822850553115444,0.03722801313068347,1.8764206323139556,1.0845349165158091
lambda1_start_expansion96_s351_cont120000,0.05689383832534389,0.03694765946238979,1.8750860340320616,1.0847344449753797
lambda1_start_expansion96_s352_cont120000,0.05719436494430141,0.035322027169990305,1.8753865451314413,1.1069820142852071
lambda1_start_expansion96_s353_cont120000,0.06658114282210903,0.038675454337472624,1.8847728382640683,1.0976446861237321
lambda1_start_expansion96_s354_cont120000,0.07963551370223598,0.04830081630723097,1.8978265349998347,1.0979102371775387
lambda1_start_expansion96_s355_cont120000,0.08640647775647059,0.06083310321996867,1.9034913063067445,1.1300749259852414
lambda1_start_expansion96_s356_cont120000,0.07899202195724087,0.0474228512849152,1.897183076485574,1.097998072546271
lambda1_start_expansion96_s357_cont120000,0.05085842674844199,0.03134455660595041,1.868442366593416,1.1088159427767135
lambda1_start_expansion96_s358_cont120000,0.058383596816860006,0.03447856112117418,1.8765757155905494,1.0921952902593886
lambda1_start_expansion96_s359_cont120000,0.04674900857528286,0.030862384012237745,1.8649417281739467,1.0890653518760192
lambda1_start_expansion96_s360_cont120000,0.1051508671628707,0.06590868684245284,1.9208198658136149,1.1077135212585092
lambda1_start_expansion96_s361_cont120000,0.10275237625710898,0.06332731623644909,1.9196328410109087,1.1041686532674135
lambda1_start_expansion96_s362_cont120000,0.058778537193141744,0.04131660674510603,1.8769706355716063,1.081625053446559
lambda1_start_expansion96_s363_cont120000,0.06983579484542446,0.03841933834853599,1.8880273222130024,1.0921949981240158
lambda1_start_expansion96_s364_cont120000,0.07242215959151821,0.04230655603604272,1.8906135533959223,1.0916392592666364
lambda1_start_expansion96_s365_cont120000,0.06031431047042446,0.03317400103315393,1.8785063295395985,1.0970917712416224
lambda1_start_expansion96_s366_cont120000,0.07467426148971157,0.045180844538388984,1.8928655389927016,1.1162524434463283
lambda1_start_expansion96_s367_cont120000,0.06276227323134975,0.03820399814097051,1.880954165884605,1.090830239041105
lambda1_start_expansion96_s368_cont120000,0.06987143842300014,0.04605600591263926,1.8880629639498985,1.1119850273000278
lambda1_start_expansion96_s369_cont120000,0.06154383508285122,0.035037593410278844,1.8797357906578063,1.0940572637466763
lambda1_start_expansion96_s370_cont120000,0.04760803071578579,0.048798040726868,1.8658007059534507,1.0763004967648262
lambda1_start_expansion96_s371_cont120000,0.06896914331039028,0.04000239377412913,1.8871607154329588,1.0879272898423427
lambda1_start_expansion96_s372_cont120000,0.061983002105556295,0.03409181270332172,1.8801749350013661,1.0895484464040477
lambda1_start_expansion96_s373_cont120000,0.04737962571700649,0.030869772542295264,1.8655723127497967,1.0890600934393102
lambda1_start_expansion96_s374_cont120000,0.06223405686935024,0.03464702754763193,1.880425976800372,1.0884031783645107
lambda1_start_expansion96_s375_cont120000,0.06917680589278774,0.04015873767099005,1.8873683672913957,1.0914260004445477
lambda1_start_expansion96_s376_cont120000,0.05762411443313198,0.0359366275197465,1.87581627242746,1.1079469374213158
lambda1_start_expansion96_s377_cont120000,0.05385698167403774,0.029622349186486634,1.8720493342079059,1.091283438382658
lambda1_start_expansion96_s378_cont120000,0.07493699876388149,0.04385001119828622,1.8931282626987835,1.091975312323727
lambda1_start_expansion96_s379_cont120000,0.08495975381848231,0.05981456029430416,1.9009060287488921,1.1281129448220242
lambda1_start_expansion96_s380_cont120000,0.06414927331527309,0.03543741647734516,1.882341094342075,1.0863832570190364
lambda1_start_expansion96_s381_cont120000,0.04979543751351767,0.030689425718587245,1.8677483659505805,1.1080600911890177
lambda1_start_expansion96_s382_cont120000,0.06352425901015835,0.037758770690323344,1.881716112313496,1.0934925660712
lambda1_start_expansion96_s383_cont120000,0.0468084940107687,0.032462000769690864,1.8650012105375287,1.0879269003285121
lambda1_start_expansion96_s384_cont120000,0.09150494424422817,0.05531439764282166,1.9096953525892966,1.0991367188506933
lambda1_start_expansion96_s385_cont120000,0.10079186028115683,0.06211903065008882,1.918741916791645,1.1036221653635039
lambda1_start_expansion96_s386_cont120000,0.059257639327846334,0.03986065584988247,1.8774497129648657,1.0826612576136123
lambda1_start_expansion96_s387_cont120000,0.06397975770553188,0.03519006570198656,1.882171587486336,1.0878246529480586
lambda1_start_expansion96_s388_cont120000,0.07188500253280239,0.0416811069787227,1.890076424076682,1.0943322605108676
lambda1_start_expansion96_s389_cont120000,0.06536878434737758,0.03671424945833477,1.8835605423970745,1.102997385179704
lambda1_start_expansion96_s390_cont120000,0.07028998223861294,0.04135497419762984,1.8884814861513748,1.1078518960467227
lambda1_start_expansion96_s391_cont120000,0.07738726204507285,0.047694542887636845,1.8929971392520095,1.0991350634169144
lambda1_start_expansion96_s392_cont120000,0.0827971824797018,0.051376499504397315,1.9009880405046926,1.1207130584524574
lambda1_start_expansion96_s393_cont120000,0.054150832572780416,0.030015576372867513,1.8723431699318134,1.0896680271499497
lambda1_start_expansion96_s394_cont120000,0.04534663049300747,0.04961228410413286,1.863539422512264,1.0757209975637987
lambda1_start_expansion96_s395_cont120000,0.07048643914779262,0.04137282737758153,1.8886779329152692,1.0916682780469937
lambda1_start_expansion96_s396_cont120000,0.060823095718227194,0.03345384245394805,1.879015088513082,1.0889833592147413
lambda1_start_expansion96_s397_cont120000,0.043440354743800924,0.030182228773053803,1.8616332452055682,1.0895494201886236
lambda1_start_expansion96_s398_cont120000,0.06394232598861294,0.03780446895340957,1.8821341577024386,1.0898162371623785
