endpoint,profile,optimizer_success,data_chi2_per_row,data_chi2,total_chi2,total_chi2_per_row,matching_nuisance_sigma,nlo_scale_nuisance_sigma,max_absolute_pull,min_prediction,max_prediction,pass_operational_gate
exactbaseline_matched_reference_distance_b0p1_2p0_lam1e00_s303,early_0p18_0p28,True,0.9141470095013574,21.93952822803258,25.032752199769018,1.0430313416570425,1.3607275554315426,0.9605605319144724,2.467526903980229,1.4302776159953619,3.907731123703686,True
exactbaseline_matched_reference_distance_b0p1_2p0_lam1e00_s303,central_0p20_0p30,True,0.9382816093467747,22.518758624322597,25.618137565578934,1.067422398565789,1.3541412042002745,0.9256995626750113,2.4349783684342214,1.4227540236349385,3.9080807404491433,True
exactbaseline_matched_reference_distance_b0p1_2p0_lam1e00_s303,late_0p22_0p32,True,0.9484303210358317,22.762327704859953,25.82745379009386,1.0761439079205775,1.3500240255376164,0.8840112568645325,2.394332410886809,1.420155472535753,3.9112304026914275,True
exactbaseline_matched_reference_distance_b0p1_2p0_lam1e00_s304,early_0p18_0p28,True,0.9192567318632596,22.06216156471823,25.15491287417991,1.0481213697574963,1.360269606691244,0.9616193611926143,2.465485915249478,1.4313581556905381,3.9010483427384672,True
exactbaseline_matched_reference_distance_b0p1_2p0_lam1e00_s304,central_0p20_0p30,True,0.9449833565231653,22.679600556555968,25.781673153875992,1.0742363814114997,1.3536560429227522,0.929649843117958,2.4316210317920843,1.424816495767908,3.9004121799048637,True
exactbaseline_matched_reference_distance_b0p1_2p0_lam1e00_s304,late_0p22_0p32,True,0.9550754402022633,22.921810564854315,25.99253076666161,1.083022115277567,1.3503122533785104,0.8905565922993048,2.3823789002650106,1.4225142675884368,3.904234944713737,True
exactbaseline_matched_reference_distance_b0p1_2p0_lam1e00_s305,early_0p18_0p28,True,0.9149338120099181,21.95841148823804,25.036394000376934,1.043183083349039,1.355194677080797,0.9622464603727047,2.46739520423862,1.4308677537142558,3.903387042876538,True
exactbaseline_matched_reference_distance_b0p1_2p0_lam1e00_s305,central_0p20_0p30,True,0.9395430722986843,22.54903373516842,25.63862852871243,1.0682761886963512,1.3488558739092253,0.9305639221483342,2.4305883345778763,1.4242008504456827,3.90349260781113,True
exactbaseline_matched_reference_distance_b0p1_2p0_lam1e00_s305,late_0p22_0p32,True,0.9491673837170772,22.78001720920985,25.844965708093653,1.0768735711705688,1.345567465259985,0.8934323403455561,2.3759064323614885,1.4222904165054877,3.907783330489781,True
exactbaseline_matched_reference_distance_b0p1_2p0_lam1e00_s306,early_0p18_0p28,True,0.9132153926393108,21.91716942334346,24.996418332158527,1.0415174305066053,1.3562569252595533,0.9620381322231545,2.46701433009736,1.4305581398705696,3.9070988611965913,True
exactbaseline_matched_reference_distance_b0p1_2p0_lam1e00_s306,central_0p20_0p30,True,0.9366572970978009,22.479775130347218,25.567144906930913,1.0652977044554548,1.349969319542602,0.9290932578863956,2.4308604243767618,1.423462415790035,3.9074212749112776,True
exactbaseline_matched_reference_distance_b0p1_2p0_lam1e00_s306,late_0p22_0p32,True,0.9459250842294674,22.702202021507222,25.761730474663235,1.0734054364443015,1.3462695416291126,0.8909544487580991,2.3818213180311543,1.4214071050438322,3.9110536323511322,True
exactbaseline_matched_reference_distance_b0p1_2p0_lam1e00_s307,early_0p18_0p28,True,0.9190244223089835,22.0565861354156,25.151121030276116,1.0479633762615048,1.3603323225185,0.959452483986515,2.465209709883171,1.430691947038603,3.9010371988174506,True
exactbaseline_matched_reference_distance_b0p1_2p0_lam1e00_s307,central_0p20_0p30,True,0.9448076211517367,22.675382907641684,25.780042809746032,1.0741684504060847,1.3530648873606845,0.9263967405835333,2.432019762672313,1.4238538800345144,3.9001734898406855,True
exactbaseline_matched_reference_distance_b0p1_2p0_lam1e00_s307,late_0p22_0p32,True,0.954973981655627,22.91937555973505,25.994337266393856,1.083097386099744,1.3493025682962658,0.8869562545688935,2.3837634382494106,1.421601109270046,3.903799887740313,True
exactbaseline_matched_reference_distance_b0p1_2p0_lam1e00_s308,early_0p18_0p28,True,0.9147385504413336,21.953725210592008,25.03169108492816,1.0429871285386734,1.3553261053049384,0.9611183457869081,2.4660682955106035,1.4305271517047202,3.9042248201383183,True
exactbaseline_matched_reference_distance_b0p1_2p0_lam1e00_s308,central_0p20_0p30,True,0.9386846665525338,22.528431997260807,25.61683934397923,1.0673683059991346,1.3486412075190626,0.9289463596316593,2.429186442871059,1.4236970730614755,3.9039992554058394,True
exactbaseline_matched_reference_distance_b0p1_2p0_lam1e00_s308,late_0p22_0p32,True,0.9477933670576975,22.74704080938474,25.81119440900006,1.0754664337083357,1.3450513272693125,0.8922591570935432,2.375695015842516,1.4219114126511803,3.907872795336631,True
exactbaseline_matched_reference_distance_b0p1_2p0_lam1e00_s309,early_0p18_0p28,True,0.9130766057590316,21.91383853821676,25.011195830905244,1.042133159621052,1.3623297807463175,0.9612657005154143,2.4689406156044718,1.4303134558972104,3.909654902838873,True
exactbaseline_matched_reference_distance_b0p1_2p0_lam1e00_s309,central_0p20_0p30,True,0.9373418913609903,22.496205392663764,25.598507544845248,1.0666044810352187,1.356043425302219,0.9255277606445282,2.4373175791390573,1.4225358509788153,3.910579058024324,True
exactbaseline_matched_reference_distance_b0p1_2p0_lam1e00_s309,late_0p22_0p32,True,0.9480983003421132,22.754359208210715,25.81918739410801,1.0757994747545003,1.3518013133308082,0.8818736952513654,2.400334294492999,1.4195766967715824,3.913662512330437,True
exactbaseline_matched_reference_distance_b0p1_2p0_lam1e00_s310,early_0p18_0p28,True,0.9145706599841749,21.949695839620198,25.051608299886706,1.0438170124952795,1.362951476586953,0.9594861589176419,2.4689161639033705,1.4300349725747974,3.9066577574731562,True
exactbaseline_matched_reference_distance_b0p1_2p0_lam1e00_s310,central_0p20_0p30,True,0.9398802656751818,22.557126376204366,25.666692410861636,1.0694455171192347,1.3560737409295407,0.9236043868086775,2.438051653678756,1.422307929692552,3.9071684588285693,True
exactbaseline_matched_reference_distance_b0p1_2p0_lam1e00_s310,late_0p22_0p32,True,0.9510429496495613,22.825030791589473,25.899235366965698,1.079134806956904,1.3517806422487302,0.8798351453947116,2.3993037272248245,1.4193983876128229,3.910480809163407,True
exactbaseline_matched_reference_distance_b0p1_2p0_lam1e00_s311,early_0p18_0p28,True,0.9132730034248725,21.918552082196946,25.000676608989547,1.0416948587078978,1.3571074916196844,0.9616969571647755,2.467274265370534,1.4304715870786768,3.9070398952963714,True
exactbaseline_matched_reference_distance_b0p1_2p0_lam1e00_s311,central_0p20_0p30,True,0.9369439654016812,22.486655169640347,25.576946384807492,1.065706099366979,1.3507346671388618,0.9283878471244117,2.431621542859283,1.423292297827234,3.9073934659342577,True
exactbaseline_matched_reference_distance_b0p1_2p0_lam1e00_s311,late_0p22_0p32,True,0.9464398016091816,22.71455523862036,25.776314677797444,1.0740131115748934,1.3469536182621067,0.8895963625177746,2.3835168846424595,1.4211377300531751,3.9110041458769733,True
exactbaseline_matched_reference_distance_b0p1_2p0_lam1e00_s312,early_0p18_0p28,True,0.9151939916876272,21.964655800503053,25.0389312036205,1.0432888001508542,1.3538359738977603,0.9600406741702288,2.4647658085977673,1.430288411877978,3.9032818097535333,True
exactbaseline_matched_reference_distance_b0p1_2p0_lam1e00_s312,central_0p20_0p30,True,0.9388661048895411,22.532786517348992,25.61868408110814,1.0674451700461725,1.3467388420698758,0.9282120387874127,2.4267732862553126,1.4235456309482462,3.902591305448161,True
exactbaseline_matched_reference_distance_b0p1_2p0_lam1e00_s312,late_0p22_0p32,True,0.9474349051340032,22.738437723216077,25.8038782332405,1.0751615930516876,1.3430608569219262,0.8932245315140221,2.3700339110573534,1.422105610946523,3.9064306355193215,True
exactbaseline_matched_reference_distance_b0p1_2p0_lam1e00_s313,early_0p18_0p28,True,0.9158767166729245,21.981041200150187,25.080292133947097,1.0450121722477956,1.361635967466546,0.958892939116374,2.468331353468094,1.4300427090722785,3.904609825859675,True
exactbaseline_matched_reference_distance_b0p1_2p0_lam1e00_s313,central_0p20_0p30,True,0.941521918490134,22.596526043763212,25.70504414307646,1.071043505961519,1.3545233834315935,0.9236000177540808,2.4374478629896315,1.4225216282110253,3.904740192331528,True
exactbaseline_matched_reference_distance_b0p1_2p0_lam1e00_s313,late_0p22_0p32,True,0.9525479317282951,22.861150361479083,25.936510841361024,1.080687951723376,1.3503770571550262,0.8809033294472023,2.3965047393031274,1.4198152341289483,3.9082126523500555,True
exactbaseline_matched_reference_distance_b0p1_2p0_lam1e00_s314,early_0p18_0p28,True,0.9153295176991327,21.967908424779186,25.06159365639875,1.0442330690166146,1.3601496159104103,0.9593613062262396,2.4672633187148967,1.4301110229366638,3.904890306969631,True
exactbaseline_matched_reference_distance_b0p1_2p0_lam1e00_s314,central_0p20_0p30,True,0.9402812288319766,22.566749491967435,25.669620955038283,1.0695675397932618,1.3530788949320964,0.9248561922731435,2.434237741975954,1.4227412918027478,3.904853200028,True
exactbaseline_matched_reference_distance_b0p1_2p0_lam1e00_s314,late_0p22_0p32,True,0.9506006143474034,22.814414744337682,25.88689266486726,1.0786205277028025,1.3489922051904746,0.8840242730115758,2.389374956248246,1.4203231819322362,3.908340819273714,True
exactbaseline_matched_reference_distance_b0p1_2p0_lam1e00_s315,early_0p18_0p28,True,0.9154145897875274,21.969950154900655,25.048094686551906,1.0436706119396628,1.3553102376925343,0.9609904748125029,2.465691264768294,1.430589391655879,3.9033661457976527,True
exactbaseline_matched_reference_distance_b0p1_2p0_lam1e00_s315,central_0p20_0p30,True,0.9395162361798203,22.54838966831569,25.637394013386356,1.068224750557765,1.3485497144488563,0.9291126826552757,2.428681166516979,1.4238621856232003,3.9029632495535536,True
exactbaseline_matched_reference_distance_b0p1_2p0_lam1e00_s315,late_0p22_0p32,True,0.9485660265927356,22.765584638225658,25.830866998384327,1.0762861249326803,1.3450192543004948,0.8927993490264471,2.374133214683286,1.4221406666840604,3.906884426679263,True
exactbaseline_matched_reference_distance_b0p1_2p0_lam1e00_s316,early_0p18_0p28,True,0.9139628132204515,21.935107517290835,25.02481443489808,1.0427006014540867,1.3591062546312416,0.9596055014718576,2.4674095461917678,1.4299601098272972,3.9072417496311314,True
exactbaseline_matched_reference_distance_b0p1_2p0_lam1e00_s316,central_0p20_0p30,True,0.9379647335436818,22.511153605048364,25.60848848653783,1.067020353605743,1.3522454989608221,0.9247668260646161,2.434506986034153,1.4224263021213788,3.9074363833444403,True
exactbaseline_matched_reference_distance_b0p1_2p0_lam1e00_s316,late_0p22_0p32,True,0.9478688826979976,22.748853184751948,25.814807929257007,1.0756169970523752,1.3480928818367643,0.8840043077818305,2.3921657068287168,1.4200574130051233,3.9106482525282185,True
exactbaseline_matched_reference_distance_b0p1_2p0_lam1e00_s317,early_0p18_0p28,True,0.9154131104390187,21.969914650536445,25.05086512592443,1.043786046913518,1.3563626798558834,0.961190123214354,2.465966204468513,1.430660295901884,3.903784587126759,True
exactbaseline_matched_reference_distance_b0p1_2p0_lam1e00_s317,central_0p20_0p30,True,0.9395419075453425,22.54900578108822,25.639973930402718,1.0683322471001133,1.3497234314291247,0.9290951559616887,2.4296298631896827,1.423886355363973,3.9034874663897807,True
exactbaseline_matched_reference_distance_b0p1_2p0_lam1e00_s317,late_0p22_0p32,True,0.9487238728713079,22.769372948911386,25.83447753778639,1.0764365640744329,1.346201393749494,0.8919881626424898,2.3770151588002957,1.4220224196257245,3.9073269122437218,True
exactbaseline_matched_reference_distance_b0p1_2p0_lam1e00_s318,early_0p18_0p28,True,0.9144143896142439,21.945945350741855,25.04853564150879,1.0436889850628661,1.3630199893851744,0.9589571112419973,2.4689960275933203,1.429858510009034,3.9067704204507603,True
exactbaseline_matched_reference_distance_b0p1_2p0_lam1e00_s318,central_0p20_0p30,True,0.9398030957790051,22.555274298696126,25.665689373188247,1.0694037238828435,1.3559869947816559,0.922671134256089,2.43850315166754,1.422024772191337,3.907266440494381,True
exactbaseline_matched_reference_distance_b0p1_2p0_lam1e00_s318,late_0p22_0p32,True,0.951096309219691,22.826311421272592,25.901523523769328,1.079230146823722,1.351560801120084,0.8785697437092531,2.4005588266906477,1.4190771676026177,3.9105166732523493,True
exactbaseline_matched_reference_distance_b0p1_2p0_lam1e00_s319,early_0p18_0p28,True,0.9149795090310137,21.959508216744332,25.056898522050943,1.0440374384187894,1.3615668212184262,0.9601719817195082,2.468531836212838,1.43028437460887,3.906112254319054,True
exactbaseline_matched_reference_distance_b0p1_2p0_lam1e00_s319,central_0p20_0p30,True,0.940099776080868,22.562394625940836,25.66762028800055,1.0694841786666895,1.3548763814656666,0.9251442275233285,2.4370164571105115,1.4227860274743886,3.9065261772987934,True
exactbaseline_matched_reference_distance_b0p1_2p0_lam1e00_s319,late_0p22_0p32,True,0.9509195065823773,22.82206815797706,25.8927837679742,1.0788659903322584,1.3508377275579708,0.8824948925640491,2.396418340827785,1.420040758739885,3.909957169528202,True
exactbaseline_matched_reference_distance_b0p1_2p0_lam1e00_s320,early_0p18_0p28,True,0.9146040409249329,21.95049698219838,25.041975736828782,1.0434156557011993,1.3600158872632797,0.960930331741318,2.467889492310354,1.4304380125971918,3.90723308997531,True
exactbaseline_matched_reference_distance_b0p1_2p0_lam1e00_s320,central_0p20_0p30,True,0.9388869599161943,22.533287037988664,25.631293828138013,1.0679705761724172,1.3535933128348299,0.9264272605762675,2.4357920936080477,1.4230353113111125,3.907629514965448,True
exactbaseline_matched_reference_distance_b0p1_2p0_lam1e00_s320,late_0p22_0p32,True,0.9490844849745318,22.77802763938876,25.841320333206877,1.0767216805502866,1.349684447995731,0.8847974653423251,2.395317597269036,1.420446712393919,3.9109045253555133,True
exactbaseline_matched_reference_distance_b0p1_2p0_lam1e00_s321,early_0p18_0p28,True,0.9131894859975409,21.916547663940978,24.99356890615238,1.0413987044230157,1.3555324250413499,0.9626914884668064,2.467275986387223,1.4307380817527637,3.906739608805345,True
exactbaseline_matched_reference_distance_b0p1_2p0_lam1e00_s321,central_0p20_0p30,True,0.9366786880092767,22.480288512222636,25.566025112580444,1.0652510463575184,1.3494251011188854,0.9302958457752843,2.430501434383257,1.4237857305375827,3.9071477450098753,True
exactbaseline_matched_reference_distance_b0p1_2p0_lam1e00_s321,late_0p22_0p32,True,0.9459039220139417,22.701694128334598,25.760373656221887,1.0733489023425786,1.345912613212994,0.8926540184480173,2.3795911992873253,1.4217902149519845,3.9109865925566925,True
exactbaseline_matched_reference_distance_b0p1_2p0_lam1e00_s322,early_0p18_0p28,True,0.9161890585408564,21.98853740498056,25.065482148357738,1.0443950895149057,1.3551511910747487,0.9610455414931162,2.4644418369676453,1.4307257134429245,3.903055713640405,True
exactbaseline_matched_reference_distance_b0p1_2p0_lam1e00_s322,central_0p20_0p30,True,0.9399608882568312,22.559061318163945,25.64619839251133,1.068591599687972,1.3483517421911766,0.9296692158932748,2.4268918659616485,1.4241408407214486,3.9023260342472876,True
exactbaseline_matched_reference_distance_b0p1_2p0_lam1e00_s322,late_0p22_0p32,True,0.9485252957989118,22.764607099173883,25.828230054651733,1.0761762522771556,1.3448703266644477,0.8942780725927421,2.37136838099489,1.4225648219062565,3.9061071660202615,True
exactbaseline_matched_reference_distance_b0p1_2p0_lam1e00_s323,early_0p18_0p28,True,0.9147600487563675,21.95424117015282,25.05292296413669,1.0438717901723622,1.3618104068944943,0.9592117803827601,2.468269559557428,1.4299823675715995,3.9061970173198244,True
exactbaseline_matched_reference_distance_b0p1_2p0_lam1e00_s323,central_0p20_0p30,True,0.9398680111108911,22.55683226666138,25.66363101692067,1.0693179590383612,1.354807924485002,0.9236713360016934,2.4368112890014895,1.422339135987764,3.906490392332333,True
exactbaseline_matched_reference_distance_b0p1_2p0_lam1e00_s323,late_0p22_0p32,True,0.9507020635891026,22.816849526138462,25.890080137710157,1.0787533390712565,1.3505383890086757,0.8809177827347967,2.3964134270504904,1.4196123291256229,3.909805821622009,True
exactbaseline_matched_reference_distance_b0p1_2p0_lam1e00_s324,early_0p18_0p28,True,0.9149958214436665,21.959899714647996,25.040519550054682,1.0433549812522784,1.3564310023998631,0.9617894838946921,2.466421799775788,1.430756968043707,3.904523822325705,True
exactbaseline_matched_reference_distance_b0p1_2p0_lam1e00_s324,central_0p20_0p30,True,0.9391051342863074,22.538523222871383,25.628666533115556,1.0678611055464815,1.3499791674136823,0.9295867970655662,2.430186447860795,1.4239384815607377,3.904451294551936,True
exactbaseline_matched_reference_distance_b0p1_2p0_lam1e00_s324,late_0p22_0p32,True,0.9484366982257422,22.762480757417812,25.82583751483083,1.0760765631179512,1.346472960973135,0.8920537933431576,2.3784727514690123,1.4219744060353485,3.9083044137415555,True
exactbaseline_matched_reference_distance_b0p1_2p0_lam1e00_s325,early_0p18_0p28,True,0.9138812077600926,21.933148986242223,25.00599759266009,1.0419165663608372,1.3543558315513486,0.9629700996166403,2.46584786869685,1.4309291123970407,3.905664924915962,True
exactbaseline_matched_reference_distance_b0p1_2p0_lam1e00_s325,central_0p20_0p30,True,0.9370514863064042,22.4892356713537,25.571055241134147,1.0654606350472562,1.3482052971242335,0.9316115380994408,2.427552530015685,1.4242499224620508,3.905667396305083,True
exactbaseline_matched_reference_distance_b0p1_2p0_lam1e00_s325,late_0p22_0p32,True,0.9456609718256824,22.695863323816383,25.753076284385326,1.073044845182722,1.3448317730451043,0.8958733841202973,2.372908487621675,1.4225464802676608,3.9095457666905293,True
exactbaseline_matched_reference_distance_b0p1_2p0_lam1e00_s326,early_0p18_0p28,True,0.9155040142209102,21.972096341301846,25.06328478642956,1.0443035327678982,1.359741623707817,0.9616454975058956,2.4679703599787093,1.4307893365885762,3.9045268694437696,True
exactbaseline_matched_reference_distance_b0p1_2p0_lam1e00_s326,central_0p20_0p30,True,0.9406057525454846,22.57453806109163,25.674810501538964,1.069783770897457,1.3533516782017234,0.9283686366967437,2.434148859654949,1.4237553193492505,3.904803419851012,True
exactbaseline_matched_reference_distance_b0p1_2p0_lam1e00_s326,late_0p22_0p32,True,0.9509802333361898,22.823525600068553,25.8923151030358,1.0788464626264915,1.349761188604143,0.8879063810600623,2.3872619901233483,1.421296669761913,3.9086602356080022,True
lambda1_start_expansion48_s327_cont320000,early_0p18_0p28,True,0.9143516075558439,21.944438581340254,25.03292244260932,1.0430384351087216,1.35969534443774,0.962516778857861,2.4673289802698917,1.4308706607535868,3.907891287856766,True
lambda1_start_expansion48_s327_cont320000,central_0p20_0p30,True,0.9381363222419963,22.515271733807914,25.609097200809487,1.0670457167003953,1.3536815701068712,0.9288773228019972,2.433781810756247,1.4236634489286966,3.9083593390254694,True
lambda1_start_expansion48_s327_cont320000,late_0p22_0p32,True,0.9479164311082479,22.74999434659794,25.808874546179098,1.0753697727574625,1.3499710182469724,0.8881671637389769,2.391478110413606,1.4211442520118422,3.9116591727070174,True
lambda1_start_expansion48_s328_cont240000,early_0p18_0p28,True,0.9164204519310237,21.994090846344573,25.082933174912633,1.0451222156213598,1.360171291559105,0.9634947835795848,2.4657432327903206,1.4314827553605785,3.9058401849547857,True
lambda1_start_expansion48_s328_cont240000,central_0p20_0p30,True,0.9404605795378028,22.571053908907267,25.665189915012114,1.0693829131255048,1.3542697217033313,0.9312581684798538,2.4310336176377265,1.4247175828935366,3.905837518628617,True
lambda1_start_expansion48_s328_cont240000,late_0p22_0p32,True,0.949900924547812,22.797622189147482,25.85708398614895,1.077378499422873,1.35086722766251,0.8918446899801059,2.385089653717587,1.4223206619058326,3.9092596156471564,True
lambda1_start_expansion48_s329_cont200000,early_0p18_0p28,True,0.9155668136236624,21.973603526967903,25.064567079164046,1.0443569616318353,1.360183350996182,0.9619610715596655,2.4670383404028193,1.430894831418592,3.9059242062274575,True
lambda1_start_expansion48_s329_cont200000,central_0p20_0p30,True,0.9400303461709113,22.56072830810187,25.658486620133605,1.0691036091722335,1.3539053103647152,0.928561321086578,2.4334567591733034,1.423810699184446,3.906115873890424,True
lambda1_start_expansion48_s329_cont200000,late_0p22_0p32,True,0.9500262144675963,22.800629147222303,25.864739278591614,1.0776974699413173,1.350229567076281,0.8880480914275795,2.38907531066364,1.4213282295377758,3.9095980983506853,True
lambda1_start_expansion48_s330_cont120000,early_0p18_0p28,True,0.9158973822081973,21.98153717299673,25.07640442789806,1.0448501844957525,1.36060926262452,0.9597016313147735,2.4674310266700936,1.4302801385982369,3.9047697234654932,True
lambda1_start_expansion48_s330_cont120000,central_0p20_0p30,True,0.9410830312263192,22.58599274943166,25.689473526981075,1.070394730290878,1.353664290505897,0.9251730694352392,2.435303516781841,1.4229367219709985,3.9047668149026404,True
lambda1_start_expansion48_s330_cont120000,late_0p22_0p32,True,0.9516202607262625,22.838886257430296,25.91000474705774,1.0795835311274058,1.3496500245246104,0.8836953755584398,2.3922665581025733,1.4203836965344474,3.908225109575209,True
lambda1_start_expansion48_s331_cont120000,early_0p18_0p28,True,0.9189351724473619,22.054444138736685,25.162309317703304,1.0484295549043043,1.3659758134059663,0.961220941579953,2.4663207323399607,1.4311853760063071,3.9056610000250562,True
lambda1_start_expansion48_s331_cont120000,central_0p20_0p30,True,0.9443780095897151,22.66507223015316,25.77589060140379,1.073995441725158,1.3595762203745443,0.9263912105908242,2.437696239305721,1.4239032023199754,3.9055272907273695,True
lambda1_start_expansion48_s331_cont120000,late_0p22_0p32,True,0.9552926557036319,22.92702373688717,25.993875079217805,1.0830781283007418,1.3556484421533563,0.8818700692035976,2.404535854334125,1.4207197425904423,3.908299896063301,True
lambda1_start_expansion48_s332_cont120000,early_0p18_0p28,True,0.9150249569670033,21.960598967208078,25.06252169796704,1.0442717374152932,1.3629434346037907,0.959474302603205,2.4686402478484895,1.4301026350737078,3.9060717143221466,True
lambda1_start_expansion48_s332_cont120000,central_0p20_0p30,True,0.9404692851826914,22.57126284438459,25.680970992580228,1.0700404580241762,1.3560274078047134,0.9237788426542407,2.4377946592072437,1.4224448348802343,3.906461461028506,True
lambda1_start_expansion48_s332_cont120000,late_0p22_0p32,True,0.9516375028814976,22.839300069155943,25.91378135466719,1.0797408897777996,1.3517719039774758,0.8801870658952756,2.398626798029388,1.4195534240987355,3.9097961533519183,True
lambda1_start_expansion48_s333_cont120000,early_0p18_0p28,True,0.9142850005737208,21.942840013769295,25.031776404248443,1.0429906835103517,1.360391578885595,0.9637171466364485,2.467014298664421,1.4312362269799839,3.9087728377203224,True
lambda1_start_expansion48_s333_cont120000,central_0p20_0p30,True,0.937751140932433,22.506027382378388,25.598867121588587,1.0666194633995245,1.354718408680073,0.9304344707946749,2.432850200265785,1.4241155514338644,3.909362846996311,True
lambda1_start_expansion48_s333_cont120000,late_0p22_0p32,True,0.94735185452253,22.73644450854072,25.792725411833093,1.0746968921597122,1.351099451178336,0.8897202210927503,2.390648262000118,1.4215242314448773,3.912596297539885,True
lambda1_start_expansion48_s334_cont120000,early_0p18_0p28,True,0.9144394902309209,21.9465477655421,25.036441406690027,1.0431850586120845,1.3594629369898057,0.9612136961112225,2.4679208669673063,1.4304936558469026,3.906551448533652,True
lambda1_start_expansion48_s334_cont120000,central_0p20_0p30,True,0.9389403472309286,22.534568333542286,25.63215324627519,1.0680063852614663,1.3530132500480683,0.9271125523898418,2.4346389536830007,1.4231872605662377,3.906949236095924,True
lambda1_start_expansion48_s334_cont120000,late_0p22_0p32,True,0.9491830676941072,22.78039362465857,25.845536000326142,1.0768973333469225,1.349157380181278,0.8861586077711333,2.3908811639519896,1.4206804346452548,3.9104664838309318,True
lambda1_start_expansion48_s335_cont120000,early_0p18_0p28,True,0.9136051377728863,21.92652330654927,25.009373071896523,1.0420572113290218,1.3575760789884561,0.9623789028326357,2.467245709523092,1.4307270286206675,3.9071485845095544,True
lambda1_start_expansion48_s335_cont120000,central_0p20_0p30,True,0.9372656796066229,22.494376310558952,25.584697234042892,1.0660290514184538,1.3514179809390614,0.9293355338956714,2.4316809734101463,1.4236342514555262,3.907556768677816,True
lambda1_start_expansion48_s335_cont120000,late_0p22_0p32,True,0.9467505953579377,22.722014288590504,25.782339327308573,1.0742641386378573,1.3477575245548603,0.8903606660566947,2.3840442540083333,1.4214145316600248,3.9111678699519463,True
lambda1_start_expansion48_s336_cont120000,early_0p18_0p28,True,0.9151765122753049,21.964236294607318,25.085149295311847,1.045214553971327,1.3685500383914433,0.9565529833656462,2.4698172472977356,1.4293071131956379,3.90708270010883,True
lambda1_start_expansion48_s336_cont120000,central_0p20_0p30,True,0.9415586787277359,22.597408289465665,25.725009073991984,1.0718753780829993,1.3609217557773057,0.9177530402398582,2.4433102098118944,1.4208983305715828,3.907592000674351,True
lambda1_start_expansion48_s336_cont120000,late_0p22_0p32,True,0.9540577404087948,22.89738576981107,25.984160811078993,1.0826733671282913,1.3558395793972002,0.8694993434325263,2.4141400466541034,1.4173518049270828,3.9103494005265023,True
lambda1_start_expansion48_s337_cont120000,early_0p18_0p28,True,0.9156713927926227,21.976113427022945,25.097588433460547,1.0457328513941895,1.3682581696128253,0.9556773549329409,2.4700964089275783,1.4291079114845233,3.9066775395080637,True
lambda1_start_expansion48_s337_cont120000,central_0p20_0p30,True,0.942346085161062,22.61630604386549,25.745262239257837,1.0727192599690765,1.3604090289825486,0.9164240714838215,2.4447294702816316,1.4206125539274446,3.907129780965426,True
lambda1_start_expansion48_s337_cont120000,late_0p22_0p32,True,0.955069971339586,22.92167931215007,26.009878149930483,1.0837449229137701,1.3552462070898952,0.8676813434076075,2.4171350940545673,1.4170345732172676,3.9098617597168417,True
lambda1_start_expansion48_s338_cont120000,early_0p18_0p28,True,0.9175013884429442,22.020033322630653,25.09686529289592,1.04570272053733,1.3544320224460282,0.9602957500049841,2.4645652296373277,1.4307022508431806,3.9006357267532152,True
lambda1_start_expansion48_s338_cont120000,central_0p20_0p30,True,0.9421003907835855,22.610409378806057,25.699717396038942,1.0708215581682892,1.34737175519546,0.9292016073297062,2.427511933877331,1.4242711482850594,3.8996556783734064,True
lambda1_start_expansion48_s338_cont120000,late_0p22_0p32,True,0.9510072346266746,22.824173631040193,25.891782472205147,1.0788242696752144,1.3439966928614584,0.8940671788409411,2.370280773819181,1.422752791969967,3.9037005516538366,True
lambda1_start_expansion48_s339_cont120000,early_0p18_0p28,True,0.9160284067612595,21.98468176227023,25.07660899848167,1.0448587082700695,1.359644101878912,0.9599145006991208,2.466947317442495,1.4303723282307514,3.9039803637900428,True
lambda1_start_expansion48_s339_cont120000,central_0p20_0p30,True,0.9410840580239433,22.586017392574643,25.68733377865749,1.0703055741107288,1.3527024913477932,0.9261004140324649,2.433611699409044,1.4232106657314527,3.903822410656331,True
lambda1_start_expansion48_s339_cont120000,late_0p22_0p32,True,0.951290062171822,22.830961492123727,25.90210143586937,1.079254226494557,1.3488246649967066,0.8858934223859823,2.387351724711059,1.4208608513622427,3.9074291138720754,True
lambda1_start_expansion48_s340_cont120000,early_0p18_0p28,True,0.9154216882175468,21.970120517221126,25.07862254680318,1.0449426061167992,1.3652608524290353,0.958514595416333,2.4682017010559076,1.4298858005188355,3.90747396719849,True
lambda1_start_expansion48_s340_cont120000,central_0p20_0p30,True,0.9405581900312018,22.57339656074884,25.687229633257832,1.0703012347190763,1.3581934565738805,0.9217148028320232,2.4394066873251905,1.421951823992752,3.907764519883222,True
lambda1_start_expansion48_s340_cont120000,late_0p22_0p32,True,0.9517372945900892,22.841695070162142,25.915966770738795,1.079831948780783,1.3536387437669584,0.8764992071699808,2.4062651654653435,1.4188510471872455,3.91054192032523,True
lambda1_start_expansion48_s341_cont120000,early_0p18_0p28,True,0.9182532303080233,22.03807752739256,25.1183479803326,1.0465978325138583,1.3565215261344021,0.9630061366182909,2.4648467590026635,1.4315883837126746,3.901799206698159,True
lambda1_start_expansion48_s341_cont120000,central_0p20_0p30,True,0.942901919230632,22.629646061535166,25.71944611824447,1.0716435882601862,1.3502791858596124,0.9324324841728188,2.4284384321007426,1.4253283578344245,3.901187099756363,True
lambda1_start_expansion48_s341_cont120000,late_0p22_0p32,True,0.9520261974649539,22.84862873915889,25.910763107910334,1.079615129496264,1.3472357784990185,0.8960617168253597,2.3745024985313226,1.423459277740575,3.9051666139015766,True
lambda1_start_expansion48_s342_cont120000,early_0p18_0p28,True,0.9153296532830769,21.967911678793847,25.06334337029748,1.044305973762395,1.3614836686579463,0.9612763721100934,2.4676998638252883,1.4306556187209414,3.9064368162003267,True
lambda1_start_expansion48_s342_cont120000,central_0p20_0p30,True,0.9401015255271243,22.562436612650984,25.664387698367,1.0693494874319585,1.355059144249909,0.9269175559329009,2.435418656657881,1.4233273886731093,3.9067715929764364,True
lambda1_start_expansion48_s342_cont120000,late_0p22_0p32,True,0.950572126810501,22.81373104345203,25.880339010731646,1.0783474587804853,1.3511633903107354,0.8849190414239984,2.3940828166088037,1.4206236893189093,3.9101333199844546,True
lambda1_start_expansion48_s343_cont120000,early_0p18_0p28,True,0.9151541790415552,21.963700296997327,25.05658754116493,1.0440244808818722,1.3601624308353324,0.9602656002726321,2.4677714062435143,1.4303277556459113,3.905979019100598,True
lambda1_start_expansion48_s343_cont120000,central_0p20_0p30,True,0.9398634906359287,22.556723775262288,25.65740411816395,1.069058504923498,1.3534775684470641,0.9257776888835263,2.4355947420097532,1.4229569901275547,3.9061945256621957,True
lambda1_start_expansion48_s343_cont120000,late_0p22_0p32,True,0.9502041337739623,22.804899210575094,25.872368316691986,1.0780153465288327,1.349533755472546,0.8843337815311002,2.3935755324376915,1.4204205970450503,3.9095912001340247,True
lambda1_start_expansion48_s344_cont120000,early_0p18_0p28,True,0.9191403804518886,22.05936913084533,25.15007744375111,1.0479198934896294,1.3598861311379127,0.9614934515842961,2.464368980382985,1.4313296354659788,3.901830791242367,True
lambda1_start_expansion48_s344_cont120000,central_0p20_0p30,True,0.9441378396951136,22.65930815268273,25.75809015330163,1.073253756387568,1.3532452379257136,0.9296832376348605,2.430014481502548,1.4248049398890668,3.900977460060713,True
lambda1_start_expansion48_s344_cont120000,late_0p22_0p32,True,0.9536164921824182,22.886795812378043,25.954131279047477,1.0814221366269783,1.349849381479933,0.8913320348599821,2.380882855651807,1.422636641285024,3.9045342392138522,True
lambda1_start_expansion48_s345_cont120000,early_0p18_0p28,True,0.9151783302737387,21.964279926569727,25.057181239721526,1.0440492183217303,1.3601646543018113,0.9601619041809593,2.467412293431479,1.4303199432867775,3.9052989980574364,True
lambda1_start_expansion48_s345_cont120000,central_0p20_0p30,True,0.9399969537167355,22.559926889201655,25.66123479862296,1.06921811660929,1.3533608208656291,0.9259100931461816,2.43440811219421,1.423010822985416,3.905383959507633,True
lambda1_start_expansion48_s345_cont120000,late_0p22_0p32,True,0.9502925320100933,22.80702076824224,25.876691450227256,1.0781954770928024,1.3493967699158147,0.8850051146016313,2.3901556145230756,1.4205443752575448,3.908871261355875,True
lambda1_start_expansion48_s346_cont120000,early_0p18_0p28,True,0.9176947905087038,22.02467497220889,25.093885083193705,1.045578545133071,1.352146185875092,0.9613104893799842,2.4637709203615077,1.431012143821563,3.900312709189619,True
lambda1_start_expansion48_s346_cont120000,central_0p20_0p30,True,0.9417342620845361,22.601622290028867,25.68349375743059,1.0701455732262746,1.3453445267607698,0.9314925654741095,2.4251642213876674,1.424897019939509,3.899181527097013,True
lambda1_start_expansion48_s346_cont120000,late_0p22_0p32,True,0.9499618925281058,22.79908542067454,25.861381579934896,1.0775575658306207,1.3422688488309642,0.898373834475435,2.3644729218558163,1.423691112281123,3.903343933194198,True
lambda1_start_expansion48_s347_cont120000,early_0p18_0p28,True,0.9154570088406913,21.970968212176594,25.068746592345995,1.0445311080144164,1.3613877435682429,0.9590632852849462,2.4679769033974175,1.430036314054146,3.9054439317121235,True
lambda1_start_expansion48_s347_cont120000,central_0p20_0p30,True,0.9406715170990667,22.5761164103776,25.682294569190486,1.0700956070496035,1.3543400835386195,0.9237847201953894,2.4367893450829796,1.422490613831191,3.905571277107016,True
lambda1_start_expansion48_s347_cont120000,late_0p22_0p32,True,0.95143593879344,22.834462531042558,25.907173558018968,1.079465564917457,1.3501591902107568,0.8813208616960373,2.396181918754777,1.419817844616848,3.9089071762931242,True
lambda1_start_expansion48_s348_cont120000,early_0p18_0p28,True,0.9151780831813129,21.96427399635151,25.054002217288208,1.0439167590536753,1.3589242237362125,0.9605078370898579,2.467745656066352,1.4304070344070934,3.9045058524393528,True
lambda1_start_expansion48_s348_cont120000,central_0p20_0p30,True,0.9402117425882408,22.565081822117776,25.664709553979247,1.0693628980824685,1.3521706743989272,0.9267736320417143,2.4338936078483178,1.4232347751095136,3.9046451177496673,True
lambda1_start_expansion48_s348_cont120000,late_0p22_0p32,True,0.9505370763717181,22.812889832921236,25.88313791736774,1.0784640798903224,1.3483607693450297,0.8866215495170426,2.3867113072784183,1.4208841293474426,3.908430418378913,True
lambda1_start_expansion48_s349_cont160000,early_0p18_0p28,True,0.9179710038390793,22.03130409213789,25.120454479228144,1.0466856033011727,1.359169462206157,0.9613772802084551,2.4653689537211316,1.431101602871899,3.902148288731079,True
lambda1_start_expansion48_s349_cont160000,central_0p20_0p30,True,0.9430614547646886,22.63347491435253,25.731835210719623,1.072159800446651,1.3525019105638934,0.9293017870457826,2.4305886962999184,1.4244608541653008,3.9015724755056493,True
lambda1_start_expansion48_s349_cont160000,late_0p22_0p32,True,0.9527690579503617,22.86645739080868,25.935172468548046,1.0806321861895019,1.3490450327076478,0.8908867259029183,2.3803045416929347,1.422307852670145,3.9053309938455856,True
lambda1_start_expansion48_s350_cont120000,early_0p18_0p28,True,0.9158358235614746,21.980059765475396,25.06414821224211,1.0443395088434213,1.3570571303764658,0.9603119424985121,2.4662750624420595,1.430459323875732,3.9033925769519118,True
lambda1_start_expansion48_s350_cont120000,central_0p20_0p30,True,0.9404769966710239,22.571447920104575,25.66598870988288,1.0694161962451199,1.3501613665898853,0.927526958329808,2.4311497869375245,1.4235403655836674,3.90305916664975,True
lambda1_start_expansion48_s350_cont120000,late_0p22_0p32,True,0.950112572641273,22.802701743390557,25.870684574444198,1.0779451906018416,1.3464750719170961,0.8893964280031085,2.3804498361268536,1.4215294275771106,3.9068505979307573,True
lambda1_start_expansion96_s351_cont120000,early_0p18_0p28,True,0.9165775121996581,21.9978602927918,25.078912367005067,1.0449546819585445,1.3560012635825465,0.96068757178237,2.4658367532223417,1.4306714119091448,3.9021580528102167,True
lambda1_start_expansion96_s351_cont120000,central_0p20_0p30,True,0.9413692769945189,22.592862647868454,25.68526988135695,1.070219578389873,1.3491353612962897,0.9286815835424552,2.42996675667056,1.4239821041822793,3.9016463674394752,True
lambda1_start_expansion96_s351_cont120000,late_0p22_0p32,True,0.9508594766254035,22.820627439009687,25.88819651905544,1.0786748549606433,1.3456331408812185,0.8916177916966709,2.376568500688733,1.4221214959814088,3.9056216840158986,True
lambda1_start_expansion96_s352_cont120000,early_0p18_0p28,True,0.9166414819821981,21.999395567572755,25.085883133391896,1.0452451305579957,1.3589799919330785,0.9629965258843771,2.4658217816043186,1.4313675634423055,3.9046313930385366,True
lambda1_start_expansion96_s352_cont120000,central_0p20_0p30,True,0.9409466299682889,22.582719119238938,25.67620993816826,1.0698420807570108,1.352890754718914,0.9310136243996161,2.4307607400132234,1.4246831629736083,3.9045033434962746,True
lambda1_start_expansion96_s352_cont120000,late_0p22_0p32,True,0.9504105898222096,22.80985415573303,25.871218837517326,1.0779674515632218,1.3495393974762604,0.8923169231064261,2.3825188853421913,1.4224341805647769,3.9081307791377093,True
lambda1_start_expansion96_s353_cont120000,early_0p18_0p28,True,0.9152861133071908,21.96686671937258,25.061814169925466,1.0442422570802277,1.3609584202939766,0.96056044817476,2.4678797815536293,1.430435543385717,3.905788599450426,True
lambda1_start_expansion96_s353_cont120000,central_0p20_0p30,True,0.9403067110444093,22.567361065065825,25.67003565978685,1.0695848191577855,1.3543000255286308,0.9260243276682734,2.4356428521677307,1.423065179998373,3.9060536087959554,True
lambda1_start_expansion96_s353_cont120000,late_0p22_0p32,True,0.9509105229389286,22.821852550534295,25.8908072841211,1.0787836368383792,1.3503334298839702,0.8841405540473011,2.3934362152716053,1.4204107024338017,3.909507183402558,True
lambda1_start_expansion96_s354_cont120000,early_0p18_0p28,True,0.9151877100959714,21.964505042303315,25.070060059449112,1.0445858358103797,1.3639064199455564,0.9584864963173823,2.4688107745281838,1.4298329491899215,3.906459397792102,True
lambda1_start_expansion96_s354_cont120000,central_0p20_0p30,True,0.9408057663015422,22.57933839123701,25.692317307190322,1.07051322113293,1.356749798219702,0.9218802400421909,2.4393862319170716,1.421953538307642,3.9068293342248492,True
lambda1_start_expansion96_s354_cont120000,late_0p22_0p32,True,0.9522632428824642,22.854317829179138,25.930588467825537,1.0804411861593974,1.352253477767119,0.8771031324554959,2.403460295442939,1.4189077339324552,3.9099496481442713,True
lambda1_start_expansion96_s355_cont120000,early_0p18_0p28,True,0.9193086840273758,22.063408416657015,25.171721357460825,1.0488217232275343,1.36610485811205,0.9612916633251134,2.4661587045083446,1.4312666820635758,3.9051339003404855,True
lambda1_start_expansion96_s355_cont120000,central_0p20_0p30,True,0.9448870684199374,22.6772896420785,25.788807483332647,1.0745336451388603,1.3596950889851953,0.9266655762526327,2.437385565451885,1.4240548180131594,3.9049249455771338,True
lambda1_start_expansion96_s355_cont120000,late_0p22_0p32,True,0.9558034691389357,22.939283259334456,26.00706791263252,1.0836278296930217,1.3558185598527324,0.8823271317421733,2.403504109149048,1.4208910854541308,3.9077495198055825,True
lambda1_start_expansion96_s356_cont120000,early_0p18_0p28,True,0.9156268985895905,21.975045566150172,25.078153407428438,1.0449230586428515,1.3631994011757513,0.9585439955028735,2.4677782377040294,1.4299373652619387,3.9055512564964845,True
lambda1_start_expansion96_s356_cont120000,central_0p20_0p30,True,0.9409852674213487,22.583646418112373,25.69451110282629,1.0706046292844287,1.355989365999533,0.9227485643783321,2.437099045154279,1.4222711885288013,3.9056079569038866,True
lambda1_start_expansion96_s356_cont120000,late_0p22_0p32,True,0.9519249864659405,22.84619967518257,25.922237830390774,1.0800932429329488,1.3516231068642566,0.8794476845276283,2.397948329419517,1.4194641608446914,3.908782950287049,True
lambda1_start_expansion96_s357_cont120000,early_0p18_0p28,True,0.9143453694739327,21.944288867374386,25.033692043093613,1.0430705017955673,1.360622830687261,0.9638320841373869,2.4669876119739205,1.4312737831327755,3.9089195241276724,True
lambda1_start_expansion96_s357_cont120000,central_0p20_0p30,True,0.9377893484190362,22.506944362056867,25.599932709597134,1.0666638628998806,1.354990716422978,0.930532310051653,2.4329447977570933,1.4241490061164994,3.9095223380748685,True
lambda1_start_expansion96_s357_cont120000,late_0p22_0p32,True,0.9473931775333267,22.737436260799843,25.793306716201457,1.0747211131750607,1.3513757729729479,0.8896837175483676,2.3912147416296734,1.4215294185008587,3.9127202679606983,True
lambda1_start_expansion96_s358_cont120000,early_0p18_0p28,True,0.9143818896919322,21.945165352606363,25.035902778343164,1.0431626157642986,1.3597137453258799,0.9610707458326824,2.4680315020930634,1.4304432919215522,3.9067175931152804,True
lambda1_start_expansion96_s358_cont120000,central_0p20_0p30,True,0.9389143529535477,22.53394447088515,25.632251135974894,1.0680104639989538,1.3532376572758622,0.9267661977396925,2.435030269261784,1.4230842788316966,3.907142788229094,True
lambda1_start_expansion96_s358_cont120000,late_0p22_0p32,True,0.9492349774326415,22.781639458383395,25.84709824200673,1.0769624267502804,1.3493345580987177,0.8855141551634576,2.391999423599622,1.4205342059641852,3.91062088592122,True
lambda1_start_expansion96_s359_cont120000,early_0p18_0p28,True,0.913581288642464,21.925950927419137,25.009249764342766,1.042052073514282,1.3577207472658437,0.9623353839012809,2.4673001101633494,1.430711061163153,3.907231154257332,True
lambda1_start_expansion96_s359_cont120000,central_0p20_0p30,True,0.9372567434581751,22.494161842996206,25.58485400795563,1.0660355836648179,1.3515572792315544,0.9292041392440128,2.4318609738942345,1.4235957155249743,3.907655526654054,True
lambda1_start_expansion96_s359_cont120000,late_0p22_0p32,True,0.9467782861987359,22.722678868769663,25.783144387623537,1.0742976828176474,1.3478782824759175,0.8900840602932317,2.384565502553686,1.421353752346603,3.911249348035162,True
lambda1_start_expansion96_s360_cont120000,early_0p18_0p28,True,0.9148042935209925,21.955303044503818,25.08162191886483,1.0450675799527012,1.370126490264291,0.9559256328078138,2.470787260018077,1.4290647813772728,3.9082235439332735,True
lambda1_start_expansion96_s360_cont120000,central_0p20_0p30,True,0.9414388854463717,22.594533250712924,25.72692662816916,1.071955276173715,1.3624171928452715,0.9158833638768897,2.4460922253639676,1.4203405943726197,3.908998445711171,True
lambda1_start_expansion96_s360_cont120000,late_0p22_0p32,True,0.9545315472266825,22.908757133440382,25.997718617281425,1.0832382757200594,1.3570575109945695,0.8656167180414371,2.421576871933587,1.4164985465262132,3.911553217490659,True
lambda1_start_expansion96_s361_cont120000,early_0p18_0p28,True,0.915655048755299,21.97572117012718,25.099010101242058,1.0457920875517523,1.3689954656978445,0.9557872814685351,2.470149949474205,1.4291402140080605,3.907143290135789,True
lambda1_start_expansion96_s361_cont120000,central_0p20_0p30,True,0.9423056688267035,22.615336051840885,25.745340844586956,1.0727225351911231,1.3612020642994198,0.9163085521209524,2.445199477263892,1.4205880364149863,3.9076523064228335,True
lambda1_start_expansion96_s361_cont120000,late_0p22_0p32,True,0.9551243385967929,22.92298412632303,26.010843808790767,1.0837851586996152,1.3559866721925755,0.8670200422182877,2.4190607921314076,1.416912347464352,3.910282481423421,True
lambda1_start_expansion96_s362_cont120000,early_0p18_0p28,True,0.9164000147893004,21.99360035494322,25.076596440785597,1.0448581850327332,1.3565772992949967,0.959870798631908,2.465597342815414,1.4304194454990462,3.9026926577215417,True
lambda1_start_expansion96_s362_cont120000,central_0p20_0p30,True,0.9409145741350028,22.581949779240066,25.675745646011467,1.0698227352504779,1.3495385821581247,0.9273868009863098,2.430225530859804,1.4235921638198503,3.902094673940693,True
lambda1_start_expansion96_s362_cont120000,late_0p22_0p32,True,0.9502379024986976,22.80570965996874,25.874018196228853,1.0780840915095355,1.3458854689655366,0.8900384412732095,2.3784288170039867,1.4217392619420255,3.9058540709134952,True
lambda1_start_expansion96_s363_cont120000,early_0p18_0p28,True,0.9162906857423604,21.990976457816643,25.083601285539963,1.0451500535641651,1.359648329143935,0.959656929167167,2.4671989014344606,1.430330354397343,3.9033593822247323,True
lambda1_start_expansion96_s363_cont120000,central_0p20_0p30,True,0.9416732466005472,22.600157918413135,25.702944734185774,1.070956030591074,1.352615743250124,0.9257781827703712,2.434095057134956,1.4231712492605344,3.9031895263297582,True
lambda1_start_expansion96_s363_cont120000,late_0p22_0p32,True,0.952085224173748,22.85004538016995,25.92314774529703,1.080131156054043,1.3487381739522002,0.885420967852263,2.3875320756456357,1.4208044836046376,3.9068935392183044,True
lambda1_start_expansion96_s364_cont120000,early_0p18_0p28,True,0.915919687085084,21.982072490042018,25.07855962689041,1.044939984453767,1.360961468553429,0.9589295686323736,2.467215543200715,1.430078170693453,3.904588119548413,True
lambda1_start_expansion96_s364_cont120000,central_0p20_0p30,True,0.9410389930526453,22.584935833263483,25.690267962656986,1.0704278317773743,1.3538129196815838,0.924177304311448,2.435218358983009,1.4226774797247927,3.9044550899734363,True
lambda1_start_expansion96_s364_cont120000,late_0p22_0p32,True,0.9514778073040576,22.835467375297384,25.908874863198278,1.0795364526332616,1.3497014489426888,0.8827395874780823,2.3922651134484494,1.4201783360965328,3.907834473469594,True
lambda1_start_expansion96_s365_cont120000,early_0p18_0p28,True,0.9162991779920757,21.991180271809817,25.078582460628787,1.0449409358595327,1.3585857804734505,0.9616337193966398,2.4667685037667826,1.4308985232637819,3.904012221763316,True
lambda1_start_expansion96_s365_cont120000,central_0p20_0p30,True,0.9411216968481608,22.58692072435586,25.68323008401507,1.0701345868339611,1.3521196249089722,0.9289034604617843,2.4324552344521737,1.4240201862648691,3.903949062288163,True
lambda1_start_expansion96_s365_cont120000,late_0p22_0p32,True,0.9510471243158783,22.825130983581072,25.891097159660546,1.078795714985856,1.348588353332211,0.889645875022597,2.38437676196131,1.4217566066533638,3.907715739830474,True
lambda1_start_expansion96_s366_cont120000,early_0p18_0p28,True,0.9159055977616187,21.981734346278852,25.0859188727796,1.0452466196991501,1.3646783395905677,0.9613557783118537,2.4679377762667554,1.4307725794990152,3.907364681631374,True
lambda1_start_expansion96_s366_cont120000,central_0p20_0p30,True,0.9409536171739873,22.582886812175694,25.69137430236769,1.0704739292653205,1.3583535033943896,0.9261129273989944,2.4375852413823402,1.423254029207799,3.907831364386609,True
lambda1_start_expansion96_s366_cont120000,late_0p22_0p32,True,0.9519222349795955,22.84613363951029,25.914049781106314,1.079752074212763,1.354292662032688,0.8818676507171791,2.4016509444429803,1.4201567806494662,3.9108779232270403,True
lambda1_start_expansion96_s367_cont120000,early_0p18_0p28,True,0.9148175016862309,21.955620040469537,25.049872459671814,1.0437446858196588,1.3606633858204995,0.9601853396951883,2.4681123021502764,1.4302486603920164,3.9069515323833897,True
lambda1_start_expansion96_s367_cont120000,central_0p20_0p30,True,0.9393897269943565,22.545353447864557,25.64656587134558,1.0686069113060659,1.3540335627446736,0.9252039417795035,2.4367064973797055,1.4227378951153085,3.907314621226859,True
lambda1_start_expansion96_s367_cont120000,late_0p22_0p32,True,0.9498282307719795,22.79587753852751,25.86220610915028,1.077591921214595,1.3500014988875857,0.8829740035265801,2.397211806145152,1.4200864311902053,3.910560384995649,True
lambda1_start_expansion96_s368_cont120000,early_0p18_0p28,True,0.9189404486598932,22.054570767837433,25.145441609386484,1.047726733724437,1.360011926601312,0.9616014479287971,2.4644703504401013,1.4313299622319162,3.902155601303553,True
lambda1_start_expansion96_s368_cont120000,central_0p20_0p30,True,0.9438601738402346,22.65264417216563,25.751296285396307,1.0729706785581794,1.3534210885824889,0.9297217896365835,2.4301793870618744,1.424777662205896,3.9013615588690493,True
lambda1_start_expansion96_s368_cont120000,late_0p22_0p32,True,0.9533384527148971,22.880122865157528,25.946911803265092,1.0811213251360454,1.3500176420836236,0.891226352215548,2.3815118056442195,1.4225845610555237,3.9048911278401692,True
lambda1_start_expansion96_s369_cont120000,early_0p18_0p28,True,0.915222657574397,21.965343781785528,25.05562462149809,1.0439843592290872,1.359493402908792,0.9609229432145858,2.4672889391559174,1.4305407397059284,3.9052943732537475,True
lambda1_start_expansion96_s369_cont120000,central_0p20_0p30,True,0.9398895390278518,22.557348936668443,25.655925497523626,1.068996895730151,1.3528933941077015,0.9272110719032073,2.4336571496792554,1.4233664618858883,3.905412941476946,True
lambda1_start_expansion96_s369_cont120000,late_0p22_0p32,True,0.9500028217897327,22.80006772295359,25.867319401279847,1.077804975053327,1.3490881149166922,0.8869041312032548,2.388165368162453,1.4209676718369055,3.9089878158849567,True
lambda1_start_expansion96_s370_cont120000,early_0p18_0p28,True,0.9180389675285067,22.03293522068416,25.102848999071817,1.0459520416279924,1.352308333413054,0.9609804304892903,2.4633835003184132,1.4309780228441678,3.899786791939077,True
lambda1_start_expansion96_s370_cont120000,central_0p20_0p30,True,0.9421678345769801,22.612028029847526,25.694933020330733,1.0706222091804471,1.3453678735720458,0.9312291006824871,2.424546380755083,1.4248944104913046,3.8984995387842987,True
lambda1_start_expansion96_s370_cont120000,late_0p22_0p32,True,0.9503507279392075,22.80841747054098,25.872431268884597,1.0780179695368581,1.3422573323761793,0.8983542534413316,2.3629424745089462,1.4237325563402161,3.9026599864443594,True
lambda1_start_expansion96_s371_cont120000,early_0p18_0p28,True,0.9156080530186316,21.974593272447155,25.068999659730586,1.0445416524887745,1.3601532469868345,0.9590526540197543,2.467659929660882,1.4300552964630562,3.9047312634571454,True
lambda1_start_expansion96_s371_cont120000,central_0p20_0p30,True,0.9407722095008294,22.578533028019905,25.682244474934265,1.0700935197889276,1.3530585927319967,0.9242730050384083,2.4357063708985836,1.422639878308704,3.9047244553030325,True
lambda1_start_expansion96_s371_cont120000,late_0p22_0p32,True,0.9513099078128965,22.831437787509515,25.903724075040433,1.0793218364600181,1.3489770938384933,0.8828235645805043,2.3927010839040537,1.4201378288695035,3.908190186496369,True
lambda1_start_expansion96_s372_cont120000,early_0p18_0p28,True,0.9151718464126036,21.964124313902484,25.053234006751442,1.04388475028131,1.3587159610852824,0.9605417064451719,2.4676987094847957,1.4304159763539401,3.904437351345454,True
lambda1_start_expansion96_s372_cont120000,central_0p20_0p30,True,0.9401789501143081,22.5642948027434,25.663407924262096,1.0693086635109206,1.3519665899815196,0.92689587304083,2.4337046138289673,1.4232652300835946,3.9045626370644,True
lambda1_start_expansion96_s372_cont120000,late_0p22_0p32,True,0.9504611389611651,22.81106733506796,25.881103688727038,1.0783793203636265,1.348174752279326,0.8869139473028732,2.3861485069988664,1.4209423821316631,3.9083667275070906,True
lambda1_start_expansion96_s373_cont120000,early_0p18_0p28,True,0.9169284142527859,22.006281942066863,25.08109187525325,1.0450454948022188,1.3547833276704881,0.9621942447493618,2.4637299842084475,1.431200035081262,3.9025183426060788,True
lambda1_start_expansion96_s373_cont120000,central_0p20_0p30,True,0.9405219408499107,22.572526580397856,25.656984938199386,1.0690410390916412,1.348287404468272,0.9318416590516697,2.425435659536731,1.4249144752155172,3.9016540748662223,True
lambda1_start_expansion96_s373_cont120000,late_0p22_0p32,True,0.9487487770095626,22.769970648229506,25.83049930192996,1.0762708042470817,1.3450871343200441,0.8973388020981632,2.3682947857105066,1.4234188989021332,3.9054912637245267,True
lambda1_start_expansion96_s374_cont120000,early_0p18_0p28,True,0.9156653783644888,21.97596908074773,25.064441026079525,1.0443517094199801,1.358514066702186,0.9602234534529849,2.4670015159741125,1.4304004817122087,3.9041208927827786,True
lambda1_start_expansion96_s374_cont120000,central_0p20_0p30,True,0.9405244855271316,22.57258765265116,25.670797203763993,1.069616550156833,1.3516619931957947,0.926725879756443,2.433069388805948,1.4233007662454802,3.904011708372408,True
lambda1_start_expansion96_s374_cont120000,late_0p22_0p32,True,0.9505649204141223,22.813558089938937,25.882744399169823,1.0784476832987426,1.3478681682576368,0.8871499177228884,2.385511364300065,1.4210567515261179,3.9077046694150406,True
lambda1_start_expansion96_s375_cont120000,early_0p18_0p28,True,0.9157456938402122,21.977896652165093,25.07215609542455,1.0446731706426895,1.360342945377865,0.9593566061813971,2.467159581605764,1.4301721050416387,3.9046443371272104,True
lambda1_start_expansion96_s375_cont120000,central_0p20_0p30,True,0.9407910696236116,22.57898567096668,25.682097797966563,1.0700874082486067,1.3532905432977587,0.9248661885308818,2.4346965443016177,1.4228293077371783,3.904540501137322,True
lambda1_start_expansion96_s375_cont120000,late_0p22_0p32,True,0.9511648462624399,22.82795631029855,25.899640179914936,1.0791516741631224,1.3492383629280706,0.883786210074452,2.3908618467949974,1.4203588879547848,3.9079779106629635,True
lambda1_start_expansion96_s376_cont120000,early_0p18_0p28,True,0.9166772087470729,22.00025300992975,25.087261782342626,1.045302574264276,1.3591924257834282,0.9630408376285828,2.4658340038852544,1.431383113577506,3.904738333124898,True
lambda1_start_expansion96_s376_cont120000,central_0p20_0p30,True,0.9409847028902889,22.58363286936693,25.677433096084535,1.069893045670189,1.3531231372034478,0.931008117124946,2.4309088508051193,1.4246867894088078,3.904623841770053,True
lambda1_start_expansion96_s376_cont120000,late_0p22_0p32,True,0.9504708184174726,22.811299642019343,25.872534567263745,1.0780222736359895,1.3497670160264021,0.8921606971223538,2.383094960742101,1.4224101183589726,3.9082248752597653,True
lambda1_start_expansion96_s377_cont120000,early_0p18_0p28,True,0.9159904666357979,21.983771199259145,25.06578062301124,1.0444075259588017,1.3568591288271479,0.9618711432492025,2.466171669831215,1.4309242619787688,3.903710547062714,True
lambda1_start_expansion96_s377_cont120000,central_0p20_0p30,True,0.9404307103377304,22.570337048105525,25.661954489687414,1.0692481037369757,1.3503944870819717,0.9298581524350478,2.430299980887509,1.4242019650989979,3.903508838865406,True
lambda1_start_expansion96_s377_cont120000,late_0p22_0p32,True,0.9498834872035076,22.79720369288418,25.861399573806736,1.0775583155752806,1.3469598160267446,0.8922067715696135,2.378661668473387,1.4222009225512728,3.907389502336222,True
lambda1_start_expansion96_s378_cont120000,early_0p18_0p28,True,0.9154152919403398,21.969967006568158,25.069555474617932,1.0445648114424138,1.3617878228877751,0.9586785773277854,2.4682727947281085,1.4299241687182982,3.9051419008587187,True
lambda1_start_expansion96_s378_cont120000,central_0p20_0p30,True,0.9408930912167439,22.581434189201854,25.690048340146383,1.0704186808394327,1.3546136754340459,0.9231331240152921,2.437236475117722,1.4223164653156979,3.905296093633901,True
lambda1_start_expansion96_s378_cont120000,late_0p22_0p32,True,0.9518741366735773,22.84497928016586,25.920577822411577,1.0800240759338158,1.350356212560175,0.8803447519897716,2.3965312221359256,1.419603032057655,3.9086887724767,True
lambda1_start_expansion96_s379_cont120000,early_0p18_0p28,True,0.9191438213610744,22.059451712665787,25.166345631735027,1.0485977346556261,1.3656812705725445,0.9613827830635868,2.4661094432390183,1.4312656846191314,3.905423110231512,True
lambda1_start_expansion96_s379_cont120000,central_0p20_0p30,True,0.9445475231391885,22.669140555340526,25.779065594220928,1.0741277330925387,1.3593153893227374,0.9268135706507982,2.437246864333599,1.4240576671832323,3.9052299506154036,True
lambda1_start_expansion96_s379_cont120000,late_0p22_0p32,True,0.9553500105128702,22.928400252308883,25.99465366591361,1.0831105694130672,1.3554554179465237,0.8826457465764188,2.4034250519911087,1.420923854090932,3.9080290409780387,True
lambda1_start_expansion96_s380_cont120000,early_0p18_0p28,True,0.9156787585310311,21.976290204744746,25.065200670674535,1.0443833612781057,1.3584481000277473,0.95973843908489,2.4670056445931743,1.4302704422904686,3.9036676575441103,True
lambda1_start_expansion96_s380_cont120000,central_0p20_0p30,True,0.940675164436494,22.576203946475857,25.67558615104449,1.0698160896268538,1.3514318035242439,0.9261347521642819,2.4329472201553397,1.4231472712425026,3.9034939075549597,True
lambda1_start_expansion96_s380_cont120000,late_0p22_0p32,True,0.950762771948629,22.818306526767092,25.88977813642211,1.0787407556842545,1.3475759436765613,0.8866705437975446,2.3846041829411466,1.4209390600391725,3.9072362601168633,True
lambda1_start_expansion96_s381_cont120000,early_0p18_0p28,True,0.9143745329563657,21.944988790952777,25.03353385216707,1.0430639105069612,1.3603211395073855,0.9638644974464853,2.466896480172791,1.4312885984815715,3.9087260594330324,True
lambda1_start_expansion96_s381_cont120000,central_0p20_0p30,True,0.9378034128554381,22.50728190853051,25.59964886034578,1.066652035847741,1.3546819250013435,0.9307171990877875,2.4325983913606537,1.4242030408944975,3.9092948202008855,True
lambda1_start_expansion96_s381_cont120000,late_0p22_0p32,True,0.9473427867647283,22.736226882353474,25.79204733374949,1.0746686389062288,1.3510965288629744,0.8901582938178573,2.390131144528177,1.421630052646521,3.912532840505983,True
lambda1_start_expansion96_s382_cont120000,early_0p18_0p28,True,0.9145130689867779,21.948313655682668,25.04254630341064,1.0434394293087765,1.360691749281013,0.9604463155302732,2.468247591633002,1.4302897919971211,3.9066316368967673,True
lambda1_start_expansion96_s382_cont120000,central_0p20_0p30,True,0.9393066821397223,22.543360371353334,25.645213760185573,1.0685505733410656,1.3540516076216036,0.9256067831810101,2.436021630784041,1.4228088495377178,3.9070498793399535,True
lambda1_start_expansion96_s382_cont120000,late_0p22_0p32,True,0.9498974658156366,22.797539179575274,25.865775874114213,1.0777406614214255,1.3500109812945862,0.8835542513309365,2.394478689256683,1.4201491045296644,3.9104585500019,True
lambda1_start_expansion96_s383_cont120000,early_0p18_0p28,True,0.9134663654629893,21.923192771111747,25.00660328471658,1.0419418035298575,1.3576939574075044,0.9621862758240678,2.467406491162644,1.4306517895411457,3.9072813964202417,True
lambda1_start_expansion96_s383_cont120000,central_0p20_0p30,True,0.9371605164340812,22.491852394417943,25.582777744459563,1.0659490726858152,1.3514951087498999,0.9289381234206706,2.4320574763334233,1.4235035922963402,3.9077237549374235,True
lambda1_start_expansion96_s383_cont120000,late_0p22_0p32,True,0.9467237225884523,22.721369342122863,25.782181841504542,1.0742575767293558,1.3477856824901955,0.8897258754508146,2.3849312841864005,1.4212548819690487,3.9113155132107145,True
lambda1_start_expansion96_s384_cont120000,early_0p18_0p28,True,0.915267049464569,21.966409187149655,25.08000453846435,1.0450001891026812,1.365933794376447,0.9568736538573822,2.469655764970714,1.429396184400334,3.9060299865418484,True
lambda1_start_expansion96_s384_cont120000,central_0p20_0p30,True,0.9416567675592468,22.59976242142192,25.72175613887313,1.0717398391197137,1.3583279145561853,0.9189442327966444,2.441905930406806,1.4212107182832376,3.906443245187038,True
lambda1_start_expansion96_s384_cont120000,late_0p22_0p32,True,0.9538840192339032,22.893216461613676,25.977780083560383,1.0824075034816827,1.3534799939794873,0.8722958278920824,2.4087482062327656,1.4179134206126336,3.909505520225585,True
lambda1_start_expansion96_s385_cont120000,early_0p18_0p28,True,0.9158791474837619,21.981099539610284,25.102627398799342,1.045942808283306,1.368425336962392,0.9559482725135521,2.4698893474820816,1.4292160812208559,3.906592349884072,True
lambda1_start_expansion96_s385_cont120000,central_0p20_0p30,True,0.9425295531238301,22.62070927497193,25.7493607660284,1.07289003191785,1.3606407568924832,0.9168837532581234,2.44441039775675,1.4207740781824825,3.907008502572701,True
lambda1_start_expansion96_s385_cont120000,late_0p22_0p32,True,0.9551949747566626,22.9246793941599,26.012168194275734,1.0838403414281557,1.3555265591498462,0.8682437761816023,2.416653796859381,1.4171957117559673,3.9097333360764357,True
lambda1_start_expansion96_s386_cont120000,early_0p18_0p28,True,0.9164992925248673,21.995983020596817,25.078845429662756,1.044951892902615,1.356554070240098,0.9599210637153157,2.465451693393564,1.4304519117113554,3.902447692775375,True
lambda1_start_expansion96_s386_cont120000,central_0p20_0p30,True,0.9410526793578015,22.58526430458723,25.6790666608881,1.0699611108703375,1.3495016253802865,0.9275733010869507,2.4298297793189225,1.4236634447888636,3.901801926071549,True
lambda1_start_expansion96_s386_cont120000,late_0p22_0p32,True,0.9503555916796008,22.808534200310426,25.877226559469307,1.078217773311221,1.3458635744371241,0.8904195131575904,2.377325326412331,1.4218332565700846,3.905591384932974,True
lambda1_start_expansion96_s387_cont120000,early_0p18_0p28,True,0.9160919057742545,21.986205738582107,25.07412009281282,1.0447550038672009,1.358130117905748,0.9600396872745327,2.4668954945486647,1.430411057952793,3.9031126107776717,True
lambda1_start_expansion96_s387_cont120000,central_0p20_0p30,True,0.9412160586940942,22.58918540865826,25.687857070961382,1.0703273779567242,1.351169357480341,0.9267909983689876,2.432648270468486,1.4233968900698195,3.9028869115941105,True
lambda1_start_expansion96_s387_cont120000,late_0p22_0p32,True,0.9512982913851514,22.83115899324364,25.90225900733695,1.079260791972373,1.3474187409721377,0.8876549007183644,2.3833988141129563,1.421224032129912,3.90671943618862,True
lambda1_start_expansion96_s388_cont120000,early_0p18_0p28,True,0.9164001691270135,21.993604059048327,25.08895603023864,1.04537316792661,1.3607627699712062,0.9592899235328133,2.4666083802183634,1.430261022735434,3.9041912770876923,True
lambda1_start_expansion96_s388_cont120000,central_0p20_0p30,True,0.9414065338741343,22.59375681297922,25.697709619499282,1.07073790081247,1.3536785825048512,0.9250450011790695,2.434100469911915,1.4230040940106854,3.903907820424547,True
lambda1_start_expansion96_s388_cont120000,late_0p22_0p32,True,0.9516014225202709,22.8384341404865,25.910657829552257,1.0796107428980106,1.3496740820972193,0.8842424680929625,2.38995379960946,1.420585748320113,3.9072935279309724,True
lambda1_start_expansion96_s389_cont120000,early_0p18_0p28,True,0.91663163178224,21.999159162773765,25.091291232103895,1.045470468004329,1.360302473938395,0.9614115136363923,2.466691233958607,1.4308913420527014,3.9046216207731472,True
lambda1_start_expansion96_s389_cont120000,central_0p20_0p30,True,0.9414986067315493,22.595966561557184,25.69557472474348,1.0706489468643117,1.3538243833877697,0.9280949327867413,2.4336104603917885,1.4238801233835099,3.9045606900687972,True
lambda1_start_expansion96_s389_cont120000,late_0p22_0p32,True,0.9516026375587806,22.838463301410734,25.904706992945464,1.0793627913727277,1.3501667055230286,0.8876283376826202,2.389006773820618,1.4214163638571746,3.9080732933479365,True
lambda1_start_expansion96_s390_cont120000,early_0p18_0p28,True,0.9157817501728601,21.978762004148646,25.07760260642064,1.04490010860086,1.3626408948739965,0.961161698342945,2.4676711394776727,1.4306952380741873,3.9063126718609356,True
lambda1_start_expansion96_s390_cont120000,central_0p20_0p30,True,0.9407548806650068,22.578117135960163,25.683051585783996,1.0701271494076665,1.356188033310554,0.9265866329658723,2.4359738517779723,1.4233355336376516,3.906619022354145,True
lambda1_start_expansion96_s390_cont120000,late_0p22_0p32,True,0.9513957153315683,22.833497167957642,25.90170924656939,1.0792378852737246,1.3522498071716813,0.8839621139072901,2.3958934372325507,1.420525643094455,3.909910698054519,True
lambda1_start_expansion96_s391_cont120000,early_0p18_0p28,True,0.9143657162636853,21.94477719032845,25.0511638967591,1.0437984956982957,1.3645926783018023,0.9591607378523256,2.469337267615813,1.4298933778010117,3.908721599642416,True
lambda1_start_expansion96_s391_cont120000,central_0p20_0p30,True,0.9394266177967792,22.546238827122703,25.657850053649703,1.0690770855687377,1.357793995910274,0.9220787797533483,2.440788763338433,1.4218512813646655,3.909441972132915,True
lambda1_start_expansion96_s391_cont120000,late_0p22_0p32,True,0.9508603063208824,22.82064735170118,25.89210323218713,1.0788376346744637,1.3532621467253885,0.8762861520492073,2.4090060497280783,1.4186451944566376,3.912287643894226,True
lambda1_start_expansion96_s392_cont120000,early_0p18_0p28,True,0.9184447779296591,22.04267467031182,25.146629336460723,1.0477762223525302,1.3643957821515549,0.9605720922891308,2.4656418758752596,1.430965452158552,3.904176786948325,True
lambda1_start_expansion96_s392_cont120000,central_0p20_0p30,True,0.9437148420138054,22.649156208331334,25.758482012214486,1.0732700838422702,1.3576694229473667,0.9265319325131394,2.4344397560181292,1.423855051098949,3.903746561356596,True
lambda1_start_expansion96_s392_cont120000,late_0p22_0p32,True,0.9540790155238192,22.89789637257166,25.96904382953822,1.0820434928974259,1.353784014452636,0.8842802645650848,2.394269706516985,1.4210836323533205,3.9068203657681075,True
lambda1_start_expansion96_s393_cont120000,early_0p18_0p28,True,0.9153347499054663,21.968033997731194,25.05154372784867,1.0438143219936946,1.3573653762409812,0.9615813776946147,2.4665347492279026,1.430743664554003,3.904514423030013,True
lambda1_start_expansion96_s393_cont120000,central_0p20_0p30,True,0.9396554521902459,22.5517308525659,25.64438207024075,1.0685159195933644,1.3508702074905024,0.92903692050724,2.431103144172255,1.4238566619331892,3.9044450030176265,True
lambda1_start_expansion96_s393_cont120000,late_0p22_0p32,True,0.9492033167746811,22.780879602592346,25.845337321006582,1.076889055041941,1.34730424835972,0.8907783835929767,2.381149363045097,1.4217754711679758,3.908217186245592,True
lambda1_start_expansion96_s394_cont120000,early_0p18_0p28,True,0.91767853672523,22.024284881405517,25.094004836383352,1.0455835348493063,1.352370570884819,0.9612210659391202,2.463628726189647,1.430986875172337,3.900529608151989,True
lambda1_start_expansion96_s394_cont120000,central_0p20_0p30,True,0.9416206561244996,22.598895746987985,25.68093492433012,1.0700389551804217,1.3455523087257415,0.9313181105173186,2.4251042812850723,1.4248461074732568,3.8993735879017746,True
lambda1_start_expansion96_s394_cont120000,late_0p22_0p32,True,0.9497847095619839,22.79483302948762,25.856905322808256,1.0773710551170106,1.3424457830378311,0.8981226870297279,2.364863876553642,1.423631845217973,3.9034657007237787,True
lambda1_start_expansion96_s395_cont120000,early_0p18_0p28,True,0.9154730444063081,21.971353065751394,25.06791257789431,1.044496357412263,1.3610205631558487,0.9592319837829155,2.4678482141625913,1.4300878025229269,3.905272692261876,True
lambda1_start_expansion96_s395_cont120000,central_0p20_0p30,True,0.9406400026512539,22.575360063630093,25.6804771966102,1.0700198831920917,1.3540026975752724,0.9241916247534604,2.4362869795910163,1.422601266518597,3.905370907403881,True
lambda1_start_expansion96_s395_cont120000,late_0p22_0p32,True,0.9513089307419035,22.831414337805683,25.903632335356043,1.0793180139731684,1.3498740532080815,0.8821074972703153,2.394756821771485,1.4199826073663435,3.908754569205177,True
lambda1_start_expansion96_s396_cont120000,early_0p18_0p28,True,0.9153010147596675,21.967224354232016,25.05501322386825,1.0439588843278438,1.3582996855860214,0.960660019997717,2.4674756647638127,1.4304694482571063,3.9041789615537947,True
lambda1_start_expansion96_s396_cont120000,central_0p20_0p30,True,0.9402597791568011,22.566234699763225,25.664207359658665,1.069341973319111,1.351560722343826,0.9272785121121536,2.4331210568366446,1.4233886518822199,3.904239617365628,True
lambda1_start_expansion96_s396_cont120000,late_0p22_0p32,True,0.9504235882766752,22.8101661186402,25.879701707620487,1.078320904484187,1.3478208747424052,0.8877383227881864,2.3845953471933647,1.4211326491399343,3.9080828508985928,True
lambda1_start_expansion96_s397_cont120000,early_0p18_0p28,True,0.9166758048496056,22.000219316390538,25.07348864419316,1.0447286935080482,1.3544952364614133,0.9628156735122166,2.4637948881917406,1.4313339017711069,3.9031174381244877,True
lambda1_start_expansion96_s397_cont120000,central_0p20_0p30,True,0.9400111109009993,22.560266661623984,25.642529461231305,1.0684387275513043,1.3482114690061127,0.9326553374345576,2.4254023245341547,1.4250810848807036,3.902360954180374,True
lambda1_start_expansion96_s397_cont120000,late_0p22_0p32,True,0.9481050464230165,22.754521114152396,25.812137895043705,1.075505745626821,1.3450978369525441,0.898252784094032,2.368732352992315,1.4235844356452134,3.906172688580448,True
lambda1_start_expansion96_s398_cont120000,early_0p18_0p28,True,0.9148076519449662,21.955383646679188,25.04846334458513,1.043685972691047,1.3600964948154504,0.95991452693621,2.467898422633577,1.4301836173313422,3.905941885627942,True
lambda1_start_expansion96_s398_cont120000,central_0p20_0p30,True,0.9396385423368688,22.551325016084856,25.652705574875995,1.0688627322864999,1.353277577836774,0.9251883660964271,2.4355591587649745,1.4227435336763519,3.9061685665724144,True
lambda1_start_expansion96_s398_cont120000,late_0p22_0p32,True,0.9501134262780998,22.80272223067439,25.87175386187602,1.077989744244834,1.3492283335037276,0.8836266241679098,2.3930267575863367,1.4201871474967398,3.9095973167718103,True
